{
	"generator_info": "Shape definitions generated with PhysicsEditor. Visit https://www.codeandweb.com/physicseditor",
	"stand_down_000": {
		"type": "fromPhysicsEditor",
		"label": "stand_down_000",
		"isStatic": false,
		"density": 0.1,
		"restitution": 0,
		"friction": 0.1,
		"frictionAir": 0.01,
		"frictionStatic": 0.5,
		"collisionFilter": {
			"group": 0,
			"category": 1,
			"mask": 255
		},
		"fixtures": [
			{
				"label": "",
				"isSensor": false,
				"vertices": [
					[ { "x":4, "y":32 }, { "x":10, "y":32 }, { "x":34, "y":28 }, { "x":41, "y":19 }, { "x":41, "y":17 }, { "x":8, "y":17 }, { "x":2, "y":22 } ],
					[ { "x":18, "y":38 }, { "x":21, "y":38 }, { "x":34, "y":28 }, { "x":16, "y":35 } ],
					[ { "x":16, "y":35 }, { "x":34, "y":28 }, { "x":10, "y":32 } ],
					[ { "x":36, "y":28 }, { "x":41, "y":19 }, { "x":34, "y":28 } ]
				]
			}
		]
	},
	"stand_left_000": {
		"type": "fromPhysicsEditor",
		"label": "stand_left_000",
		"isStatic": false,
		"density": 0.10000000149011612,
		"restitution": 0,
		"friction": 0.10000000149011612,
		"frictionAir": 0.009999999776482582,
		"frictionStatic": 0.5,
		"collisionFilter": {
			"group": 0,
			"category": 1,
			"mask": 255
		},
		"fixtures": [
			{
				"label": "",
				"isSensor": false,
				"vertices": [
					[ { "x":4, "y":32 }, { "x":10, "y":32 }, { "x":34, "y":28 }, { "x":41, "y":19 }, { "x":41, "y":17 }, { "x":8, "y":17 }, { "x":2, "y":22 } ],
					[ { "x":18, "y":38 }, { "x":21, "y":38 }, { "x":34, "y":28 }, { "x":16, "y":35 } ],
					[ { "x":16, "y":35 }, { "x":34, "y":28 }, { "x":10, "y":32 } ],
					[ { "x":36, "y":28 }, { "x":41, "y":19 }, { "x":34, "y":28 } ]
				]
			}
		]
	},
	"stand_right_000": {
		"type": "fromPhysicsEditor",
		"label": "stand_right_000",
		"isStatic": false,
		"density": 0.10000000149011612,
		"restitution": 0,
		"friction": 0.10000000149011612,
		"frictionAir": 0.009999999776482582,
		"frictionStatic": 0.5,
		"collisionFilter": {
			"group": 0,
			"category": 1,
			"mask": 255
		},
		"fixtures": [
			{
				"label": "",
				"isSensor": false,
				"vertices": [
					[ { "x":4, "y":32 }, { "x":10, "y":32 }, { "x":34, "y":28 }, { "x":41, "y":19 }, { "x":41, "y":17 }, { "x":8, "y":17 }, { "x":2, "y":22 } ],
					[ { "x":18, "y":38 }, { "x":21, "y":38 }, { "x":34, "y":28 }, { "x":16, "y":35 } ],
					[ { "x":16, "y":35 }, { "x":34, "y":28 }, { "x":10, "y":32 } ],
					[ { "x":36, "y":28 }, { "x":41, "y":19 }, { "x":34, "y":28 } ]
				]
			}
		]
	},
	"stand_up_000": {
		"type": "fromPhysicsEditor",
		"label": "stand_up_000",
		"isStatic": false,
		"density": 0.10000000149011612,
		"restitution": 0,
		"friction": 0.10000000149011612,
		"frictionAir": 0.009999999776482582,
		"frictionStatic": 0.5,
		"collisionFilter": {
			"group": 0,
			"category": 1,
			"mask": 255
		},
		"fixtures": [
			{
				"label": "",
				"isSensor": false,
				"vertices": [
					[ { "x":4, "y":32 }, { "x":10, "y":32 }, { "x":34, "y":28 }, { "x":41, "y":19 }, { "x":41, "y":17 }, { "x":8, "y":17 }, { "x":2, "y":22 } ],
					[ { "x":18, "y":38 }, { "x":21, "y":38 }, { "x":34, "y":28 }, { "x":16, "y":35 } ],
					[ { "x":16, "y":35 }, { "x":34, "y":28 }, { "x":10, "y":32 } ],
					[ { "x":36, "y":28 }, { "x":41, "y":19 }, { "x":34, "y":28 } ]
				]
			}
		]
	}
}
