{
	"textures": [
		{
			"image": "/assets/sprites/treesBushesPlants/rocks4.png",
			"format": "RGBA8888",
			"size": {
				"w": 47,
				"h": 33
			},
			"scale": 1,
			"frames": [
				{
					"filename": "stand_down_000",
					"rotated": false,
					"trimmed": true,
					"sourceSize": {
						"w": 48,
						"h": 48
					},
					"spriteSourceSize": {
						"x": 1,
						"y": 8,
						"w": 45,
						"h": 31
					},
					"frame": {
						"x": 1,
						"y": 1,
						"w": 45,
						"h": 31
					}
				},
				{
					"filename": "stand_left_000",
					"rotated": false,
					"trimmed": true,
					"sourceSize": {
						"w": 48,
						"h": 48
					},
					"spriteSourceSize": {
						"x": 1,
						"y": 8,
						"w": 45,
						"h": 31
					},
					"frame": {
						"x": 1,
						"y": 1,
						"w": 45,
						"h": 31
					}
				},
				{
					"filename": "stand_right_000",
					"rotated": false,
					"trimmed": true,
					"sourceSize": {
						"w": 48,
						"h": 48
					},
					"spriteSourceSize": {
						"x": 1,
						"y": 8,
						"w": 45,
						"h": 31
					},
					"frame": {
						"x": 1,
						"y": 1,
						"w": 45,
						"h": 31
					}
				},
				{
					"filename": "stand_up_000",
					"rotated": false,
					"trimmed": true,
					"sourceSize": {
						"w": 48,
						"h": 48
					},
					"spriteSourceSize": {
						"x": 1,
						"y": 8,
						"w": 45,
						"h": 31
					},
					"frame": {
						"x": 1,
						"y": 1,
						"w": 45,
						"h": 31
					}
				}
			]
		}
	],
	"meta": {
		"app": "https://www.codeandweb.com/texturepacker",
		"version": "3.0",
		"smartupdate": "$TexturePacker:SmartUpdate:6ff37cdbe627160ad59e843161b1039b:31d680b88907d9e3ee746b930626f68a:3d78a54dab073c999911290983d54ed4$"
	}
}
