{
	"textures": [
		{
			"image": "/assets/sprites/treesBushesPlants/rocks20.png",
			"format": "RGBA8888",
			"size": {
				"w": 71,
				"h": 63
			},
			"scale": 1,
			"frames": [
				{
					"filename": "stand_down_000",
					"rotated": false,
					"trimmed": true,
					"sourceSize": {
						"w": 96,
						"h": 96
					},
					"spriteSourceSize": {
						"x": 13,
						"y": 17,
						"w": 69,
						"h": 61
					},
					"frame": {
						"x": 1,
						"y": 1,
						"w": 69,
						"h": 61
					}
				},
				{
					"filename": "stand_left_000",
					"rotated": false,
					"trimmed": true,
					"sourceSize": {
						"w": 96,
						"h": 96
					},
					"spriteSourceSize": {
						"x": 13,
						"y": 17,
						"w": 69,
						"h": 61
					},
					"frame": {
						"x": 1,
						"y": 1,
						"w": 69,
						"h": 61
					}
				},
				{
					"filename": "stand_right_000",
					"rotated": false,
					"trimmed": true,
					"sourceSize": {
						"w": 96,
						"h": 96
					},
					"spriteSourceSize": {
						"x": 13,
						"y": 17,
						"w": 69,
						"h": 61
					},
					"frame": {
						"x": 1,
						"y": 1,
						"w": 69,
						"h": 61
					}
				},
				{
					"filename": "stand_up_000",
					"rotated": false,
					"trimmed": true,
					"sourceSize": {
						"w": 96,
						"h": 96
					},
					"spriteSourceSize": {
						"x": 13,
						"y": 17,
						"w": 69,
						"h": 61
					},
					"frame": {
						"x": 1,
						"y": 1,
						"w": 69,
						"h": 61
					}
				}
			]
		}
	],
	"meta": {
		"app": "https://www.codeandweb.com/texturepacker",
		"version": "3.0",
		"smartupdate": "$TexturePacker:SmartUpdate:46e8be178d536ec5b53775a982cc3183:8cc5936e1f2cfaec74db4aada24db7d5:c7f725fdfe38ce6631a0b6e084d0195a$"
	}
}
