{
	"generator_info": "Shape definitions generated with PhysicsEditor. Visit https://www.codeandweb.com/physicseditor",
	"stand_down_000": {
		"type": "fromPhysicsEditor",
		"label": "stand_down_000",
		"isStatic": false,
		"density": 0.1,
		"restitution": 0,
		"friction": 0.1,
		"frictionAir": 0.01,
		"frictionStatic": 0.5,
		"collisionFilter": {
			"group": 0,
			"category": 1,
			"mask": 255
		},
		"fixtures": [
			{
				"label": "",
				"isSensor": false,
				"vertices": [
					[ { "x":7, "y":43 }, { "x":13, "y":43 }, { "x":7, "y":38 } ],
					[ { "x":4, "y":33 }, { "x":3, "y":35 }, { "x":7, "y":38 }, { "x":6, "y":33 } ],
					[ { "x":20, "y":48 }, { "x":25, "y":48 }, { "x":29, "y":46 }, { "x":41, "y":37 }, { "x":19, "y":46 } ],
					[ { "x":0, "y":23 }, { "x":7, "y":28 }, { "x":32, "y":19 }, { "x":0, "y":19 } ],
					[ { "x":7, "y":38 }, { "x":13, "y":43 }, { "x":42, "y":32 }, { "x":44, "y":29 }, { "x":39, "y":23 }, { "x":32, "y":19 }, { "x":7, "y":28 }, { "x":6, "y":33 } ],
					[ { "x":48, "y":30 }, { "x":44, "y":29 }, { "x":44, "y":30 } ],
					[ { "x":44, "y":30 }, { "x":44, "y":29 }, { "x":42, "y":32 } ],
					[ { "x":19, "y":46 }, { "x":41, "y":37 }, { "x":42, "y":32 }, { "x":13, "y":43 } ]
				]
			}
		]
	},
	"stand_right_000": {
		"type": "fromPhysicsEditor",
		"label": "stand_right_000",
		"isStatic": false,
		"density": 0.10000000149011612,
		"restitution": 0,
		"friction": 0.10000000149011612,
		"frictionAir": 0.009999999776482582,
		"frictionStatic": 0.5,
		"collisionFilter": {
			"group": 0,
			"category": 1,
			"mask": 255
		},
		"fixtures": [
			{
				"label": "",
				"isSensor": false,
				"vertices": [
					[ { "x":7, "y":43 }, { "x":13, "y":43 }, { "x":7, "y":38 } ],
					[ { "x":4, "y":33 }, { "x":3, "y":35 }, { "x":7, "y":38 }, { "x":6, "y":33 } ],
					[ { "x":20, "y":48 }, { "x":25, "y":48 }, { "x":29, "y":46 }, { "x":41, "y":37 }, { "x":19, "y":46 } ],
					[ { "x":0, "y":23 }, { "x":7, "y":28 }, { "x":32, "y":19 }, { "x":0, "y":19 } ],
					[ { "x":7, "y":38 }, { "x":13, "y":43 }, { "x":42, "y":32 }, { "x":44, "y":29 }, { "x":39, "y":23 }, { "x":32, "y":19 }, { "x":7, "y":28 }, { "x":6, "y":33 } ],
					[ { "x":48, "y":30 }, { "x":44, "y":29 }, { "x":44, "y":30 } ],
					[ { "x":44, "y":30 }, { "x":44, "y":29 }, { "x":42, "y":32 } ],
					[ { "x":19, "y":46 }, { "x":41, "y":37 }, { "x":42, "y":32 }, { "x":13, "y":43 } ]
				]
			}
		]
	},
	"stand_up_000": {
		"type": "fromPhysicsEditor",
		"label": "stand_up_000",
		"isStatic": false,
		"density": 0.10000000149011612,
		"restitution": 0,
		"friction": 0.10000000149011612,
		"frictionAir": 0.009999999776482582,
		"frictionStatic": 0.5,
		"collisionFilter": {
			"group": 0,
			"category": 1,
			"mask": 255
		},
		"fixtures": [
			{
				"label": "",
				"isSensor": false,
				"vertices": [
					[ { "x":7, "y":43 }, { "x":13, "y":43 }, { "x":7, "y":38 } ],
					[ { "x":4, "y":33 }, { "x":3, "y":35 }, { "x":7, "y":38 }, { "x":6, "y":33 } ],
					[ { "x":20, "y":48 }, { "x":25, "y":48 }, { "x":29, "y":46 }, { "x":41, "y":37 }, { "x":19, "y":46 } ],
					[ { "x":0, "y":23 }, { "x":7, "y":28 }, { "x":32, "y":19 }, { "x":0, "y":19 } ],
					[ { "x":7, "y":38 }, { "x":13, "y":43 }, { "x":42, "y":32 }, { "x":44, "y":29 }, { "x":39, "y":23 }, { "x":32, "y":19 }, { "x":7, "y":28 }, { "x":6, "y":33 } ],
					[ { "x":48, "y":30 }, { "x":44, "y":29 }, { "x":44, "y":30 } ],
					[ { "x":44, "y":30 }, { "x":44, "y":29 }, { "x":42, "y":32 } ],
					[ { "x":19, "y":46 }, { "x":41, "y":37 }, { "x":42, "y":32 }, { "x":13, "y":43 } ]
				]
			}
		]
	},
	"stand_left_000": {
		"type": "fromPhysicsEditor",
		"label": "stand_left_000",
		"isStatic": false,
		"density": 0.10000000149011612,
		"restitution": 0,
		"friction": 0.10000000149011612,
		"frictionAir": 0.009999999776482582,
		"frictionStatic": 0.5,
		"collisionFilter": {
			"group": 0,
			"category": 1,
			"mask": 255
		},
		"fixtures": [
			{
				"label": "",
				"isSensor": false,
				"vertices": [
					[ { "x":7, "y":43 }, { "x":13, "y":43 }, { "x":7, "y":38 } ],
					[ { "x":4, "y":33 }, { "x":3, "y":35 }, { "x":7, "y":38 }, { "x":6, "y":33 } ],
					[ { "x":20, "y":48 }, { "x":25, "y":48 }, { "x":29, "y":46 }, { "x":41, "y":37 }, { "x":19, "y":46 } ],
					[ { "x":0, "y":23 }, { "x":7, "y":28 }, { "x":32, "y":19 }, { "x":0, "y":19 } ],
					[ { "x":7, "y":38 }, { "x":13, "y":43 }, { "x":42, "y":32 }, { "x":44, "y":29 }, { "x":39, "y":23 }, { "x":32, "y":19 }, { "x":7, "y":28 }, { "x":6, "y":33 } ],
					[ { "x":48, "y":30 }, { "x":44, "y":29 }, { "x":44, "y":30 } ],
					[ { "x":44, "y":30 }, { "x":44, "y":29 }, { "x":42, "y":32 } ],
					[ { "x":19, "y":46 }, { "x":41, "y":37 }, { "x":42, "y":32 }, { "x":13, "y":43 } ]
				]
			}
		]
	}
}
