{
	"textures": [
		{
			"image": "/assets/sprites/furniture/sunbed_beige_down.png",
			"format": "RGBA8888",
			"size": {
				"w": 66,
				"h": 130
			},
			"scale": 1,
			"frames": [
				{
					"filename": "stand_down_000",
					"rotated": false,
					"trimmed": false,
					"sourceSize": {
						"w": 64,
						"h": 128
					},
					"spriteSourceSize": {
						"x": 0,
						"y": 0,
						"w": 64,
						"h": 128
					},
					"frame": {
						"x": 1,
						"y": 1,
						"w": 64,
						"h": 128
					}
				},
				{
					"filename": "stand_left_000",
					"rotated": false,
					"trimmed": false,
					"sourceSize": {
						"w": 64,
						"h": 128
					},
					"spriteSourceSize": {
						"x": 0,
						"y": 0,
						"w": 64,
						"h": 128
					},
					"frame": {
						"x": 1,
						"y": 1,
						"w": 64,
						"h": 128
					}
				},
				{
					"filename": "stand_right_000",
					"rotated": false,
					"trimmed": false,
					"sourceSize": {
						"w": 64,
						"h": 128
					},
					"spriteSourceSize": {
						"x": 0,
						"y": 0,
						"w": 64,
						"h": 128
					},
					"frame": {
						"x": 1,
						"y": 1,
						"w": 64,
						"h": 128
					}
				},
				{
					"filename": "stand_up_000",
					"rotated": false,
					"trimmed": false,
					"sourceSize": {
						"w": 64,
						"h": 128
					},
					"spriteSourceSize": {
						"x": 0,
						"y": 0,
						"w": 64,
						"h": 128
					},
					"frame": {
						"x": 1,
						"y": 1,
						"w": 64,
						"h": 128
					}
				}
			]
		}
	],
	"meta": {
		"app": "https://www.codeandweb.com/texturepacker",
		"version": "3.0",
		"smartupdate": "$TexturePacker:SmartUpdate:dd6d793a7eabc38a17f1d6718b110357:dec8ddde1fff226e7d1831f49ffc4ab7:47aada6cab72d81ed68656294798c4df$"
	}
}
