{
	"generator_info": "Shape definitions generated with PhysicsEditor. Visit https://www.codeandweb.com/physicseditor",
	"stand_down_000": {
		"type": "fromPhysicsEditor",
		"label": "stand_down_000",
		"isStatic": false,
		"density": 0.1,
		"restitution": 0,
		"friction": 0.1,
		"frictionAir": 0.01,
		"frictionStatic": 0.5,
		"collisionFilter": {
			"group": 0,
			"category": 1,
			"mask": 255
		},
		"fixtures": [
			{
				"label": "",
				"isSensor": false,
				"vertices": [
					[ { "x":106, "y":87 }, { "x":108, "y":79 }, { "x":100, "y":85 }, { "x":101, "y":87 } ],
					[ { "x":68, "y":86 }, { "x":73, "y":86 }, { "x":97, "y":85 }, { "x":114, "y":68 }, { "x":65, "y":80 } ],
					[ { "x":15, "y":58 }, { "x":17, "y":59 }, { "x":65, "y":80 }, { "x":114, "y":68 }, { "x":116, "y":66 }, { "x":122, "y":43 }, { "x":15, "y":55 } ],
					[ { "x":25, "y":81 }, { "x":40, "y":84 }, { "x":24, "y":73 } ],
					[ { "x":120, "y":69 }, { "x":124, "y":68 }, { "x":131, "y":55 }, { "x":131, "y":47 }, { "x":127, "y":44 }, { "x":122, "y":43 }, { "x":116, "y":66 } ],
					[ { "x":112, "y":79 }, { "x":115, "y":76 }, { "x":114, "y":68 }, { "x":108, "y":79 } ],
					[ { "x":14, "y":42 }, { "x":12, "y":52 }, { "x":15, "y":55 }, { "x":35, "y":37 }, { "x":29, "y":34 }, { "x":23, "y":34 } ],
					[ { "x":95, "y":89 }, { "x":97, "y":85 }, { "x":73, "y":86 }, { "x":73, "y":88 }, { "x":77, "y":91 }, { "x":89, "y":92 } ],
					[ { "x":20, "y":73 }, { "x":24, "y":73 }, { "x":17, "y":59 } ],
					[ { "x":24, "y":73 }, { "x":40, "y":84 }, { "x":43, "y":81 }, { "x":17, "y":59 } ],
					[ { "x":108, "y":79 }, { "x":114, "y":68 }, { "x":97, "y":85 }, { "x":100, "y":85 } ],
					[ { "x":35, "y":37 }, { "x":15, "y":55 }, { "x":122, "y":43 }, { "x":122, "y":37 } ],
					[ { "x":43, "y":81 }, { "x":61, "y":82 }, { "x":65, "y":80 }, { "x":17, "y":59 } ]
				]
			}
		]
	},
	"stand_up_000": {
		"type": "fromPhysicsEditor",
		"label": "stand_up_000",
		"isStatic": false,
		"density": 0.10000000149011612,
		"restitution": 0,
		"friction": 0.10000000149011612,
		"frictionAir": 0.009999999776482582,
		"frictionStatic": 0.5,
		"collisionFilter": {
			"group": 0,
			"category": 1,
			"mask": 255
		},
		"fixtures": [
			{
				"label": "",
				"isSensor": false,
				"vertices": [
					[ { "x":106, "y":87 }, { "x":108, "y":79 }, { "x":100, "y":85 }, { "x":101, "y":87 } ],
					[ { "x":68, "y":86 }, { "x":73, "y":86 }, { "x":97, "y":85 }, { "x":114, "y":68 }, { "x":65, "y":80 } ],
					[ { "x":15, "y":58 }, { "x":17, "y":59 }, { "x":65, "y":80 }, { "x":114, "y":68 }, { "x":116, "y":66 }, { "x":122, "y":43 }, { "x":15, "y":55 } ],
					[ { "x":25, "y":81 }, { "x":40, "y":84 }, { "x":24, "y":73 } ],
					[ { "x":120, "y":69 }, { "x":124, "y":68 }, { "x":131, "y":55 }, { "x":131, "y":47 }, { "x":127, "y":44 }, { "x":122, "y":43 }, { "x":116, "y":66 } ],
					[ { "x":112, "y":79 }, { "x":115, "y":76 }, { "x":114, "y":68 }, { "x":108, "y":79 } ],
					[ { "x":14, "y":42 }, { "x":12, "y":52 }, { "x":15, "y":55 }, { "x":35, "y":37 }, { "x":29, "y":34 }, { "x":23, "y":34 } ],
					[ { "x":95, "y":89 }, { "x":97, "y":85 }, { "x":73, "y":86 }, { "x":73, "y":88 }, { "x":77, "y":91 }, { "x":89, "y":92 } ],
					[ { "x":20, "y":73 }, { "x":24, "y":73 }, { "x":17, "y":59 } ],
					[ { "x":24, "y":73 }, { "x":40, "y":84 }, { "x":43, "y":81 }, { "x":17, "y":59 } ],
					[ { "x":108, "y":79 }, { "x":114, "y":68 }, { "x":97, "y":85 }, { "x":100, "y":85 } ],
					[ { "x":35, "y":37 }, { "x":15, "y":55 }, { "x":122, "y":43 }, { "x":122, "y":37 } ],
					[ { "x":43, "y":81 }, { "x":61, "y":82 }, { "x":65, "y":80 }, { "x":17, "y":59 } ]
				]
			}
		]
	},
	"stand_right_000": {
		"type": "fromPhysicsEditor",
		"label": "stand_right_000",
		"isStatic": false,
		"density": 0.10000000149011612,
		"restitution": 0,
		"friction": 0.10000000149011612,
		"frictionAir": 0.009999999776482582,
		"frictionStatic": 0.5,
		"collisionFilter": {
			"group": 0,
			"category": 1,
			"mask": 255
		},
		"fixtures": [
			{
				"label": "",
				"isSensor": false,
				"vertices": [
					[ { "x":106, "y":87 }, { "x":108, "y":79 }, { "x":100, "y":85 }, { "x":101, "y":87 } ],
					[ { "x":68, "y":86 }, { "x":73, "y":86 }, { "x":97, "y":85 }, { "x":114, "y":68 }, { "x":65, "y":80 } ],
					[ { "x":15, "y":58 }, { "x":17, "y":59 }, { "x":65, "y":80 }, { "x":114, "y":68 }, { "x":116, "y":66 }, { "x":122, "y":43 }, { "x":15, "y":55 } ],
					[ { "x":25, "y":81 }, { "x":40, "y":84 }, { "x":24, "y":73 } ],
					[ { "x":120, "y":69 }, { "x":124, "y":68 }, { "x":131, "y":55 }, { "x":131, "y":47 }, { "x":127, "y":44 }, { "x":122, "y":43 }, { "x":116, "y":66 } ],
					[ { "x":112, "y":79 }, { "x":115, "y":76 }, { "x":114, "y":68 }, { "x":108, "y":79 } ],
					[ { "x":14, "y":42 }, { "x":12, "y":52 }, { "x":15, "y":55 }, { "x":35, "y":37 }, { "x":29, "y":34 }, { "x":23, "y":34 } ],
					[ { "x":95, "y":89 }, { "x":97, "y":85 }, { "x":73, "y":86 }, { "x":73, "y":88 }, { "x":77, "y":91 }, { "x":89, "y":92 } ],
					[ { "x":20, "y":73 }, { "x":24, "y":73 }, { "x":17, "y":59 } ],
					[ { "x":24, "y":73 }, { "x":40, "y":84 }, { "x":43, "y":81 }, { "x":17, "y":59 } ],
					[ { "x":108, "y":79 }, { "x":114, "y":68 }, { "x":97, "y":85 }, { "x":100, "y":85 } ],
					[ { "x":35, "y":37 }, { "x":15, "y":55 }, { "x":122, "y":43 }, { "x":122, "y":37 } ],
					[ { "x":43, "y":81 }, { "x":61, "y":82 }, { "x":65, "y":80 }, { "x":17, "y":59 } ]
				]
			}
		]
	},
	"stand_left_000": {
		"type": "fromPhysicsEditor",
		"label": "stand_left_000",
		"isStatic": false,
		"density": 0.10000000149011612,
		"restitution": 0,
		"friction": 0.10000000149011612,
		"frictionAir": 0.009999999776482582,
		"frictionStatic": 0.5,
		"collisionFilter": {
			"group": 0,
			"category": 1,
			"mask": 255
		},
		"fixtures": [
			{
				"label": "",
				"isSensor": false,
				"vertices": [
					[ { "x":106, "y":87 }, { "x":108, "y":79 }, { "x":100, "y":85 }, { "x":101, "y":87 } ],
					[ { "x":68, "y":86 }, { "x":73, "y":86 }, { "x":97, "y":85 }, { "x":114, "y":68 }, { "x":65, "y":80 } ],
					[ { "x":15, "y":58 }, { "x":17, "y":59 }, { "x":65, "y":80 }, { "x":114, "y":68 }, { "x":116, "y":66 }, { "x":122, "y":43 }, { "x":15, "y":55 } ],
					[ { "x":25, "y":81 }, { "x":40, "y":84 }, { "x":24, "y":73 } ],
					[ { "x":120, "y":69 }, { "x":124, "y":68 }, { "x":131, "y":55 }, { "x":131, "y":47 }, { "x":127, "y":44 }, { "x":122, "y":43 }, { "x":116, "y":66 } ],
					[ { "x":112, "y":79 }, { "x":115, "y":76 }, { "x":114, "y":68 }, { "x":108, "y":79 } ],
					[ { "x":14, "y":42 }, { "x":12, "y":52 }, { "x":15, "y":55 }, { "x":35, "y":37 }, { "x":29, "y":34 }, { "x":23, "y":34 } ],
					[ { "x":95, "y":89 }, { "x":97, "y":85 }, { "x":73, "y":86 }, { "x":73, "y":88 }, { "x":77, "y":91 }, { "x":89, "y":92 } ],
					[ { "x":20, "y":73 }, { "x":24, "y":73 }, { "x":17, "y":59 } ],
					[ { "x":24, "y":73 }, { "x":40, "y":84 }, { "x":43, "y":81 }, { "x":17, "y":59 } ],
					[ { "x":108, "y":79 }, { "x":114, "y":68 }, { "x":97, "y":85 }, { "x":100, "y":85 } ],
					[ { "x":35, "y":37 }, { "x":15, "y":55 }, { "x":122, "y":43 }, { "x":122, "y":37 } ],
					[ { "x":43, "y":81 }, { "x":61, "y":82 }, { "x":65, "y":80 }, { "x":17, "y":59 } ]
				]
			}
		]
	}
}
