{
	"textures": [
		{
			"image": "/assets/sprites/treesBushesPlants/rocks1.png",
			"format": "RGBA8888",
			"size": {
				"w": 123,
				"h": 93
			},
			"scale": 1,
			"frames": [
				{
					"filename": "stand_down_000",
					"rotated": false,
					"trimmed": true,
					"sourceSize": {
						"w": 144,
						"h": 96
					},
					"spriteSourceSize": {
						"x": 11,
						"y": 2,
						"w": 121,
						"h": 91
					},
					"frame": {
						"x": 1,
						"y": 1,
						"w": 121,
						"h": 91
					}
				},
				{
					"filename": "stand_left_000",
					"rotated": false,
					"trimmed": true,
					"sourceSize": {
						"w": 144,
						"h": 96
					},
					"spriteSourceSize": {
						"x": 11,
						"y": 2,
						"w": 121,
						"h": 91
					},
					"frame": {
						"x": 1,
						"y": 1,
						"w": 121,
						"h": 91
					}
				},
				{
					"filename": "stand_right_000",
					"rotated": false,
					"trimmed": true,
					"sourceSize": {
						"w": 144,
						"h": 96
					},
					"spriteSourceSize": {
						"x": 11,
						"y": 2,
						"w": 121,
						"h": 91
					},
					"frame": {
						"x": 1,
						"y": 1,
						"w": 121,
						"h": 91
					}
				},
				{
					"filename": "stand_up_000",
					"rotated": false,
					"trimmed": true,
					"sourceSize": {
						"w": 144,
						"h": 96
					},
					"spriteSourceSize": {
						"x": 11,
						"y": 2,
						"w": 121,
						"h": 91
					},
					"frame": {
						"x": 1,
						"y": 1,
						"w": 121,
						"h": 91
					}
				}
			]
		}
	],
	"meta": {
		"app": "https://www.codeandweb.com/texturepacker",
		"version": "3.0",
		"smartupdate": "$TexturePacker:SmartUpdate:682715d45ca713772a6b3e045e80c689:6d8384f4b7683fc266350064aebbf2e7:5b278e128ece7e905451f6508cb7fcd8$"
	}
}
