{
	"textures": [
		{
			"image": "/assets/sprites/treesBushesPlants/shroom3.png",
			"format": "RGBA8888",
			"size": {
				"w": 31,
				"h": 45
			},
			"scale": 1,
			"frames": [
				{
					"filename": "stand_down_000",
					"rotated": false,
					"trimmed": true,
					"sourceSize": {
						"w": 48,
						"h": 48
					},
					"spriteSourceSize": {
						"x": 9,
						"y": 2,
						"w": 29,
						"h": 43
					},
					"frame": {
						"x": 1,
						"y": 1,
						"w": 29,
						"h": 43
					}
				},
				{
					"filename": "stand_left_000",
					"rotated": false,
					"trimmed": true,
					"sourceSize": {
						"w": 48,
						"h": 48
					},
					"spriteSourceSize": {
						"x": 9,
						"y": 2,
						"w": 29,
						"h": 43
					},
					"frame": {
						"x": 1,
						"y": 1,
						"w": 29,
						"h": 43
					}
				},
				{
					"filename": "stand_right_000",
					"rotated": false,
					"trimmed": true,
					"sourceSize": {
						"w": 48,
						"h": 48
					},
					"spriteSourceSize": {
						"x": 9,
						"y": 2,
						"w": 29,
						"h": 43
					},
					"frame": {
						"x": 1,
						"y": 1,
						"w": 29,
						"h": 43
					}
				},
				{
					"filename": "stand_up_000",
					"rotated": false,
					"trimmed": true,
					"sourceSize": {
						"w": 48,
						"h": 48
					},
					"spriteSourceSize": {
						"x": 9,
						"y": 2,
						"w": 29,
						"h": 43
					},
					"frame": {
						"x": 1,
						"y": 1,
						"w": 29,
						"h": 43
					}
				}
			]
		}
	],
	"meta": {
		"app": "https://www.codeandweb.com/texturepacker",
		"version": "3.0",
		"smartupdate": "$TexturePacker:SmartUpdate:62eb070d8da03d84d3c5d83344d7b01a:f6bc1eefeeb88372e9cda45a4abc2589:052c8286637416c0a7ff9f60993f0209$"
	}
}
