{
	"textures": [
		{
			"image": "/assets/sprites/treesBushesPlants/bush4.png",
			"format": "RGBA8888",
			"size": {
				"w": 58,
				"h": 65
			},
			"scale": 1,
			"frames": [
				{
					"filename": "stand_down_000",
					"rotated": false,
					"trimmed": true,
					"sourceSize": {
						"w": 96,
						"h": 96
					},
					"spriteSourceSize": {
						"x": 20,
						"y": 19,
						"w": 56,
						"h": 63
					},
					"frame": {
						"x": 1,
						"y": 1,
						"w": 56,
						"h": 63
					}
				},
				{
					"filename": "stand_left_000",
					"rotated": false,
					"trimmed": true,
					"sourceSize": {
						"w": 96,
						"h": 96
					},
					"spriteSourceSize": {
						"x": 20,
						"y": 19,
						"w": 56,
						"h": 63
					},
					"frame": {
						"x": 1,
						"y": 1,
						"w": 56,
						"h": 63
					}
				},
				{
					"filename": "stand_right_000",
					"rotated": false,
					"trimmed": true,
					"sourceSize": {
						"w": 96,
						"h": 96
					},
					"spriteSourceSize": {
						"x": 20,
						"y": 19,
						"w": 56,
						"h": 63
					},
					"frame": {
						"x": 1,
						"y": 1,
						"w": 56,
						"h": 63
					}
				},
				{
					"filename": "stand_up_000",
					"rotated": false,
					"trimmed": true,
					"sourceSize": {
						"w": 96,
						"h": 96
					},
					"spriteSourceSize": {
						"x": 20,
						"y": 19,
						"w": 56,
						"h": 63
					},
					"frame": {
						"x": 1,
						"y": 1,
						"w": 56,
						"h": 63
					}
				}
			]
		}
	],
	"meta": {
		"app": "https://www.codeandweb.com/texturepacker",
		"version": "3.0",
		"smartupdate": "$TexturePacker:SmartUpdate:5b735a283168fde1dc711f711e8be991:a17b20b58b8cc2d48179f85bf44ace3c:980363d3ad90d1b844c89ce11efa8b9d$"
	}
}
