{
	"textures": [
		{
			"image": "/assets/sprites/furniture/table_2.png",
			"format": "RGBA8888",
			"size": {
				"w": 59,
				"h": 56
			},
			"scale": 1,
			"frames": [
				{
					"filename": "stand_down_000",
					"rotated": false,
					"trimmed": false,
					"sourceSize": {
						"w": 57,
						"h": 54
					},
					"spriteSourceSize": {
						"x": 0,
						"y": 0,
						"w": 57,
						"h": 54
					},
					"frame": {
						"x": 1,
						"y": 1,
						"w": 57,
						"h": 54
					}
				},
				{
					"filename": "stand_left_000",
					"rotated": false,
					"trimmed": false,
					"sourceSize": {
						"w": 57,
						"h": 54
					},
					"spriteSourceSize": {
						"x": 0,
						"y": 0,
						"w": 57,
						"h": 54
					},
					"frame": {
						"x": 1,
						"y": 1,
						"w": 57,
						"h": 54
					}
				},
				{
					"filename": "stand_right_000",
					"rotated": false,
					"trimmed": false,
					"sourceSize": {
						"w": 57,
						"h": 54
					},
					"spriteSourceSize": {
						"x": 0,
						"y": 0,
						"w": 57,
						"h": 54
					},
					"frame": {
						"x": 1,
						"y": 1,
						"w": 57,
						"h": 54
					}
				},
				{
					"filename": "stand_up_000",
					"rotated": false,
					"trimmed": false,
					"sourceSize": {
						"w": 57,
						"h": 54
					},
					"spriteSourceSize": {
						"x": 0,
						"y": 0,
						"w": 57,
						"h": 54
					},
					"frame": {
						"x": 1,
						"y": 1,
						"w": 57,
						"h": 54
					}
				}
			]
		}
	],
	"meta": {
		"app": "https://www.codeandweb.com/texturepacker",
		"version": "3.0",
		"smartupdate": "$TexturePacker:SmartUpdate:2d6444a6c3a35110f47f738641205e9f:9a1074f8964e8063b3f4177ba253b4c2:8bdb18e979659c8d4c36adc768604a6d$"
	}
}
