{
	"generator_info": "Shape definitions generated with PhysicsEditor. Visit https://www.codeandweb.com/physicseditor",
	"stand_down_000": {
		"type": "fromPhysicsEditor",
		"label": "stand_down_000",
		"isStatic": false,
		"density": 0.10000000149011612,
		"restitution": 0,
		"friction": 0.10000000149011612,
		"frictionAir": 0.009999999776482582,
		"frictionStatic": 0.5,
		"collisionFilter": {
			"group": 0,
			"category": 1,
			"mask": 255
		},
		"fixtures": [
			{
				"label": "",
				"isSensor": false,
				"vertices": [
					[ { "x":0, "y":33 }, { "x":0, "y":39 }, { "x":3, "y":45 }, { "x":11, "y":51 }, { "x":21, "y":54 }, { "x":35, "y":54 }, { "x":56, "y":33 }, { "x":3, "y":29 } ],
					[ { "x":0, "y":23 }, { "x":3, "y":29 }, { "x":56, "y":33 }, { "x":54, "y":28 }, { "x":2, "y":11 }, { "x":0, "y":16 } ],
					[ { "x":56, "y":39 }, { "x":56, "y":33 }, { "x":35, "y":54 }, { "x":47, "y":50 }, { "x":53, "y":45 } ],
					[ { "x":57, "y":25 }, { "x":57, "y":14 }, { "x":55, "y":10 }, { "x":50, "y":5 }, { "x":38, "y":0 }, { "x":2, "y":11 }, { "x":54, "y":28 } ],
					[ { "x":9, "y":4 }, { "x":2, "y":11 }, { "x":38, "y":0 }, { "x":20, "y":0 } ]
				]
			}
		]
	},
	"stand_left_000": {
		"type": "fromPhysicsEditor",
		"label": "stand_left_000",
		"isStatic": false,
		"density": 0.10000000149011612,
		"restitution": 0,
		"friction": 0.10000000149011612,
		"frictionAir": 0.009999999776482582,
		"frictionStatic": 0.5,
		"collisionFilter": {
			"group": 0,
			"category": 1,
			"mask": 255
		},
		"fixtures": [
			{
				"label": "",
				"isSensor": false,
				"vertices": [
					[ { "x":0, "y":33 }, { "x":0, "y":39 }, { "x":3, "y":45 }, { "x":11, "y":51 }, { "x":21, "y":54 }, { "x":35, "y":54 }, { "x":56, "y":33 }, { "x":3, "y":29 } ],
					[ { "x":0, "y":23 }, { "x":3, "y":29 }, { "x":56, "y":33 }, { "x":54, "y":28 }, { "x":2, "y":11 }, { "x":0, "y":16 } ],
					[ { "x":56, "y":39 }, { "x":56, "y":33 }, { "x":35, "y":54 }, { "x":47, "y":50 }, { "x":53, "y":45 } ],
					[ { "x":57, "y":25 }, { "x":57, "y":14 }, { "x":55, "y":10 }, { "x":50, "y":5 }, { "x":38, "y":0 }, { "x":2, "y":11 }, { "x":54, "y":28 } ],
					[ { "x":9, "y":4 }, { "x":2, "y":11 }, { "x":38, "y":0 }, { "x":20, "y":0 } ]
				]
			}
		]
	},
	"stand_right_000": {
		"type": "fromPhysicsEditor",
		"label": "stand_right_000",
		"isStatic": false,
		"density": 0.10000000149011612,
		"restitution": 0,
		"friction": 0.10000000149011612,
		"frictionAir": 0.009999999776482582,
		"frictionStatic": 0.5,
		"collisionFilter": {
			"group": 0,
			"category": 1,
			"mask": 255
		},
		"fixtures": [
			{
				"label": "",
				"isSensor": false,
				"vertices": [
					[ { "x":0, "y":33 }, { "x":0, "y":39 }, { "x":3, "y":45 }, { "x":11, "y":51 }, { "x":21, "y":54 }, { "x":35, "y":54 }, { "x":56, "y":33 }, { "x":3, "y":29 } ],
					[ { "x":0, "y":23 }, { "x":3, "y":29 }, { "x":56, "y":33 }, { "x":54, "y":28 }, { "x":2, "y":11 }, { "x":0, "y":16 } ],
					[ { "x":56, "y":39 }, { "x":56, "y":33 }, { "x":35, "y":54 }, { "x":47, "y":50 }, { "x":53, "y":45 } ],
					[ { "x":57, "y":25 }, { "x":57, "y":14 }, { "x":55, "y":10 }, { "x":50, "y":5 }, { "x":38, "y":0 }, { "x":2, "y":11 }, { "x":54, "y":28 } ],
					[ { "x":9, "y":4 }, { "x":2, "y":11 }, { "x":38, "y":0 }, { "x":20, "y":0 } ]
				]
			}
		]
	},
	"stand_up_000": {
		"type": "fromPhysicsEditor",
		"label": "stand_up_000",
		"isStatic": false,
		"density": 0.1,
		"restitution": 0,
		"friction": 0.1,
		"frictionAir": 0.01,
		"frictionStatic": 0.5,
		"collisionFilter": {
			"group": 0,
			"category": 1,
			"mask": 255
		},
		"fixtures": [
			{
				"label": "",
				"isSensor": false,
				"vertices": [
					[ { "x":0, "y":33 }, { "x":0, "y":39 }, { "x":3, "y":45 }, { "x":11, "y":51 }, { "x":21, "y":54 }, { "x":35, "y":54 }, { "x":56, "y":33 }, { "x":3, "y":29 } ],
					[ { "x":0, "y":23 }, { "x":3, "y":29 }, { "x":56, "y":33 }, { "x":54, "y":28 }, { "x":2, "y":11 }, { "x":0, "y":16 } ],
					[ { "x":56, "y":39 }, { "x":56, "y":33 }, { "x":35, "y":54 }, { "x":47, "y":50 }, { "x":53, "y":45 } ],
					[ { "x":57, "y":25 }, { "x":57, "y":14 }, { "x":55, "y":10 }, { "x":50, "y":5 }, { "x":38, "y":0 }, { "x":2, "y":11 }, { "x":54, "y":28 } ],
					[ { "x":9, "y":4 }, { "x":2, "y":11 }, { "x":38, "y":0 }, { "x":20, "y":0 } ]
				]
			}
		]
	}
}
