{
	"textures": [
		{
			"image": "/assets/sprites/furniture/carpet_3.png",
			"format": "RGBA8888",
			"size": {
				"w": 391,
				"h": 391
			},
			"scale": 1,
			"frames": [
				{
					"filename": "stand_down_000",
					"rotated": false,
					"trimmed": false,
					"sourceSize": {
						"w": 128,
						"h": 257
					},
					"spriteSourceSize": {
						"x": 0,
						"y": 0,
						"w": 128,
						"h": 257
					},
					"frame": {
						"x": 1,
						"y": 1,
						"w": 128,
						"h": 257
					}
				},
				{
					"filename": "stand_left_000",
					"rotated": false,
					"trimmed": false,
					"sourceSize": {
						"w": 257,
						"h": 128
					},
					"spriteSourceSize": {
						"x": 0,
						"y": 0,
						"w": 257,
						"h": 128
					},
					"frame": {
						"x": 1,
						"y": 262,
						"w": 257,
						"h": 128
					}
				},
				{
					"filename": "stand_right_000",
					"rotated": false,
					"trimmed": false,
					"sourceSize": {
						"w": 257,
						"h": 128
					},
					"spriteSourceSize": {
						"x": 0,
						"y": 0,
						"w": 257,
						"h": 128
					},
					"frame": {
						"x": 133,
						"y": 1,
						"w": 257,
						"h": 128
					}
				},
				{
					"filename": "stand_up_000",
					"rotated": false,
					"trimmed": false,
					"sourceSize": {
						"w": 128,
						"h": 257
					},
					"spriteSourceSize": {
						"x": 0,
						"y": 0,
						"w": 128,
						"h": 257
					},
					"frame": {
						"x": 262,
						"y": 133,
						"w": 128,
						"h": 257
					}
				}
			]
		}
	],
	"meta": {
		"app": "https://www.codeandweb.com/texturepacker",
		"version": "3.0",
		"smartupdate": "$TexturePacker:SmartUpdate:d311e3d5649961335b74d5a06b73fe20:f857ddabf9eed59b249db552e88faab9:6fca1346fb62c28712ea9568fd44aa7c$"
	}
}
