{
	"generator_info": "Shape definitions generated with PhysicsEditor. Visit https://www.codeandweb.com/physicseditor",
	"stand_down_000": {
		"type": "fromPhysicsEditor",
		"label": "stand_down_000",
		"isStatic": false,
		"density": 0.10000000149011612,
		"restitution": 0,
		"friction": 0.10000000149011612,
		"frictionAir": 0.009999999776482582,
		"frictionStatic": 0.5,
		"collisionFilter": {
			"group": 0,
			"category": 1,
			"mask": 255
		},
		"fixtures": [
			{
				"label": "",
				"isSensor": false,
				"vertices": [
					[ { "x":6, "y":5 }, { "x":7, "y":10 }, { "x":29, "y":19 }, { "x":27, "y":11 }, { "x":24, "y":6 }, { "x":19, "y":2 }, { "x":13, "y":3 } ],
					[ { "x":14, "y":0 }, { "x":13, "y":3 }, { "x":19, "y":2 } ],
					[ { "x":25, "y":3 }, { "x":23, "y":1 }, { "x":19, "y":2 }, { "x":24, "y":6 } ],
					[ { "x":31, "y":35 }, { "x":31, "y":21 }, { "x":29, "y":19 }, { "x":3, "y":13 }, { "x":0, "y":31 }, { "x":2, "y":37 }, { "x":10, "y":40 }, { "x":21, "y":40 } ],
					[ { "x":27, "y":8 }, { "x":24, "y":6 }, { "x":27, "y":11 } ],
					[ { "x":0, "y":35 }, { "x":2, "y":37 }, { "x":0, "y":31 } ],
					[ { "x":29, "y":13 }, { "x":27, "y":11 }, { "x":29, "y":19 } ],
					[ { "x":7, "y":10 }, { "x":3, "y":13 }, { "x":29, "y":19 } ]
				]
			}
		]
	},
	"stand_left_000": {
		"type": "fromPhysicsEditor",
		"label": "stand_left_000",
		"isStatic": false,
		"density": 0.10000000149011612,
		"restitution": 0,
		"friction": 0.10000000149011612,
		"frictionAir": 0.009999999776482582,
		"frictionStatic": 0.5,
		"collisionFilter": {
			"group": 0,
			"category": 1,
			"mask": 255
		},
		"fixtures": [
			{
				"label": "",
				"isSensor": false,
				"vertices": [
					[ { "x":6, "y":5 }, { "x":7, "y":10 }, { "x":29, "y":19 }, { "x":27, "y":11 }, { "x":24, "y":6 }, { "x":19, "y":2 }, { "x":13, "y":3 } ],
					[ { "x":14, "y":0 }, { "x":13, "y":3 }, { "x":19, "y":2 } ],
					[ { "x":25, "y":3 }, { "x":23, "y":1 }, { "x":19, "y":2 }, { "x":24, "y":6 } ],
					[ { "x":31, "y":35 }, { "x":31, "y":21 }, { "x":29, "y":19 }, { "x":3, "y":13 }, { "x":0, "y":31 }, { "x":2, "y":37 }, { "x":10, "y":40 }, { "x":21, "y":40 } ],
					[ { "x":27, "y":8 }, { "x":24, "y":6 }, { "x":27, "y":11 } ],
					[ { "x":0, "y":35 }, { "x":2, "y":37 }, { "x":0, "y":31 } ],
					[ { "x":29, "y":13 }, { "x":27, "y":11 }, { "x":29, "y":19 } ],
					[ { "x":7, "y":10 }, { "x":3, "y":13 }, { "x":29, "y":19 } ]
				]
			}
		]
	},
	"stand_right_000": {
		"type": "fromPhysicsEditor",
		"label": "stand_right_000",
		"isStatic": false,
		"density": 0.10000000149011612,
		"restitution": 0,
		"friction": 0.10000000149011612,
		"frictionAir": 0.009999999776482582,
		"frictionStatic": 0.5,
		"collisionFilter": {
			"group": 0,
			"category": 1,
			"mask": 255
		},
		"fixtures": [
			{
				"label": "",
				"isSensor": false,
				"vertices": [
					[ { "x":6, "y":5 }, { "x":7, "y":10 }, { "x":29, "y":19 }, { "x":27, "y":11 }, { "x":24, "y":6 }, { "x":19, "y":2 }, { "x":13, "y":3 } ],
					[ { "x":14, "y":0 }, { "x":13, "y":3 }, { "x":19, "y":2 } ],
					[ { "x":25, "y":3 }, { "x":23, "y":1 }, { "x":19, "y":2 }, { "x":24, "y":6 } ],
					[ { "x":31, "y":35 }, { "x":31, "y":21 }, { "x":29, "y":19 }, { "x":3, "y":13 }, { "x":0, "y":31 }, { "x":2, "y":37 }, { "x":10, "y":40 }, { "x":21, "y":40 } ],
					[ { "x":27, "y":8 }, { "x":24, "y":6 }, { "x":27, "y":11 } ],
					[ { "x":0, "y":35 }, { "x":2, "y":37 }, { "x":0, "y":31 } ],
					[ { "x":29, "y":13 }, { "x":27, "y":11 }, { "x":29, "y":19 } ],
					[ { "x":7, "y":10 }, { "x":3, "y":13 }, { "x":29, "y":19 } ]
				]
			}
		]
	},
	"stand_up_000": {
		"type": "fromPhysicsEditor",
		"label": "stand_up_000",
		"isStatic": false,
		"density": 0.1,
		"restitution": 0,
		"friction": 0.1,
		"frictionAir": 0.01,
		"frictionStatic": 0.5,
		"collisionFilter": {
			"group": 0,
			"category": 1,
			"mask": 255
		},
		"fixtures": [
			{
				"label": "",
				"isSensor": false,
				"vertices": [
					[ { "x":6, "y":5 }, { "x":7, "y":10 }, { "x":29, "y":19 }, { "x":27, "y":11 }, { "x":24, "y":6 }, { "x":19, "y":2 }, { "x":13, "y":3 } ],
					[ { "x":14, "y":0 }, { "x":13, "y":3 }, { "x":19, "y":2 } ],
					[ { "x":25, "y":3 }, { "x":23, "y":1 }, { "x":19, "y":2 }, { "x":24, "y":6 } ],
					[ { "x":31, "y":35 }, { "x":31, "y":21 }, { "x":29, "y":19 }, { "x":3, "y":13 }, { "x":0, "y":31 }, { "x":2, "y":37 }, { "x":10, "y":40 }, { "x":21, "y":40 } ],
					[ { "x":27, "y":8 }, { "x":24, "y":6 }, { "x":27, "y":11 } ],
					[ { "x":0, "y":35 }, { "x":2, "y":37 }, { "x":0, "y":31 } ],
					[ { "x":29, "y":13 }, { "x":27, "y":11 }, { "x":29, "y":19 } ],
					[ { "x":7, "y":10 }, { "x":3, "y":13 }, { "x":29, "y":19 } ]
				]
			}
		]
	}
}
