{
	"textures": [
		{
			"image": "/assets/sprites/furniture/plant_flowers_8.png",
			"format": "RGBA8888",
			"size": {
				"w": 33,
				"h": 42
			},
			"scale": 1,
			"frames": [
				{
					"filename": "stand_down_000",
					"rotated": false,
					"trimmed": false,
					"sourceSize": {
						"w": 31,
						"h": 40
					},
					"spriteSourceSize": {
						"x": 0,
						"y": 0,
						"w": 31,
						"h": 40
					},
					"frame": {
						"x": 1,
						"y": 1,
						"w": 31,
						"h": 40
					}
				},
				{
					"filename": "stand_left_000",
					"rotated": false,
					"trimmed": false,
					"sourceSize": {
						"w": 31,
						"h": 40
					},
					"spriteSourceSize": {
						"x": 0,
						"y": 0,
						"w": 31,
						"h": 40
					},
					"frame": {
						"x": 1,
						"y": 1,
						"w": 31,
						"h": 40
					}
				},
				{
					"filename": "stand_right_000",
					"rotated": false,
					"trimmed": false,
					"sourceSize": {
						"w": 31,
						"h": 40
					},
					"spriteSourceSize": {
						"x": 0,
						"y": 0,
						"w": 31,
						"h": 40
					},
					"frame": {
						"x": 1,
						"y": 1,
						"w": 31,
						"h": 40
					}
				},
				{
					"filename": "stand_up_000",
					"rotated": false,
					"trimmed": false,
					"sourceSize": {
						"w": 31,
						"h": 40
					},
					"spriteSourceSize": {
						"x": 0,
						"y": 0,
						"w": 31,
						"h": 40
					},
					"frame": {
						"x": 1,
						"y": 1,
						"w": 31,
						"h": 40
					}
				}
			]
		}
	],
	"meta": {
		"app": "https://www.codeandweb.com/texturepacker",
		"version": "3.0",
		"smartupdate": "$TexturePacker:SmartUpdate:945d13bdb9e7181a6958c58c87275d6f:e9f4c3ca34652c02a0f97f12949fac61:760eb063981fa4ecf9660f0f167b807a$"
	}
}
