{
	"textures": [
		{
			"image": "/assets/sprites/furniture/tree1.png",
			"format": "RGBA8888",
			"size": {
				"w": 231,
				"h": 208
			},
			"scale": 1,
			"frames": [
				{
					"filename": "stand_down_000",
					"rotated": false,
					"trimmed": true,
					"sourceSize": {
						"w": 240,
						"h": 240
					},
					"spriteSourceSize": {
						"x": 5,
						"y": 20,
						"w": 229,
						"h": 206
					},
					"frame": {
						"x": 1,
						"y": 1,
						"w": 229,
						"h": 206
					}
				},
				{
					"filename": "stand_left_000",
					"rotated": false,
					"trimmed": true,
					"sourceSize": {
						"w": 240,
						"h": 240
					},
					"spriteSourceSize": {
						"x": 5,
						"y": 20,
						"w": 229,
						"h": 206
					},
					"frame": {
						"x": 1,
						"y": 1,
						"w": 229,
						"h": 206
					}
				},
				{
					"filename": "stand_right_000",
					"rotated": false,
					"trimmed": true,
					"sourceSize": {
						"w": 240,
						"h": 240
					},
					"spriteSourceSize": {
						"x": 5,
						"y": 20,
						"w": 229,
						"h": 206
					},
					"frame": {
						"x": 1,
						"y": 1,
						"w": 229,
						"h": 206
					}
				},
				{
					"filename": "stand_up_000",
					"rotated": false,
					"trimmed": true,
					"sourceSize": {
						"w": 240,
						"h": 240
					},
					"spriteSourceSize": {
						"x": 5,
						"y": 20,
						"w": 229,
						"h": 206
					},
					"frame": {
						"x": 1,
						"y": 1,
						"w": 229,
						"h": 206
					}
				}
			]
		}
	],
	"meta": {
		"app": "https://www.codeandweb.com/texturepacker",
		"version": "3.0",
		"smartupdate": "$TexturePacker:SmartUpdate:b4f60e5eea20931ca5733276689dcb92:e7e17b9d6d2ca9e0fd8b173144c54ccf:ebab60469dfb5a5f35fc40784af2258d$"
	}
}
