{
	"generator_info": "Shape definitions generated with PhysicsEditor. Visit https://www.codeandweb.com/physicseditor",
	"stand_down_000": {
		"type": "fromPhysicsEditor",
		"label": "stand_down_000",
		"isStatic": false,
		"density": 0.10000000149011612,
		"restitution": 0,
		"friction": 0.10000000149011612,
		"frictionAir": 0.009999999776482582,
		"frictionStatic": 0.5,
		"collisionFilter": {
			"group": 0,
			"category": 1,
			"mask": 255
		},
		"fixtures": [
			{
				"label": "",
				"isSensor": false,
				"vertices": [
					[ { "x":111, "y":174 }, { "x":106, "y":204 }, { "x":128, "y":197 }, { "x":128, "y":177 } ],
					[ { "x":100, "y":218 }, { "x":105, "y":218 }, { "x":101, "y":212 }, { "x":99, "y":213 } ],
					[ { "x":128, "y":197 }, { "x":106, "y":204 }, { "x":108, "y":219 }, { "x":110, "y":221 }, { "x":120, "y":224 }, { "x":123, "y":224 }, { "x":134, "y":223 }, { "x":137, "y":217 } ],
					[ { "x":101, "y":212 }, { "x":105, "y":218 }, { "x":103, "y":210 } ],
					[ { "x":103, "y":210 }, { "x":105, "y":218 }, { "x":108, "y":219 }, { "x":106, "y":204 } ],
					[ { "x":115, "y":225 }, { "x":120, "y":224 }, { "x":110, "y":221 }, { "x":113, "y":224 } ]
				]
			}
		]
	},
	"stand_up_000": {
		"type": "fromPhysicsEditor",
		"label": "stand_up_000",
		"isStatic": false,
		"density": 0.1,
		"restitution": 0,
		"friction": 0.1,
		"frictionAir": 0.01,
		"frictionStatic": 0.5,
		"collisionFilter": {
			"group": 0,
			"category": 1,
			"mask": 255
		},
		"fixtures": [
			{
				"label": "",
				"isSensor": false,
				"vertices": [
					[ { "x":111, "y":174 }, { "x":106, "y":204 }, { "x":128, "y":197 }, { "x":128, "y":177 } ],
					[ { "x":100, "y":218 }, { "x":105, "y":218 }, { "x":101, "y":212 }, { "x":99, "y":213 } ],
					[ { "x":128, "y":197 }, { "x":106, "y":204 }, { "x":108, "y":219 }, { "x":110, "y":221 }, { "x":120, "y":224 }, { "x":123, "y":224 }, { "x":134, "y":223 }, { "x":137, "y":217 } ],
					[ { "x":101, "y":212 }, { "x":105, "y":218 }, { "x":103, "y":210 } ],
					[ { "x":103, "y":210 }, { "x":105, "y":218 }, { "x":108, "y":219 }, { "x":106, "y":204 } ],
					[ { "x":115, "y":225 }, { "x":120, "y":224 }, { "x":110, "y":221 }, { "x":113, "y":224 } ]
				]
			}
		]
	},
	"stand_left_000": {
		"type": "fromPhysicsEditor",
		"label": "stand_left_000",
		"isStatic": false,
		"density": 0.10000000149011612,
		"restitution": 0,
		"friction": 0.10000000149011612,
		"frictionAir": 0.009999999776482582,
		"frictionStatic": 0.5,
		"collisionFilter": {
			"group": 0,
			"category": 1,
			"mask": 255
		},
		"fixtures": [
			{
				"label": "",
				"isSensor": false,
				"vertices": [
					[ { "x":111, "y":174 }, { "x":106, "y":204 }, { "x":128, "y":197 }, { "x":128, "y":177 } ],
					[ { "x":100, "y":218 }, { "x":105, "y":218 }, { "x":101, "y":212 }, { "x":99, "y":213 } ],
					[ { "x":128, "y":197 }, { "x":106, "y":204 }, { "x":108, "y":219 }, { "x":110, "y":221 }, { "x":120, "y":224 }, { "x":123, "y":224 }, { "x":134, "y":223 }, { "x":137, "y":217 } ],
					[ { "x":101, "y":212 }, { "x":105, "y":218 }, { "x":103, "y":210 } ],
					[ { "x":103, "y":210 }, { "x":105, "y":218 }, { "x":108, "y":219 }, { "x":106, "y":204 } ],
					[ { "x":115, "y":225 }, { "x":120, "y":224 }, { "x":110, "y":221 }, { "x":113, "y":224 } ]
				]
			}
		]
	},
	"stand_right_000": {
		"type": "fromPhysicsEditor",
		"label": "stand_right_000",
		"isStatic": false,
		"density": 0.10000000149011612,
		"restitution": 0,
		"friction": 0.10000000149011612,
		"frictionAir": 0.009999999776482582,
		"frictionStatic": 0.5,
		"collisionFilter": {
			"group": 0,
			"category": 1,
			"mask": 255
		},
		"fixtures": [
			{
				"label": "",
				"isSensor": false,
				"vertices": [
					[ { "x":111, "y":174 }, { "x":106, "y":204 }, { "x":128, "y":197 }, { "x":128, "y":177 } ],
					[ { "x":100, "y":218 }, { "x":105, "y":218 }, { "x":101, "y":212 }, { "x":99, "y":213 } ],
					[ { "x":128, "y":197 }, { "x":106, "y":204 }, { "x":108, "y":219 }, { "x":110, "y":221 }, { "x":120, "y":224 }, { "x":123, "y":224 }, { "x":134, "y":223 }, { "x":137, "y":217 } ],
					[ { "x":101, "y":212 }, { "x":105, "y":218 }, { "x":103, "y":210 } ],
					[ { "x":103, "y":210 }, { "x":105, "y":218 }, { "x":108, "y":219 }, { "x":106, "y":204 } ],
					[ { "x":115, "y":225 }, { "x":120, "y":224 }, { "x":110, "y":221 }, { "x":113, "y":224 } ]
				]
			}
		]
	}
}
