{
	"generator_info": "Shape definitions generated with PhysicsEditor. Visit https://www.codeandweb.com/physicseditor",
	"stand_down_000": {
		"type": "fromPhysicsEditor",
		"label": "stand_down_000",
		"isStatic": false,
		"density": 0.1,
		"restitution": 0,
		"friction": 0.1,
		"frictionAir": 0.01,
		"frictionStatic": 0.5,
		"collisionFilter": {
			"group": 0,
			"category": 1,
			"mask": 255
		},
		"fixtures": [
			{
				"label": "",
				"isSensor": false,
				"vertices": [
					[ { "x":16, "y":36 }, { "x":19, "y":38 }, { "x":24, "y":37 }, { "x":20, "y":33 } ],
					[ { "x":28, "y":41 }, { "x":32, "y":39 }, { "x":17, "y":17 }, { "x":15, "y":19 }, { "x":24, "y":37 } ],
					[ { "x":33, "y":45 }, { "x":46, "y":48 }, { "x":48, "y":48 }, { "x":51, "y":45 }, { "x":32, "y":39 } ],
					[ { "x":16, "y":26 }, { "x":20, "y":29 }, { "x":15, "y":19 } ],
					[ { "x":20, "y":33 }, { "x":24, "y":37 }, { "x":20, "y":29 } ],
					[ { "x":79, "y":18 }, { "x":69, "y":17 }, { "x":46, "y":17 }, { "x":77, "y":32 }, { "x":81, "y":27 }, { "x":81, "y":22 } ],
					[ { "x":77, "y":32 }, { "x":46, "y":17 }, { "x":17, "y":17 }, { "x":32, "y":39 }, { "x":51, "y":45 }, { "x":69, "y":46 }, { "x":72, "y":44 } ]
				]
			}
		]
	},
	"stand_left_000": {
		"type": "fromPhysicsEditor",
		"label": "stand_left_000",
		"isStatic": false,
		"density": 0.10000000149011612,
		"restitution": 0,
		"friction": 0.10000000149011612,
		"frictionAir": 0.009999999776482582,
		"frictionStatic": 0.5,
		"collisionFilter": {
			"group": 0,
			"category": 1,
			"mask": 255
		},
		"fixtures": [
			{
				"label": "",
				"isSensor": false,
				"vertices": [
					[ { "x":16, "y":36 }, { "x":19, "y":38 }, { "x":24, "y":37 }, { "x":20, "y":33 } ],
					[ { "x":28, "y":41 }, { "x":32, "y":39 }, { "x":17, "y":17 }, { "x":15, "y":19 }, { "x":24, "y":37 } ],
					[ { "x":33, "y":45 }, { "x":46, "y":48 }, { "x":48, "y":48 }, { "x":51, "y":45 }, { "x":32, "y":39 } ],
					[ { "x":16, "y":26 }, { "x":20, "y":29 }, { "x":15, "y":19 } ],
					[ { "x":20, "y":33 }, { "x":24, "y":37 }, { "x":20, "y":29 } ],
					[ { "x":79, "y":18 }, { "x":69, "y":17 }, { "x":46, "y":17 }, { "x":77, "y":32 }, { "x":81, "y":27 }, { "x":81, "y":22 } ],
					[ { "x":77, "y":32 }, { "x":46, "y":17 }, { "x":17, "y":17 }, { "x":32, "y":39 }, { "x":51, "y":45 }, { "x":69, "y":46 }, { "x":72, "y":44 } ]
				]
			}
		]
	},
	"stand_right_000": {
		"type": "fromPhysicsEditor",
		"label": "stand_right_000",
		"isStatic": false,
		"density": 0.10000000149011612,
		"restitution": 0,
		"friction": 0.10000000149011612,
		"frictionAir": 0.009999999776482582,
		"frictionStatic": 0.5,
		"collisionFilter": {
			"group": 0,
			"category": 1,
			"mask": 255
		},
		"fixtures": [
			{
				"label": "",
				"isSensor": false,
				"vertices": [
					[ { "x":16, "y":36 }, { "x":19, "y":38 }, { "x":24, "y":37 }, { "x":20, "y":33 } ],
					[ { "x":28, "y":41 }, { "x":32, "y":39 }, { "x":17, "y":17 }, { "x":15, "y":19 }, { "x":24, "y":37 } ],
					[ { "x":33, "y":45 }, { "x":46, "y":48 }, { "x":48, "y":48 }, { "x":51, "y":45 }, { "x":32, "y":39 } ],
					[ { "x":16, "y":26 }, { "x":20, "y":29 }, { "x":15, "y":19 } ],
					[ { "x":20, "y":33 }, { "x":24, "y":37 }, { "x":20, "y":29 } ],
					[ { "x":79, "y":18 }, { "x":69, "y":17 }, { "x":46, "y":17 }, { "x":77, "y":32 }, { "x":81, "y":27 }, { "x":81, "y":22 } ],
					[ { "x":77, "y":32 }, { "x":46, "y":17 }, { "x":17, "y":17 }, { "x":32, "y":39 }, { "x":51, "y":45 }, { "x":69, "y":46 }, { "x":72, "y":44 } ]
				]
			}
		]
	},
	"stand_up_000": {
		"type": "fromPhysicsEditor",
		"label": "stand_up_000",
		"isStatic": false,
		"density": 0.10000000149011612,
		"restitution": 0,
		"friction": 0.10000000149011612,
		"frictionAir": 0.009999999776482582,
		"frictionStatic": 0.5,
		"collisionFilter": {
			"group": 0,
			"category": 1,
			"mask": 255
		},
		"fixtures": [
			{
				"label": "",
				"isSensor": false,
				"vertices": [
					[ { "x":16, "y":36 }, { "x":19, "y":38 }, { "x":24, "y":37 }, { "x":20, "y":33 } ],
					[ { "x":28, "y":41 }, { "x":32, "y":39 }, { "x":17, "y":17 }, { "x":15, "y":19 }, { "x":24, "y":37 } ],
					[ { "x":33, "y":45 }, { "x":46, "y":48 }, { "x":48, "y":48 }, { "x":51, "y":45 }, { "x":32, "y":39 } ],
					[ { "x":16, "y":26 }, { "x":20, "y":29 }, { "x":15, "y":19 } ],
					[ { "x":20, "y":33 }, { "x":24, "y":37 }, { "x":20, "y":29 } ],
					[ { "x":79, "y":18 }, { "x":69, "y":17 }, { "x":46, "y":17 }, { "x":77, "y":32 }, { "x":81, "y":27 }, { "x":81, "y":22 } ],
					[ { "x":77, "y":32 }, { "x":46, "y":17 }, { "x":17, "y":17 }, { "x":32, "y":39 }, { "x":51, "y":45 }, { "x":69, "y":46 }, { "x":72, "y":44 } ]
				]
			}
		]
	}
}
