{
	"textures": [
		{
			"image": "/assets/sprites/treesBushesPlants/rocks14.png",
			"format": "RGBA8888",
			"size": {
				"w": 70,
				"h": 50
			},
			"scale": 1,
			"frames": [
				{
					"filename": "stand_down_000",
					"rotated": false,
					"trimmed": true,
					"sourceSize": {
						"w": 96,
						"h": 48
					},
					"spriteSourceSize": {
						"x": 14,
						"y": 0,
						"w": 68,
						"h": 48
					},
					"frame": {
						"x": 1,
						"y": 1,
						"w": 68,
						"h": 48
					}
				},
				{
					"filename": "stand_left_000",
					"rotated": false,
					"trimmed": true,
					"sourceSize": {
						"w": 96,
						"h": 48
					},
					"spriteSourceSize": {
						"x": 14,
						"y": 0,
						"w": 68,
						"h": 48
					},
					"frame": {
						"x": 1,
						"y": 1,
						"w": 68,
						"h": 48
					}
				},
				{
					"filename": "stand_right_000",
					"rotated": false,
					"trimmed": true,
					"sourceSize": {
						"w": 96,
						"h": 48
					},
					"spriteSourceSize": {
						"x": 14,
						"y": 0,
						"w": 68,
						"h": 48
					},
					"frame": {
						"x": 1,
						"y": 1,
						"w": 68,
						"h": 48
					}
				},
				{
					"filename": "stand_up_000",
					"rotated": false,
					"trimmed": true,
					"sourceSize": {
						"w": 96,
						"h": 48
					},
					"spriteSourceSize": {
						"x": 14,
						"y": 0,
						"w": 68,
						"h": 48
					},
					"frame": {
						"x": 1,
						"y": 1,
						"w": 68,
						"h": 48
					}
				}
			]
		}
	],
	"meta": {
		"app": "https://www.codeandweb.com/texturepacker",
		"version": "3.0",
		"smartupdate": "$TexturePacker:SmartUpdate:9f81c6bfd9046ce9720678c266f0bd07:70e81a09c7be0327791ebbe29240c6ec:ec330ffdef31b250c8ab8906ab8d588e$"
	}
}
