{
	"textures": [
		{
			"image": "/assets/sprites/furniture/sofa1_darkblue_down.png",
			"format": "RGBA8888",
			"size": {
				"w": 130,
				"h": 98
			},
			"scale": 1,
			"frames": [
				{
					"filename": "stand_down_000",
					"rotated": false,
					"trimmed": false,
					"sourceSize": {
						"w": 128,
						"h": 96
					},
					"spriteSourceSize": {
						"x": 0,
						"y": 0,
						"w": 128,
						"h": 96
					},
					"frame": {
						"x": 1,
						"y": 1,
						"w": 128,
						"h": 96
					}
				},
				{
					"filename": "stand_left_000",
					"rotated": false,
					"trimmed": false,
					"sourceSize": {
						"w": 128,
						"h": 96
					},
					"spriteSourceSize": {
						"x": 0,
						"y": 0,
						"w": 128,
						"h": 96
					},
					"frame": {
						"x": 1,
						"y": 1,
						"w": 128,
						"h": 96
					}
				},
				{
					"filename": "stand_right_000",
					"rotated": false,
					"trimmed": false,
					"sourceSize": {
						"w": 128,
						"h": 96
					},
					"spriteSourceSize": {
						"x": 0,
						"y": 0,
						"w": 128,
						"h": 96
					},
					"frame": {
						"x": 1,
						"y": 1,
						"w": 128,
						"h": 96
					}
				},
				{
					"filename": "stand_up_000",
					"rotated": false,
					"trimmed": false,
					"sourceSize": {
						"w": 128,
						"h": 96
					},
					"spriteSourceSize": {
						"x": 0,
						"y": 0,
						"w": 128,
						"h": 96
					},
					"frame": {
						"x": 1,
						"y": 1,
						"w": 128,
						"h": 96
					}
				}
			]
		}
	],
	"meta": {
		"app": "https://www.codeandweb.com/texturepacker",
		"version": "3.0",
		"smartupdate": "$TexturePacker:SmartUpdate:be62a31d5efc2d503526292d36e7651a:a4c1aa171579e6ec22a9ccc93e990d86:a2c5581f12c61fd4319eb9829e44f154$"
	}
}
