{
	"textures": [
		{
			"image": "/assets/sprites/furniture/gardenplant_red_1.png",
			"format": "RGBA8888",
			"size": {
				"w": 66,
				"h": 98
			},
			"scale": 1,
			"frames": [
				{
					"filename": "stand_down_000",
					"rotated": false,
					"trimmed": false,
					"sourceSize": {
						"w": 64,
						"h": 96
					},
					"spriteSourceSize": {
						"x": 0,
						"y": 0,
						"w": 64,
						"h": 96
					},
					"frame": {
						"x": 1,
						"y": 1,
						"w": 64,
						"h": 96
					}
				},
				{
					"filename": "stand_left_000",
					"rotated": false,
					"trimmed": false,
					"sourceSize": {
						"w": 64,
						"h": 96
					},
					"spriteSourceSize": {
						"x": 0,
						"y": 0,
						"w": 64,
						"h": 96
					},
					"frame": {
						"x": 1,
						"y": 1,
						"w": 64,
						"h": 96
					}
				},
				{
					"filename": "stand_right_000",
					"rotated": false,
					"trimmed": false,
					"sourceSize": {
						"w": 64,
						"h": 96
					},
					"spriteSourceSize": {
						"x": 0,
						"y": 0,
						"w": 64,
						"h": 96
					},
					"frame": {
						"x": 1,
						"y": 1,
						"w": 64,
						"h": 96
					}
				},
				{
					"filename": "stand_up_000",
					"rotated": false,
					"trimmed": false,
					"sourceSize": {
						"w": 64,
						"h": 96
					},
					"spriteSourceSize": {
						"x": 0,
						"y": 0,
						"w": 64,
						"h": 96
					},
					"frame": {
						"x": 1,
						"y": 1,
						"w": 64,
						"h": 96
					}
				}
			]
		}
	],
	"meta": {
		"app": "https://www.codeandweb.com/texturepacker",
		"version": "3.0",
		"smartupdate": "$TexturePacker:SmartUpdate:15baf19c2ec3201c261f9a41c3cabe96:9f1366e60ccff3600a629643910e8faf:2d7d85de7b11499af553790bbe18b8ed$"
	}
}
