{
	"textures": [
		{
			"image": "/assets/sprites/furniture/painting_5.png",
			"format": "RGBA8888",
			"size": {
				"w": 70,
				"h": 102
			},
			"scale": 1,
			"frames": [
				{
					"filename": "stand_down_000",
					"rotated": false,
					"trimmed": false,
					"sourceSize": {
						"w": 68,
						"h": 100
					},
					"spriteSourceSize": {
						"x": 0,
						"y": 0,
						"w": 68,
						"h": 100
					},
					"frame": {
						"x": 1,
						"y": 1,
						"w": 68,
						"h": 100
					}
				},
				{
					"filename": "stand_left_000",
					"rotated": false,
					"trimmed": false,
					"sourceSize": {
						"w": 68,
						"h": 100
					},
					"spriteSourceSize": {
						"x": 0,
						"y": 0,
						"w": 68,
						"h": 100
					},
					"frame": {
						"x": 1,
						"y": 1,
						"w": 68,
						"h": 100
					}
				},
				{
					"filename": "stand_right_000",
					"rotated": false,
					"trimmed": false,
					"sourceSize": {
						"w": 68,
						"h": 100
					},
					"spriteSourceSize": {
						"x": 0,
						"y": 0,
						"w": 68,
						"h": 100
					},
					"frame": {
						"x": 1,
						"y": 1,
						"w": 68,
						"h": 100
					}
				},
				{
					"filename": "stand_up_000",
					"rotated": false,
					"trimmed": false,
					"sourceSize": {
						"w": 68,
						"h": 100
					},
					"spriteSourceSize": {
						"x": 0,
						"y": 0,
						"w": 68,
						"h": 100
					},
					"frame": {
						"x": 1,
						"y": 1,
						"w": 68,
						"h": 100
					}
				}
			]
		}
	],
	"meta": {
		"app": "https://www.codeandweb.com/texturepacker",
		"version": "3.0",
		"smartupdate": "$TexturePacker:SmartUpdate:78bb8f3d437f31bbf6dca92fda1a87e5:c46c236fc98c7ed40df54300f5917917:b5ae644883b6cd4c6310071bfe64dbc8$"
	}
}
