{
	"generator_info": "Shape definitions generated with PhysicsEditor. Visit https://www.codeandweb.com/physicseditor",
	"stand_down_000": {
		"type": "fromPhysicsEditor",
		"label": "stand_down_000",
		"isStatic": false,
		"density": 0.1,
		"restitution": 0,
		"friction": 0.1,
		"frictionAir": 0.01,
		"frictionStatic": 0.5,
		"collisionFilter": {
			"group": 0,
			"category": 1,
			"mask": 255
		},
		"fixtures": [
			{
				"label": "",
				"isSensor": false,
				"vertices": [
					[ { "x":109, "y":217 }, { "x":112, "y":217 }, { "x":120, "y":216 }, { "x":127, "y":193 }, { "x":109, "y":214 } ],
					[ { "x":112, "y":220 }, { "x":120, "y":216 }, { "x":112, "y":217 } ],
					[ { "x":100, "y":206 }, { "x":100, "y":208 }, { "x":106, "y":212 }, { "x":102, "y":206 } ],
					[ { "x":99, "y":214 }, { "x":104, "y":214 }, { "x":106, "y":212 }, { "x":100, "y":208 }, { "x":98, "y":209 } ],
					[ { "x":107, "y":215 }, { "x":109, "y":214 }, { "x":127, "y":193 }, { "x":127, "y":187 }, { "x":106, "y":212 } ],
					[ { "x":107, "y":187 }, { "x":105, "y":200 }, { "x":106, "y":212 }, { "x":127, "y":187 } ],
					[ { "x":119, "y":220 }, { "x":120, "y":216 }, { "x":114, "y":219 }, { "x":114, "y":221 } ],
					[ { "x":133, "y":219 }, { "x":136, "y":213 }, { "x":127, "y":193 }, { "x":122, "y":217 }, { "x":123, "y":218 } ],
					[ { "x":122, "y":220 }, { "x":123, "y":218 }, { "x":122, "y":217 } ],
					[ { "x":102, "y":206 }, { "x":106, "y":212 }, { "x":105, "y":200 } ],
					[ { "x":120, "y":216 }, { "x":122, "y":217 }, { "x":127, "y":193 } ]
				]
			}
		]
	},
	"stand_left_000": {
		"type": "fromPhysicsEditor",
		"label": "stand_left_000",
		"isStatic": false,
		"density": 0.10000000149011612,
		"restitution": 0,
		"friction": 0.10000000149011612,
		"frictionAir": 0.009999999776482582,
		"frictionStatic": 0.5,
		"collisionFilter": {
			"group": 0,
			"category": 1,
			"mask": 255
		},
		"fixtures": [
			{
				"label": "",
				"isSensor": false,
				"vertices": [
					[ { "x":109, "y":217 }, { "x":112, "y":217 }, { "x":120, "y":216 }, { "x":127, "y":193 }, { "x":109, "y":214 } ],
					[ { "x":112, "y":220 }, { "x":120, "y":216 }, { "x":112, "y":217 } ],
					[ { "x":100, "y":206 }, { "x":100, "y":208 }, { "x":106, "y":212 }, { "x":102, "y":206 } ],
					[ { "x":99, "y":214 }, { "x":104, "y":214 }, { "x":106, "y":212 }, { "x":100, "y":208 }, { "x":98, "y":209 } ],
					[ { "x":107, "y":215 }, { "x":109, "y":214 }, { "x":127, "y":193 }, { "x":127, "y":187 }, { "x":106, "y":212 } ],
					[ { "x":107, "y":187 }, { "x":105, "y":200 }, { "x":106, "y":212 }, { "x":127, "y":187 } ],
					[ { "x":119, "y":220 }, { "x":120, "y":216 }, { "x":114, "y":219 }, { "x":114, "y":221 } ],
					[ { "x":133, "y":219 }, { "x":136, "y":213 }, { "x":127, "y":193 }, { "x":122, "y":217 }, { "x":123, "y":218 } ],
					[ { "x":122, "y":220 }, { "x":123, "y":218 }, { "x":122, "y":217 } ],
					[ { "x":102, "y":206 }, { "x":106, "y":212 }, { "x":105, "y":200 } ],
					[ { "x":120, "y":216 }, { "x":122, "y":217 }, { "x":127, "y":193 } ]
				]
			}
		]
	},
	"stand_right_000": {
		"type": "fromPhysicsEditor",
		"label": "stand_right_000",
		"isStatic": false,
		"density": 0.10000000149011612,
		"restitution": 0,
		"friction": 0.10000000149011612,
		"frictionAir": 0.009999999776482582,
		"frictionStatic": 0.5,
		"collisionFilter": {
			"group": 0,
			"category": 1,
			"mask": 255
		},
		"fixtures": [
			{
				"label": "",
				"isSensor": false,
				"vertices": [
					[ { "x":109, "y":217 }, { "x":112, "y":217 }, { "x":120, "y":216 }, { "x":127, "y":193 }, { "x":109, "y":214 } ],
					[ { "x":112, "y":220 }, { "x":120, "y":216 }, { "x":112, "y":217 } ],
					[ { "x":100, "y":206 }, { "x":100, "y":208 }, { "x":106, "y":212 }, { "x":102, "y":206 } ],
					[ { "x":99, "y":214 }, { "x":104, "y":214 }, { "x":106, "y":212 }, { "x":100, "y":208 }, { "x":98, "y":209 } ],
					[ { "x":107, "y":215 }, { "x":109, "y":214 }, { "x":127, "y":193 }, { "x":127, "y":187 }, { "x":106, "y":212 } ],
					[ { "x":107, "y":187 }, { "x":105, "y":200 }, { "x":106, "y":212 }, { "x":127, "y":187 } ],
					[ { "x":119, "y":220 }, { "x":120, "y":216 }, { "x":114, "y":219 }, { "x":114, "y":221 } ],
					[ { "x":133, "y":219 }, { "x":136, "y":213 }, { "x":127, "y":193 }, { "x":122, "y":217 }, { "x":123, "y":218 } ],
					[ { "x":122, "y":220 }, { "x":123, "y":218 }, { "x":122, "y":217 } ],
					[ { "x":102, "y":206 }, { "x":106, "y":212 }, { "x":105, "y":200 } ],
					[ { "x":120, "y":216 }, { "x":122, "y":217 }, { "x":127, "y":193 } ]
				]
			}
		]
	},
	"stand_up_000": {
		"type": "fromPhysicsEditor",
		"label": "stand_up_000",
		"isStatic": false,
		"density": 0.10000000149011612,
		"restitution": 0,
		"friction": 0.10000000149011612,
		"frictionAir": 0.009999999776482582,
		"frictionStatic": 0.5,
		"collisionFilter": {
			"group": 0,
			"category": 1,
			"mask": 255
		},
		"fixtures": [
			{
				"label": "",
				"isSensor": false,
				"vertices": [
					[ { "x":109, "y":217 }, { "x":112, "y":217 }, { "x":120, "y":216 }, { "x":127, "y":193 }, { "x":109, "y":214 } ],
					[ { "x":112, "y":220 }, { "x":120, "y":216 }, { "x":112, "y":217 } ],
					[ { "x":100, "y":206 }, { "x":100, "y":208 }, { "x":106, "y":212 }, { "x":102, "y":206 } ],
					[ { "x":99, "y":214 }, { "x":104, "y":214 }, { "x":106, "y":212 }, { "x":100, "y":208 }, { "x":98, "y":209 } ],
					[ { "x":107, "y":215 }, { "x":109, "y":214 }, { "x":127, "y":193 }, { "x":127, "y":187 }, { "x":106, "y":212 } ],
					[ { "x":107, "y":187 }, { "x":105, "y":200 }, { "x":106, "y":212 }, { "x":127, "y":187 } ],
					[ { "x":119, "y":220 }, { "x":120, "y":216 }, { "x":114, "y":219 }, { "x":114, "y":221 } ],
					[ { "x":133, "y":219 }, { "x":136, "y":213 }, { "x":127, "y":193 }, { "x":122, "y":217 }, { "x":123, "y":218 } ],
					[ { "x":122, "y":220 }, { "x":123, "y":218 }, { "x":122, "y":217 } ],
					[ { "x":102, "y":206 }, { "x":106, "y":212 }, { "x":105, "y":200 } ],
					[ { "x":120, "y":216 }, { "x":122, "y":217 }, { "x":127, "y":193 } ]
				]
			}
		]
	}
}
