{
	"textures": [
		{
			"image": "/assets/sprites/furniture/cabinet_6.png",
			"format": "RGBA8888",
			"size": {
				"w": 102,
				"h": 490
			},
			"scale": 1,
			"frames": [
				{
					"filename": "stand_down_000",
					"rotated": false,
					"trimmed": false,
					"sourceSize": {
						"w": 96,
						"h": 144
					},
					"spriteSourceSize": {
						"x": 0,
						"y": 0,
						"w": 96,
						"h": 144
					},
					"frame": {
						"x": 1,
						"y": 1,
						"w": 96,
						"h": 144
					}
				},
				{
					"filename": "stand_up_000",
					"rotated": false,
					"trimmed": false,
					"sourceSize": {
						"w": 96,
						"h": 144
					},
					"spriteSourceSize": {
						"x": 0,
						"y": 0,
						"w": 96,
						"h": 144
					},
					"frame": {
						"x": 1,
						"y": 149,
						"w": 96,
						"h": 144
					}
				},
				{
					"filename": "stand_left_000",
					"rotated": false,
					"trimmed": false,
					"sourceSize": {
						"w": 48,
						"h": 192
					},
					"spriteSourceSize": {
						"x": 0,
						"y": 0,
						"w": 48,
						"h": 192
					},
					"frame": {
						"x": 1,
						"y": 297,
						"w": 48,
						"h": 192
					}
				},
				{
					"filename": "stand_right_000",
					"rotated": false,
					"trimmed": false,
					"sourceSize": {
						"w": 48,
						"h": 192
					},
					"spriteSourceSize": {
						"x": 0,
						"y": 0,
						"w": 48,
						"h": 192
					},
					"frame": {
						"x": 53,
						"y": 297,
						"w": 48,
						"h": 192
					}
				}
			]
		}
	],
	"meta": {
		"app": "https://www.codeandweb.com/texturepacker",
		"version": "3.0",
		"smartupdate": "$TexturePacker:SmartUpdate:99bd2288a5be0f03136db7f37ab03804:478f0381922527ac68c960c2a102dba5:4f3c0b1fda54d3ad5cc353797f0fa408$"
	}
}
