{
	"generator_info": "Shape definitions generated with PhysicsEditor. Visit https://www.codeandweb.com/physicseditor",
	"stand_down_000": {
		"type": "fromPhysicsEditor",
		"label": "stand_down_000",
		"isStatic": false,
		"density": 0.1,
		"restitution": 0,
		"friction": 0.1,
		"frictionAir": 0.01,
		"frictionStatic": 0.5,
		"collisionFilter": {
			"group": 0,
			"category": 1,
			"mask": 255
		},
		"fixtures": [
			{
				"label": "",
				"isSensor": false,
				"vertices": [
					[ { "x":70, "y":73 }, { "x":70, "y":69 }, { "x":67, "y":68 }, { "x":65, "y":73 } ],
					[ { "x":76, "y":67 }, { "x":77, "y":60 }, { "x":69, "y":66 }, { "x":70, "y":68 } ],
					[ { "x":64, "y":77 }, { "x":65, "y":73 }, { "x":62, "y":76 } ],
					[ { "x":15, "y":53 }, { "x":18, "y":55 }, { "x":23, "y":54 }, { "x":18, "y":51 }, { "x":16, "y":51 } ],
					[ { "x":25, "y":60 }, { "x":27, "y":58 }, { "x":23, "y":54 } ],
					[ { "x":61, "y":78 }, { "x":62, "y":76 }, { "x":55, "y":74 }, { "x":57, "y":77 } ],
					[ { "x":81, "y":60 }, { "x":84, "y":57 }, { "x":84, "y":50 }, { "x":76, "y":41 }, { "x":12, "y":41 }, { "x":77, "y":60 } ],
					[ { "x":62, "y":76 }, { "x":65, "y":73 }, { "x":67, "y":68 }, { "x":42, "y":67 }, { "x":42, "y":69 }, { "x":46, "y":71 }, { "x":55, "y":74 } ],
					[ { "x":37, "y":67 }, { "x":42, "y":67 }, { "x":32, "y":59 } ],
					[ { "x":48, "y":74 }, { "x":55, "y":74 }, { "x":46, "y":71 } ],
					[ { "x":27, "y":58 }, { "x":32, "y":59 }, { "x":19, "y":46 }, { "x":23, "y":54 } ],
					[ { "x":42, "y":67 }, { "x":67, "y":68 }, { "x":67, "y":66 }, { "x":19, "y":46 }, { "x":32, "y":59 } ],
					[ { "x":18, "y":51 }, { "x":23, "y":54 }, { "x":19, "y":46 } ],
					[ { "x":77, "y":60 }, { "x":12, "y":41 }, { "x":19, "y":46 }, { "x":67, "y":66 }, { "x":69, "y":66 } ]
				]
			}
		]
	},
	"stand_left_000": {
		"type": "fromPhysicsEditor",
		"label": "stand_left_000",
		"isStatic": false,
		"density": 0.10000000149011612,
		"restitution": 0,
		"friction": 0.10000000149011612,
		"frictionAir": 0.009999999776482582,
		"frictionStatic": 0.5,
		"collisionFilter": {
			"group": 0,
			"category": 1,
			"mask": 255
		},
		"fixtures": [
			{
				"label": "",
				"isSensor": false,
				"vertices": [
					[ { "x":70, "y":73 }, { "x":70, "y":69 }, { "x":67, "y":68 }, { "x":65, "y":73 } ],
					[ { "x":76, "y":67 }, { "x":77, "y":60 }, { "x":69, "y":66 }, { "x":70, "y":68 } ],
					[ { "x":64, "y":77 }, { "x":65, "y":73 }, { "x":62, "y":76 } ],
					[ { "x":15, "y":53 }, { "x":18, "y":55 }, { "x":23, "y":54 }, { "x":18, "y":51 }, { "x":16, "y":51 } ],
					[ { "x":25, "y":60 }, { "x":27, "y":58 }, { "x":23, "y":54 } ],
					[ { "x":61, "y":78 }, { "x":62, "y":76 }, { "x":55, "y":74 }, { "x":57, "y":77 } ],
					[ { "x":81, "y":60 }, { "x":84, "y":57 }, { "x":84, "y":50 }, { "x":76, "y":41 }, { "x":12, "y":41 }, { "x":77, "y":60 } ],
					[ { "x":62, "y":76 }, { "x":65, "y":73 }, { "x":67, "y":68 }, { "x":42, "y":67 }, { "x":42, "y":69 }, { "x":46, "y":71 }, { "x":55, "y":74 } ],
					[ { "x":37, "y":67 }, { "x":42, "y":67 }, { "x":32, "y":59 } ],
					[ { "x":48, "y":74 }, { "x":55, "y":74 }, { "x":46, "y":71 } ],
					[ { "x":27, "y":58 }, { "x":32, "y":59 }, { "x":19, "y":46 }, { "x":23, "y":54 } ],
					[ { "x":42, "y":67 }, { "x":67, "y":68 }, { "x":67, "y":66 }, { "x":19, "y":46 }, { "x":32, "y":59 } ],
					[ { "x":18, "y":51 }, { "x":23, "y":54 }, { "x":19, "y":46 } ],
					[ { "x":77, "y":60 }, { "x":12, "y":41 }, { "x":19, "y":46 }, { "x":67, "y":66 }, { "x":69, "y":66 } ]
				]
			}
		]
	},
	"stand_right_000": {
		"type": "fromPhysicsEditor",
		"label": "stand_right_000",
		"isStatic": false,
		"density": 0.10000000149011612,
		"restitution": 0,
		"friction": 0.10000000149011612,
		"frictionAir": 0.009999999776482582,
		"frictionStatic": 0.5,
		"collisionFilter": {
			"group": 0,
			"category": 1,
			"mask": 255
		},
		"fixtures": [
			{
				"label": "",
				"isSensor": false,
				"vertices": [
					[ { "x":70, "y":73 }, { "x":70, "y":69 }, { "x":67, "y":68 }, { "x":65, "y":73 } ],
					[ { "x":76, "y":67 }, { "x":77, "y":60 }, { "x":69, "y":66 }, { "x":70, "y":68 } ],
					[ { "x":64, "y":77 }, { "x":65, "y":73 }, { "x":62, "y":76 } ],
					[ { "x":15, "y":53 }, { "x":18, "y":55 }, { "x":23, "y":54 }, { "x":18, "y":51 }, { "x":16, "y":51 } ],
					[ { "x":25, "y":60 }, { "x":27, "y":58 }, { "x":23, "y":54 } ],
					[ { "x":61, "y":78 }, { "x":62, "y":76 }, { "x":55, "y":74 }, { "x":57, "y":77 } ],
					[ { "x":81, "y":60 }, { "x":84, "y":57 }, { "x":84, "y":50 }, { "x":76, "y":41 }, { "x":12, "y":41 }, { "x":77, "y":60 } ],
					[ { "x":62, "y":76 }, { "x":65, "y":73 }, { "x":67, "y":68 }, { "x":42, "y":67 }, { "x":42, "y":69 }, { "x":46, "y":71 }, { "x":55, "y":74 } ],
					[ { "x":37, "y":67 }, { "x":42, "y":67 }, { "x":32, "y":59 } ],
					[ { "x":48, "y":74 }, { "x":55, "y":74 }, { "x":46, "y":71 } ],
					[ { "x":27, "y":58 }, { "x":32, "y":59 }, { "x":19, "y":46 }, { "x":23, "y":54 } ],
					[ { "x":42, "y":67 }, { "x":67, "y":68 }, { "x":67, "y":66 }, { "x":19, "y":46 }, { "x":32, "y":59 } ],
					[ { "x":18, "y":51 }, { "x":23, "y":54 }, { "x":19, "y":46 } ],
					[ { "x":77, "y":60 }, { "x":12, "y":41 }, { "x":19, "y":46 }, { "x":67, "y":66 }, { "x":69, "y":66 } ]
				]
			}
		]
	},
	"stand_up_000": {
		"type": "fromPhysicsEditor",
		"label": "stand_up_000",
		"isStatic": false,
		"density": 0.10000000149011612,
		"restitution": 0,
		"friction": 0.10000000149011612,
		"frictionAir": 0.009999999776482582,
		"frictionStatic": 0.5,
		"collisionFilter": {
			"group": 0,
			"category": 1,
			"mask": 255
		},
		"fixtures": [
			{
				"label": "",
				"isSensor": false,
				"vertices": [
					[ { "x":70, "y":73 }, { "x":70, "y":69 }, { "x":67, "y":68 }, { "x":65, "y":73 } ],
					[ { "x":76, "y":67 }, { "x":77, "y":60 }, { "x":69, "y":66 }, { "x":70, "y":68 } ],
					[ { "x":64, "y":77 }, { "x":65, "y":73 }, { "x":62, "y":76 } ],
					[ { "x":15, "y":53 }, { "x":18, "y":55 }, { "x":23, "y":54 }, { "x":18, "y":51 }, { "x":16, "y":51 } ],
					[ { "x":25, "y":60 }, { "x":27, "y":58 }, { "x":23, "y":54 } ],
					[ { "x":61, "y":78 }, { "x":62, "y":76 }, { "x":55, "y":74 }, { "x":57, "y":77 } ],
					[ { "x":81, "y":60 }, { "x":84, "y":57 }, { "x":84, "y":50 }, { "x":76, "y":41 }, { "x":12, "y":41 }, { "x":77, "y":60 } ],
					[ { "x":62, "y":76 }, { "x":65, "y":73 }, { "x":67, "y":68 }, { "x":42, "y":67 }, { "x":42, "y":69 }, { "x":46, "y":71 }, { "x":55, "y":74 } ],
					[ { "x":37, "y":67 }, { "x":42, "y":67 }, { "x":32, "y":59 } ],
					[ { "x":48, "y":74 }, { "x":55, "y":74 }, { "x":46, "y":71 } ],
					[ { "x":27, "y":58 }, { "x":32, "y":59 }, { "x":19, "y":46 }, { "x":23, "y":54 } ],
					[ { "x":42, "y":67 }, { "x":67, "y":68 }, { "x":67, "y":66 }, { "x":19, "y":46 }, { "x":32, "y":59 } ],
					[ { "x":18, "y":51 }, { "x":23, "y":54 }, { "x":19, "y":46 } ],
					[ { "x":77, "y":60 }, { "x":12, "y":41 }, { "x":19, "y":46 }, { "x":67, "y":66 }, { "x":69, "y":66 } ]
				]
			}
		]
	}
}
