{
	"textures": [
		{
			"image": "/assets/sprites/treesBushesPlants/rocks17.png",
			"format": "RGBA8888",
			"size": {
				"w": 76,
				"h": 64
			},
			"scale": 1,
			"frames": [
				{
					"filename": "stand_down_000",
					"rotated": false,
					"trimmed": true,
					"sourceSize": {
						"w": 96,
						"h": 96
					},
					"spriteSourceSize": {
						"x": 11,
						"y": 17,
						"w": 74,
						"h": 62
					},
					"frame": {
						"x": 1,
						"y": 1,
						"w": 74,
						"h": 62
					}
				},
				{
					"filename": "stand_left_000",
					"rotated": false,
					"trimmed": true,
					"sourceSize": {
						"w": 96,
						"h": 96
					},
					"spriteSourceSize": {
						"x": 11,
						"y": 17,
						"w": 74,
						"h": 62
					},
					"frame": {
						"x": 1,
						"y": 1,
						"w": 74,
						"h": 62
					}
				},
				{
					"filename": "stand_right_000",
					"rotated": false,
					"trimmed": true,
					"sourceSize": {
						"w": 96,
						"h": 96
					},
					"spriteSourceSize": {
						"x": 11,
						"y": 17,
						"w": 74,
						"h": 62
					},
					"frame": {
						"x": 1,
						"y": 1,
						"w": 74,
						"h": 62
					}
				},
				{
					"filename": "stand_up_000",
					"rotated": false,
					"trimmed": true,
					"sourceSize": {
						"w": 96,
						"h": 96
					},
					"spriteSourceSize": {
						"x": 11,
						"y": 17,
						"w": 74,
						"h": 62
					},
					"frame": {
						"x": 1,
						"y": 1,
						"w": 74,
						"h": 62
					}
				}
			]
		}
	],
	"meta": {
		"app": "https://www.codeandweb.com/texturepacker",
		"version": "3.0",
		"smartupdate": "$TexturePacker:SmartUpdate:944354f784ee3b65f49cb4e5b38aeaf7:d8de832883a6e303143e4a4323b67f1a:bc53257c59d885b51bd193264fa2bf55$"
	}
}
