{
	"textures": [
		{
			"image": "/assets/sprites/furniture/window_4.png",
			"format": "RGBA8888",
			"size": {
				"w": 50,
				"h": 52
			},
			"scale": 1,
			"frames": [
				{
					"filename": "stand_down_000",
					"rotated": false,
					"trimmed": false,
					"sourceSize": {
						"w": 48,
						"h": 50
					},
					"spriteSourceSize": {
						"x": 0,
						"y": 0,
						"w": 48,
						"h": 50
					},
					"frame": {
						"x": 1,
						"y": 1,
						"w": 48,
						"h": 50
					}
				},
				{
					"filename": "stand_left_000",
					"rotated": false,
					"trimmed": false,
					"sourceSize": {
						"w": 48,
						"h": 50
					},
					"spriteSourceSize": {
						"x": 0,
						"y": 0,
						"w": 48,
						"h": 50
					},
					"frame": {
						"x": 1,
						"y": 1,
						"w": 48,
						"h": 50
					}
				},
				{
					"filename": "stand_right_000",
					"rotated": false,
					"trimmed": false,
					"sourceSize": {
						"w": 48,
						"h": 50
					},
					"spriteSourceSize": {
						"x": 0,
						"y": 0,
						"w": 48,
						"h": 50
					},
					"frame": {
						"x": 1,
						"y": 1,
						"w": 48,
						"h": 50
					}
				},
				{
					"filename": "stand_up_000",
					"rotated": false,
					"trimmed": false,
					"sourceSize": {
						"w": 48,
						"h": 50
					},
					"spriteSourceSize": {
						"x": 0,
						"y": 0,
						"w": 48,
						"h": 50
					},
					"frame": {
						"x": 1,
						"y": 1,
						"w": 48,
						"h": 50
					}
				}
			]
		}
	],
	"meta": {
		"app": "https://www.codeandweb.com/texturepacker",
		"version": "3.0",
		"smartupdate": "$TexturePacker:SmartUpdate:eab11fc9872f51365f7a8c8c70e23ac9:4fc6843dd98c5761c7cc215b23fbaea9:9b339451944b7c2ee5aa62f57a500941$"
	}
}
