{
	"textures": [
		{
			"image": "/assets/sprites/furniture/tabouret_yellow_down.png",
			"format": "RGBA8888",
			"size": {
				"w": 48,
				"h": 88
			},
			"scale": 1,
			"frames": [
				{
					"filename": "stand_down_000",
					"rotated": false,
					"trimmed": true,
					"sourceSize": {
						"w": 64,
						"h": 96
					},
					"spriteSourceSize": {
						"x": 8,
						"y": 10,
						"w": 46,
						"h": 86
					},
					"frame": {
						"x": 1,
						"y": 1,
						"w": 46,
						"h": 86
					}
				},
				{
					"filename": "stand_left_000",
					"rotated": false,
					"trimmed": true,
					"sourceSize": {
						"w": 64,
						"h": 96
					},
					"spriteSourceSize": {
						"x": 8,
						"y": 10,
						"w": 46,
						"h": 86
					},
					"frame": {
						"x": 1,
						"y": 1,
						"w": 46,
						"h": 86
					}
				},
				{
					"filename": "stand_right_000",
					"rotated": false,
					"trimmed": true,
					"sourceSize": {
						"w": 64,
						"h": 96
					},
					"spriteSourceSize": {
						"x": 8,
						"y": 10,
						"w": 46,
						"h": 86
					},
					"frame": {
						"x": 1,
						"y": 1,
						"w": 46,
						"h": 86
					}
				},
				{
					"filename": "stand_up_000",
					"rotated": false,
					"trimmed": true,
					"sourceSize": {
						"w": 64,
						"h": 96
					},
					"spriteSourceSize": {
						"x": 8,
						"y": 10,
						"w": 46,
						"h": 86
					},
					"frame": {
						"x": 1,
						"y": 1,
						"w": 46,
						"h": 86
					}
				}
			]
		}
	],
	"meta": {
		"app": "https://www.codeandweb.com/texturepacker",
		"version": "3.0",
		"smartupdate": "$TexturePacker:SmartUpdate:440a637f5ca18d797a3b1008ffc0e57d:634e7f30dc4f79266a66282cfaeeaf08:e42a5bdf56f48dedc203c6ee971bb3e1$"
	}
}
