{
	"textures": [
		{
			"image": "/assets/sprites/furniture/sunbed_green_down.png",
			"format": "RGBA8888",
			"size": {
				"w": 66,
				"h": 130
			},
			"scale": 1,
			"frames": [
				{
					"filename": "stand_down_000",
					"rotated": false,
					"trimmed": false,
					"sourceSize": {
						"w": 64,
						"h": 128
					},
					"spriteSourceSize": {
						"x": 0,
						"y": 0,
						"w": 64,
						"h": 128
					},
					"frame": {
						"x": 1,
						"y": 1,
						"w": 64,
						"h": 128
					}
				},
				{
					"filename": "stand_left_000",
					"rotated": false,
					"trimmed": false,
					"sourceSize": {
						"w": 64,
						"h": 128
					},
					"spriteSourceSize": {
						"x": 0,
						"y": 0,
						"w": 64,
						"h": 128
					},
					"frame": {
						"x": 1,
						"y": 1,
						"w": 64,
						"h": 128
					}
				},
				{
					"filename": "stand_right_000",
					"rotated": false,
					"trimmed": false,
					"sourceSize": {
						"w": 64,
						"h": 128
					},
					"spriteSourceSize": {
						"x": 0,
						"y": 0,
						"w": 64,
						"h": 128
					},
					"frame": {
						"x": 1,
						"y": 1,
						"w": 64,
						"h": 128
					}
				},
				{
					"filename": "stand_up_000",
					"rotated": false,
					"trimmed": false,
					"sourceSize": {
						"w": 64,
						"h": 128
					},
					"spriteSourceSize": {
						"x": 0,
						"y": 0,
						"w": 64,
						"h": 128
					},
					"frame": {
						"x": 1,
						"y": 1,
						"w": 64,
						"h": 128
					}
				}
			]
		}
	],
	"meta": {
		"app": "https://www.codeandweb.com/texturepacker",
		"version": "3.0",
		"smartupdate": "$TexturePacker:SmartUpdate:ea2f8547921ff1234e7c7816d6eb6a43:6badca00cb5cb2db264da1f0542c9f51:17cb84ddab289db8e04634d08b92d029$"
	}
}
