{
	"generator_info": "Shape definitions generated with PhysicsEditor. Visit https://www.codeandweb.com/physicseditor",
	"stand_down_000": {
		"type": "fromPhysicsEditor",
		"label": "stand_down_000",
		"isStatic": false,
		"density": 0.1,
		"restitution": 0,
		"friction": 0.1,
		"frictionAir": 0.01,
		"frictionStatic": 0.5,
		"collisionFilter": {
			"group": 0,
			"category": 1,
			"mask": 255
		},
		"fixtures": [
			{
				"label": "",
				"isSensor": false,
				"vertices": [
					[ { "x":37, "y":35 }, { "x":37, "y":33 }, { "x":2, "y":22 }, { "x":5, "y":25 }, { "x":34, "y":35 } ],
					[ { "x":43, "y":30 }, { "x":43, "y":22 }, { "x":2, "y":22 }, { "x":37, "y":33 } ],
					[ { "x":13, "y":44 }, { "x":16, "y":40 }, { "x":7, "y":29 }, { "x":10, "y":43 } ],
					[ { "x":5, "y":28 }, { "x":7, "y":29 }, { "x":34, "y":37 }, { "x":34, "y":35 }, { "x":5, "y":25 } ],
					[ { "x":24, "y":44 }, { "x":28, "y":44 }, { "x":34, "y":37 }, { "x":20, "y":40 } ],
					[ { "x":16, "y":40 }, { "x":20, "y":40 }, { "x":34, "y":37 }, { "x":7, "y":29 } ]
				]
			}
		]
	},
	"stand_left_000": {
		"type": "fromPhysicsEditor",
		"label": "stand_left_000",
		"isStatic": false,
		"density": 0.10000000149011612,
		"restitution": 0,
		"friction": 0.10000000149011612,
		"frictionAir": 0.009999999776482582,
		"frictionStatic": 0.5,
		"collisionFilter": {
			"group": 0,
			"category": 1,
			"mask": 255
		},
		"fixtures": [
			{
				"label": "",
				"isSensor": false,
				"vertices": [
					[ { "x":37, "y":35 }, { "x":37, "y":33 }, { "x":2, "y":22 }, { "x":5, "y":25 }, { "x":34, "y":35 } ],
					[ { "x":43, "y":30 }, { "x":43, "y":22 }, { "x":2, "y":22 }, { "x":37, "y":33 } ],
					[ { "x":13, "y":44 }, { "x":16, "y":40 }, { "x":7, "y":29 }, { "x":10, "y":43 } ],
					[ { "x":5, "y":28 }, { "x":7, "y":29 }, { "x":34, "y":37 }, { "x":34, "y":35 }, { "x":5, "y":25 } ],
					[ { "x":24, "y":44 }, { "x":28, "y":44 }, { "x":34, "y":37 }, { "x":20, "y":40 } ],
					[ { "x":16, "y":40 }, { "x":20, "y":40 }, { "x":34, "y":37 }, { "x":7, "y":29 } ]
				]
			}
		]
	},
	"stand_right_000": {
		"type": "fromPhysicsEditor",
		"label": "stand_right_000",
		"isStatic": false,
		"density": 0.10000000149011612,
		"restitution": 0,
		"friction": 0.10000000149011612,
		"frictionAir": 0.009999999776482582,
		"frictionStatic": 0.5,
		"collisionFilter": {
			"group": 0,
			"category": 1,
			"mask": 255
		},
		"fixtures": [
			{
				"label": "",
				"isSensor": false,
				"vertices": [
					[ { "x":37, "y":35 }, { "x":37, "y":33 }, { "x":2, "y":22 }, { "x":5, "y":25 }, { "x":34, "y":35 } ],
					[ { "x":43, "y":30 }, { "x":43, "y":22 }, { "x":2, "y":22 }, { "x":37, "y":33 } ],
					[ { "x":13, "y":44 }, { "x":16, "y":40 }, { "x":7, "y":29 }, { "x":10, "y":43 } ],
					[ { "x":5, "y":28 }, { "x":7, "y":29 }, { "x":34, "y":37 }, { "x":34, "y":35 }, { "x":5, "y":25 } ],
					[ { "x":24, "y":44 }, { "x":28, "y":44 }, { "x":34, "y":37 }, { "x":20, "y":40 } ],
					[ { "x":16, "y":40 }, { "x":20, "y":40 }, { "x":34, "y":37 }, { "x":7, "y":29 } ]
				]
			}
		]
	},
	"stand_up_000": {
		"type": "fromPhysicsEditor",
		"label": "stand_up_000",
		"isStatic": false,
		"density": 0.10000000149011612,
		"restitution": 0,
		"friction": 0.10000000149011612,
		"frictionAir": 0.009999999776482582,
		"frictionStatic": 0.5,
		"collisionFilter": {
			"group": 0,
			"category": 1,
			"mask": 255
		},
		"fixtures": [
			{
				"label": "",
				"isSensor": false,
				"vertices": [
					[ { "x":37, "y":35 }, { "x":37, "y":33 }, { "x":2, "y":22 }, { "x":5, "y":25 }, { "x":34, "y":35 } ],
					[ { "x":43, "y":30 }, { "x":43, "y":22 }, { "x":2, "y":22 }, { "x":37, "y":33 } ],
					[ { "x":13, "y":44 }, { "x":16, "y":40 }, { "x":7, "y":29 }, { "x":10, "y":43 } ],
					[ { "x":5, "y":28 }, { "x":7, "y":29 }, { "x":34, "y":37 }, { "x":34, "y":35 }, { "x":5, "y":25 } ],
					[ { "x":24, "y":44 }, { "x":28, "y":44 }, { "x":34, "y":37 }, { "x":20, "y":40 } ],
					[ { "x":16, "y":40 }, { "x":20, "y":40 }, { "x":34, "y":37 }, { "x":7, "y":29 } ]
				]
			}
		]
	}
}
