{
	"textures": [
		{
			"image": "/assets/sprites/treesBushesPlants/rocks11.png",
			"format": "RGBA8888",
			"size": {
				"w": 47,
				"h": 44
			},
			"scale": 1,
			"frames": [
				{
					"filename": "stand_down_000",
					"rotated": false,
					"trimmed": true,
					"sourceSize": {
						"w": 48,
						"h": 48
					},
					"spriteSourceSize": {
						"x": 1,
						"y": 3,
						"w": 45,
						"h": 42
					},
					"frame": {
						"x": 1,
						"y": 1,
						"w": 45,
						"h": 42
					}
				},
				{
					"filename": "stand_left_000",
					"rotated": false,
					"trimmed": true,
					"sourceSize": {
						"w": 48,
						"h": 48
					},
					"spriteSourceSize": {
						"x": 1,
						"y": 3,
						"w": 45,
						"h": 42
					},
					"frame": {
						"x": 1,
						"y": 1,
						"w": 45,
						"h": 42
					}
				},
				{
					"filename": "stand_right_000",
					"rotated": false,
					"trimmed": true,
					"sourceSize": {
						"w": 48,
						"h": 48
					},
					"spriteSourceSize": {
						"x": 1,
						"y": 3,
						"w": 45,
						"h": 42
					},
					"frame": {
						"x": 1,
						"y": 1,
						"w": 45,
						"h": 42
					}
				},
				{
					"filename": "stand_up_000",
					"rotated": false,
					"trimmed": true,
					"sourceSize": {
						"w": 48,
						"h": 48
					},
					"spriteSourceSize": {
						"x": 1,
						"y": 3,
						"w": 45,
						"h": 42
					},
					"frame": {
						"x": 1,
						"y": 1,
						"w": 45,
						"h": 42
					}
				}
			]
		}
	],
	"meta": {
		"app": "https://www.codeandweb.com/texturepacker",
		"version": "3.0",
		"smartupdate": "$TexturePacker:SmartUpdate:077f67e0aa11ab75510cc22069fd5b19:580560c6a9e5c6f119c0e13fc8fe98e4:48c85cb44b52e51bca6bb5a511e65c4e$"
	}
}
