{
	"textures": [
		{
			"image": "/assets/sprites/furniture/window_1.png",
			"format": "RGBA8888",
			"size": {
				"w": 52,
				"h": 54
			},
			"scale": 1,
			"frames": [
				{
					"filename": "stand_down_000",
					"rotated": false,
					"trimmed": false,
					"sourceSize": {
						"w": 50,
						"h": 52
					},
					"spriteSourceSize": {
						"x": 0,
						"y": 0,
						"w": 50,
						"h": 52
					},
					"frame": {
						"x": 1,
						"y": 1,
						"w": 50,
						"h": 52
					}
				},
				{
					"filename": "stand_left_000",
					"rotated": false,
					"trimmed": false,
					"sourceSize": {
						"w": 50,
						"h": 52
					},
					"spriteSourceSize": {
						"x": 0,
						"y": 0,
						"w": 50,
						"h": 52
					},
					"frame": {
						"x": 1,
						"y": 1,
						"w": 50,
						"h": 52
					}
				},
				{
					"filename": "stand_right_000",
					"rotated": false,
					"trimmed": false,
					"sourceSize": {
						"w": 50,
						"h": 52
					},
					"spriteSourceSize": {
						"x": 0,
						"y": 0,
						"w": 50,
						"h": 52
					},
					"frame": {
						"x": 1,
						"y": 1,
						"w": 50,
						"h": 52
					}
				},
				{
					"filename": "stand_up_000",
					"rotated": false,
					"trimmed": false,
					"sourceSize": {
						"w": 50,
						"h": 52
					},
					"spriteSourceSize": {
						"x": 0,
						"y": 0,
						"w": 50,
						"h": 52
					},
					"frame": {
						"x": 1,
						"y": 1,
						"w": 50,
						"h": 52
					}
				}
			]
		}
	],
	"meta": {
		"app": "https://www.codeandweb.com/texturepacker",
		"version": "3.0",
		"smartupdate": "$TexturePacker:SmartUpdate:2ae05303d84c59104fc8df421387881d:bea27aab83be284d0fdbab8a8ff176d6:6a3c8f4459dd43d4b0835cae4612b659$"
	}
}
