{
	"textures": [
		{
			"image": "/assets/sprites/furniture/sofa1_green_down.png",
			"format": "RGBA8888",
			"size": {
				"w": 130,
				"h": 98
			},
			"scale": 1,
			"frames": [
				{
					"filename": "stand_down_000",
					"rotated": false,
					"trimmed": false,
					"sourceSize": {
						"w": 128,
						"h": 96
					},
					"spriteSourceSize": {
						"x": 0,
						"y": 0,
						"w": 128,
						"h": 96
					},
					"frame": {
						"x": 1,
						"y": 1,
						"w": 128,
						"h": 96
					}
				},
				{
					"filename": "stand_left_000",
					"rotated": false,
					"trimmed": false,
					"sourceSize": {
						"w": 128,
						"h": 96
					},
					"spriteSourceSize": {
						"x": 0,
						"y": 0,
						"w": 128,
						"h": 96
					},
					"frame": {
						"x": 1,
						"y": 1,
						"w": 128,
						"h": 96
					}
				},
				{
					"filename": "stand_right_000",
					"rotated": false,
					"trimmed": false,
					"sourceSize": {
						"w": 128,
						"h": 96
					},
					"spriteSourceSize": {
						"x": 0,
						"y": 0,
						"w": 128,
						"h": 96
					},
					"frame": {
						"x": 1,
						"y": 1,
						"w": 128,
						"h": 96
					}
				},
				{
					"filename": "stand_up_000",
					"rotated": false,
					"trimmed": false,
					"sourceSize": {
						"w": 128,
						"h": 96
					},
					"spriteSourceSize": {
						"x": 0,
						"y": 0,
						"w": 128,
						"h": 96
					},
					"frame": {
						"x": 1,
						"y": 1,
						"w": 128,
						"h": 96
					}
				}
			]
		}
	],
	"meta": {
		"app": "https://www.codeandweb.com/texturepacker",
		"version": "3.0",
		"smartupdate": "$TexturePacker:SmartUpdate:fa2428e785e96792361a0036ae25b5a5:872f2772179fe5c378c74ce0308afedf:8dadaca59013516c343aa0d8269f8d50$"
	}
}
