{
	"textures": [
		{
			"image": "/assets/sprites/furniture/chairblue2_down.png",
			"format": "RGBA8888",
			"size": {
				"w": 98,
				"h": 98
			},
			"scale": 1,
			"frames": [
				{
					"filename": "stand_down_000",
					"rotated": false,
					"trimmed": false,
					"sourceSize": {
						"w": 96,
						"h": 96
					},
					"spriteSourceSize": {
						"x": 0,
						"y": 0,
						"w": 96,
						"h": 96
					},
					"frame": {
						"x": 1,
						"y": 1,
						"w": 96,
						"h": 96
					}
				},
				{
					"filename": "stand_left_000",
					"rotated": false,
					"trimmed": false,
					"sourceSize": {
						"w": 96,
						"h": 96
					},
					"spriteSourceSize": {
						"x": 0,
						"y": 0,
						"w": 96,
						"h": 96
					},
					"frame": {
						"x": 1,
						"y": 1,
						"w": 96,
						"h": 96
					}
				},
				{
					"filename": "stand_right_000",
					"rotated": false,
					"trimmed": false,
					"sourceSize": {
						"w": 96,
						"h": 96
					},
					"spriteSourceSize": {
						"x": 0,
						"y": 0,
						"w": 96,
						"h": 96
					},
					"frame": {
						"x": 1,
						"y": 1,
						"w": 96,
						"h": 96
					}
				},
				{
					"filename": "stand_up_000",
					"rotated": false,
					"trimmed": false,
					"sourceSize": {
						"w": 96,
						"h": 96
					},
					"spriteSourceSize": {
						"x": 0,
						"y": 0,
						"w": 96,
						"h": 96
					},
					"frame": {
						"x": 1,
						"y": 1,
						"w": 96,
						"h": 96
					}
				}
			]
		}
	],
	"meta": {
		"app": "https://www.codeandweb.com/texturepacker",
		"version": "3.0",
		"smartupdate": "$TexturePacker:SmartUpdate:08fc777f5f324f5629031f790591095e:cf3c3794a27bf846bc7691c2ae44ab93:78a99977f93c5adbfbde372380054061$"
	}
}
