{
	"textures": [
		{
			"image": "/assets/sprites/furniture/sofa1_red_down.png",
			"format": "RGBA8888",
			"size": {
				"w": 130,
				"h": 98
			},
			"scale": 1,
			"frames": [
				{
					"filename": "stand_down_000",
					"rotated": false,
					"trimmed": false,
					"sourceSize": {
						"w": 128,
						"h": 96
					},
					"spriteSourceSize": {
						"x": 0,
						"y": 0,
						"w": 128,
						"h": 96
					},
					"frame": {
						"x": 1,
						"y": 1,
						"w": 128,
						"h": 96
					}
				},
				{
					"filename": "stand_left_000",
					"rotated": false,
					"trimmed": false,
					"sourceSize": {
						"w": 128,
						"h": 96
					},
					"spriteSourceSize": {
						"x": 0,
						"y": 0,
						"w": 128,
						"h": 96
					},
					"frame": {
						"x": 1,
						"y": 1,
						"w": 128,
						"h": 96
					}
				},
				{
					"filename": "stand_right_000",
					"rotated": false,
					"trimmed": false,
					"sourceSize": {
						"w": 128,
						"h": 96
					},
					"spriteSourceSize": {
						"x": 0,
						"y": 0,
						"w": 128,
						"h": 96
					},
					"frame": {
						"x": 1,
						"y": 1,
						"w": 128,
						"h": 96
					}
				},
				{
					"filename": "stand_up_000",
					"rotated": false,
					"trimmed": false,
					"sourceSize": {
						"w": 128,
						"h": 96
					},
					"spriteSourceSize": {
						"x": 0,
						"y": 0,
						"w": 128,
						"h": 96
					},
					"frame": {
						"x": 1,
						"y": 1,
						"w": 128,
						"h": 96
					}
				}
			]
		}
	],
	"meta": {
		"app": "https://www.codeandweb.com/texturepacker",
		"version": "3.0",
		"smartupdate": "$TexturePacker:SmartUpdate:a19f17d1e00c24d54d55ea35a9c2c940:918ca8d0da4db0d9cb0de4566b1b7b43:d7748fef0c3a4369d12a489b9bb77dfa$"
	}
}
