{
	"textures": [
		{
			"image": "/assets/sprites/furniture/painting_6.png",
			"format": "RGBA8888",
			"size": {
				"w": 104,
				"h": 72
			},
			"scale": 1,
			"frames": [
				{
					"filename": "stand_down_000",
					"rotated": false,
					"trimmed": false,
					"sourceSize": {
						"w": 102,
						"h": 70
					},
					"spriteSourceSize": {
						"x": 0,
						"y": 0,
						"w": 102,
						"h": 70
					},
					"frame": {
						"x": 1,
						"y": 1,
						"w": 102,
						"h": 70
					}
				},
				{
					"filename": "stand_left_000",
					"rotated": false,
					"trimmed": false,
					"sourceSize": {
						"w": 102,
						"h": 70
					},
					"spriteSourceSize": {
						"x": 0,
						"y": 0,
						"w": 102,
						"h": 70
					},
					"frame": {
						"x": 1,
						"y": 1,
						"w": 102,
						"h": 70
					}
				},
				{
					"filename": "stand_right_000",
					"rotated": false,
					"trimmed": false,
					"sourceSize": {
						"w": 102,
						"h": 70
					},
					"spriteSourceSize": {
						"x": 0,
						"y": 0,
						"w": 102,
						"h": 70
					},
					"frame": {
						"x": 1,
						"y": 1,
						"w": 102,
						"h": 70
					}
				},
				{
					"filename": "stand_up_000",
					"rotated": false,
					"trimmed": false,
					"sourceSize": {
						"w": 102,
						"h": 70
					},
					"spriteSourceSize": {
						"x": 0,
						"y": 0,
						"w": 102,
						"h": 70
					},
					"frame": {
						"x": 1,
						"y": 1,
						"w": 102,
						"h": 70
					}
				}
			]
		}
	],
	"meta": {
		"app": "https://www.codeandweb.com/texturepacker",
		"version": "3.0",
		"smartupdate": "$TexturePacker:SmartUpdate:8bf41d8c008cef5c8f7310a5c12d0b36:abae6fb2538ee18b159042797966b89b:b3d7f4f7858e829a66d169e54c29f623$"
	}
}
