{
	"textures": [
		{
			"image": "/assets/sprites/treesBushesPlants/shroom.png",
			"format": "RGBA8888",
			"size": {
				"w": 31,
				"h": 45
			},
			"scale": 1,
			"frames": [
				{
					"filename": "stand_down_000",
					"rotated": false,
					"trimmed": true,
					"sourceSize": {
						"w": 48,
						"h": 48
					},
					"spriteSourceSize": {
						"x": 9,
						"y": 2,
						"w": 29,
						"h": 43
					},
					"frame": {
						"x": 1,
						"y": 1,
						"w": 29,
						"h": 43
					}
				},
				{
					"filename": "stand_left_000",
					"rotated": false,
					"trimmed": true,
					"sourceSize": {
						"w": 48,
						"h": 48
					},
					"spriteSourceSize": {
						"x": 9,
						"y": 2,
						"w": 29,
						"h": 43
					},
					"frame": {
						"x": 1,
						"y": 1,
						"w": 29,
						"h": 43
					}
				},
				{
					"filename": "stand_right_000",
					"rotated": false,
					"trimmed": true,
					"sourceSize": {
						"w": 48,
						"h": 48
					},
					"spriteSourceSize": {
						"x": 9,
						"y": 2,
						"w": 29,
						"h": 43
					},
					"frame": {
						"x": 1,
						"y": 1,
						"w": 29,
						"h": 43
					}
				},
				{
					"filename": "stand_up_000",
					"rotated": false,
					"trimmed": true,
					"sourceSize": {
						"w": 48,
						"h": 48
					},
					"spriteSourceSize": {
						"x": 9,
						"y": 2,
						"w": 29,
						"h": 43
					},
					"frame": {
						"x": 1,
						"y": 1,
						"w": 29,
						"h": 43
					}
				}
			]
		}
	],
	"meta": {
		"app": "https://www.codeandweb.com/texturepacker",
		"version": "3.0",
		"smartupdate": "$TexturePacker:SmartUpdate:9e0db8cd5918ed2c1635c7af37ce45e6:84d148283dacfff5775fd65a630c5954:3a5f46d49e1c4e95dd76f583f3a3fb7b$"
	}
}
