{
	"generator_info": "Shape definitions generated with PhysicsEditor. Visit https://www.codeandweb.com/physicseditor",
	"stand_down_000": {
		"type": "fromPhysicsEditor",
		"label": "stand_down_000",
		"isStatic": false,
		"density": 0.1,
		"restitution": 0,
		"friction": 0.1,
		"frictionAir": 0.01,
		"frictionStatic": 0.5,
		"collisionFilter": {
			"group": 0,
			"category": 1,
			"mask": 255
		},
		"fixtures": [
			{
				"label": "",
				"isSensor": false,
				"vertices": [
					[ { "x":75, "y":39 }, { "x":76, "y":32 }, { "x":69, "y":40 } ],
					[ { "x":32, "y":45 }, { "x":33, "y":41 }, { "x":30, "y":44 } ],
					[ { "x":37, "y":42 }, { "x":40, "y":39 }, { "x":14, "y":32 }, { "x":33, "y":41 } ],
					[ { "x":83, "y":22 }, { "x":78, "y":19 }, { "x":76, "y":32 }, { "x":80, "y":32 }, { "x":83, "y":29 } ],
					[ { "x":29, "y":46 }, { "x":30, "y":44 }, { "x":23, "y":42 }, { "x":25, "y":45 } ],
					[ { "x":30, "y":44 }, { "x":33, "y":41 }, { "x":14, "y":32 }, { "x":14, "y":39 }, { "x":23, "y":42 } ],
					[ { "x":13, "y":26 }, { "x":16, "y":29 }, { "x":65, "y":38 }, { "x":68, "y":38 }, { "x":78, "y":19 }, { "x":15, "y":19 }, { "x":13, "y":21 } ],
					[ { "x":16, "y":42 }, { "x":23, "y":42 }, { "x":14, "y":39 } ],
					[ { "x":45, "y":44 }, { "x":57, "y":45 }, { "x":63, "y":42 }, { "x":65, "y":38 }, { "x":40, "y":39 } ],
					[ { "x":76, "y":32 }, { "x":78, "y":19 }, { "x":68, "y":38 }, { "x":69, "y":40 } ],
					[ { "x":40, "y":39 }, { "x":65, "y":38 }, { "x":16, "y":29 }, { "x":14, "y":32 } ]
				]
			}
		]
	},
	"stand_left_000": {
		"type": "fromPhysicsEditor",
		"label": "stand_left_000",
		"isStatic": false,
		"density": 0.10000000149011612,
		"restitution": 0,
		"friction": 0.10000000149011612,
		"frictionAir": 0.009999999776482582,
		"frictionStatic": 0.5,
		"collisionFilter": {
			"group": 0,
			"category": 1,
			"mask": 255
		},
		"fixtures": [
			{
				"label": "",
				"isSensor": false,
				"vertices": [
					[ { "x":75, "y":39 }, { "x":76, "y":32 }, { "x":69, "y":40 } ],
					[ { "x":32, "y":45 }, { "x":33, "y":41 }, { "x":30, "y":44 } ],
					[ { "x":37, "y":42 }, { "x":40, "y":39 }, { "x":14, "y":32 }, { "x":33, "y":41 } ],
					[ { "x":83, "y":22 }, { "x":78, "y":19 }, { "x":76, "y":32 }, { "x":80, "y":32 }, { "x":83, "y":29 } ],
					[ { "x":29, "y":46 }, { "x":30, "y":44 }, { "x":23, "y":42 }, { "x":25, "y":45 } ],
					[ { "x":30, "y":44 }, { "x":33, "y":41 }, { "x":14, "y":32 }, { "x":14, "y":39 }, { "x":23, "y":42 } ],
					[ { "x":13, "y":26 }, { "x":16, "y":29 }, { "x":65, "y":38 }, { "x":68, "y":38 }, { "x":78, "y":19 }, { "x":15, "y":19 }, { "x":13, "y":21 } ],
					[ { "x":16, "y":42 }, { "x":23, "y":42 }, { "x":14, "y":39 } ],
					[ { "x":45, "y":44 }, { "x":57, "y":45 }, { "x":63, "y":42 }, { "x":65, "y":38 }, { "x":40, "y":39 } ],
					[ { "x":76, "y":32 }, { "x":78, "y":19 }, { "x":68, "y":38 }, { "x":69, "y":40 } ],
					[ { "x":40, "y":39 }, { "x":65, "y":38 }, { "x":16, "y":29 }, { "x":14, "y":32 } ]
				]
			}
		]
	},
	"stand_right_000": {
		"type": "fromPhysicsEditor",
		"label": "stand_right_000",
		"isStatic": false,
		"density": 0.10000000149011612,
		"restitution": 0,
		"friction": 0.10000000149011612,
		"frictionAir": 0.009999999776482582,
		"frictionStatic": 0.5,
		"collisionFilter": {
			"group": 0,
			"category": 1,
			"mask": 255
		},
		"fixtures": [
			{
				"label": "",
				"isSensor": false,
				"vertices": [
					[ { "x":75, "y":39 }, { "x":76, "y":32 }, { "x":69, "y":40 } ],
					[ { "x":32, "y":45 }, { "x":33, "y":41 }, { "x":30, "y":44 } ],
					[ { "x":37, "y":42 }, { "x":40, "y":39 }, { "x":14, "y":32 }, { "x":33, "y":41 } ],
					[ { "x":83, "y":22 }, { "x":78, "y":19 }, { "x":76, "y":32 }, { "x":80, "y":32 }, { "x":83, "y":29 } ],
					[ { "x":29, "y":46 }, { "x":30, "y":44 }, { "x":23, "y":42 }, { "x":25, "y":45 } ],
					[ { "x":30, "y":44 }, { "x":33, "y":41 }, { "x":14, "y":32 }, { "x":14, "y":39 }, { "x":23, "y":42 } ],
					[ { "x":13, "y":26 }, { "x":16, "y":29 }, { "x":65, "y":38 }, { "x":68, "y":38 }, { "x":78, "y":19 }, { "x":15, "y":19 }, { "x":13, "y":21 } ],
					[ { "x":16, "y":42 }, { "x":23, "y":42 }, { "x":14, "y":39 } ],
					[ { "x":45, "y":44 }, { "x":57, "y":45 }, { "x":63, "y":42 }, { "x":65, "y":38 }, { "x":40, "y":39 } ],
					[ { "x":76, "y":32 }, { "x":78, "y":19 }, { "x":68, "y":38 }, { "x":69, "y":40 } ],
					[ { "x":40, "y":39 }, { "x":65, "y":38 }, { "x":16, "y":29 }, { "x":14, "y":32 } ]
				]
			}
		]
	},
	"stand_up_000": {
		"type": "fromPhysicsEditor",
		"label": "stand_up_000",
		"isStatic": false,
		"density": 0.10000000149011612,
		"restitution": 0,
		"friction": 0.10000000149011612,
		"frictionAir": 0.009999999776482582,
		"frictionStatic": 0.5,
		"collisionFilter": {
			"group": 0,
			"category": 1,
			"mask": 255
		},
		"fixtures": [
			{
				"label": "",
				"isSensor": false,
				"vertices": [
					[ { "x":75, "y":39 }, { "x":76, "y":32 }, { "x":69, "y":40 } ],
					[ { "x":32, "y":45 }, { "x":33, "y":41 }, { "x":30, "y":44 } ],
					[ { "x":37, "y":42 }, { "x":40, "y":39 }, { "x":14, "y":32 }, { "x":33, "y":41 } ],
					[ { "x":83, "y":22 }, { "x":78, "y":19 }, { "x":76, "y":32 }, { "x":80, "y":32 }, { "x":83, "y":29 } ],
					[ { "x":29, "y":46 }, { "x":30, "y":44 }, { "x":23, "y":42 }, { "x":25, "y":45 } ],
					[ { "x":30, "y":44 }, { "x":33, "y":41 }, { "x":14, "y":32 }, { "x":14, "y":39 }, { "x":23, "y":42 } ],
					[ { "x":13, "y":26 }, { "x":16, "y":29 }, { "x":65, "y":38 }, { "x":68, "y":38 }, { "x":78, "y":19 }, { "x":15, "y":19 }, { "x":13, "y":21 } ],
					[ { "x":16, "y":42 }, { "x":23, "y":42 }, { "x":14, "y":39 } ],
					[ { "x":45, "y":44 }, { "x":57, "y":45 }, { "x":63, "y":42 }, { "x":65, "y":38 }, { "x":40, "y":39 } ],
					[ { "x":76, "y":32 }, { "x":78, "y":19 }, { "x":68, "y":38 }, { "x":69, "y":40 } ],
					[ { "x":40, "y":39 }, { "x":65, "y":38 }, { "x":16, "y":29 }, { "x":14, "y":32 } ]
				]
			}
		]
	}
}
