{
	"textures": [
		{
			"image": "/assets/sprites/furniture/table_6.png",
			"format": "RGBA8888",
			"size": {
				"w": 69,
				"h": 76
			},
			"scale": 1,
			"frames": [
				{
					"filename": "stand_down_000",
					"rotated": false,
					"trimmed": false,
					"sourceSize": {
						"w": 67,
						"h": 74
					},
					"spriteSourceSize": {
						"x": 0,
						"y": 0,
						"w": 67,
						"h": 74
					},
					"frame": {
						"x": 1,
						"y": 1,
						"w": 67,
						"h": 74
					}
				},
				{
					"filename": "stand_left_000",
					"rotated": false,
					"trimmed": false,
					"sourceSize": {
						"w": 67,
						"h": 74
					},
					"spriteSourceSize": {
						"x": 0,
						"y": 0,
						"w": 67,
						"h": 74
					},
					"frame": {
						"x": 1,
						"y": 1,
						"w": 67,
						"h": 74
					}
				},
				{
					"filename": "stand_right_000",
					"rotated": false,
					"trimmed": false,
					"sourceSize": {
						"w": 67,
						"h": 74
					},
					"spriteSourceSize": {
						"x": 0,
						"y": 0,
						"w": 67,
						"h": 74
					},
					"frame": {
						"x": 1,
						"y": 1,
						"w": 67,
						"h": 74
					}
				},
				{
					"filename": "stand_up_000",
					"rotated": false,
					"trimmed": false,
					"sourceSize": {
						"w": 67,
						"h": 74
					},
					"spriteSourceSize": {
						"x": 0,
						"y": 0,
						"w": 67,
						"h": 74
					},
					"frame": {
						"x": 1,
						"y": 1,
						"w": 67,
						"h": 74
					}
				}
			]
		}
	],
	"meta": {
		"app": "https://www.codeandweb.com/texturepacker",
		"version": "3.0",
		"smartupdate": "$TexturePacker:SmartUpdate:a16e48b2b2c787c32b2b5f7eece8bfff:280d7a7bd315a34546c9a628e9147787:b99ee038f9946335c450c92160114e19$"
	}
}
