{
	"textures": [
		{
			"image": "/assets/sprites/furniture/yellow_smalldesk_1.png",
			"format": "RGBA8888",
			"size": {
				"w": 66,
				"h": 66
			},
			"scale": 1,
			"frames": [
				{
					"filename": "stand_down_000",
					"rotated": false,
					"trimmed": false,
					"sourceSize": {
						"w": 64,
						"h": 64
					},
					"spriteSourceSize": {
						"x": 0,
						"y": 0,
						"w": 64,
						"h": 64
					},
					"frame": {
						"x": 1,
						"y": 1,
						"w": 64,
						"h": 64
					}
				},
				{
					"filename": "stand_left_000",
					"rotated": false,
					"trimmed": false,
					"sourceSize": {
						"w": 64,
						"h": 64
					},
					"spriteSourceSize": {
						"x": 0,
						"y": 0,
						"w": 64,
						"h": 64
					},
					"frame": {
						"x": 1,
						"y": 1,
						"w": 64,
						"h": 64
					}
				},
				{
					"filename": "stand_right_000",
					"rotated": false,
					"trimmed": false,
					"sourceSize": {
						"w": 64,
						"h": 64
					},
					"spriteSourceSize": {
						"x": 0,
						"y": 0,
						"w": 64,
						"h": 64
					},
					"frame": {
						"x": 1,
						"y": 1,
						"w": 64,
						"h": 64
					}
				},
				{
					"filename": "stand_up_000",
					"rotated": false,
					"trimmed": false,
					"sourceSize": {
						"w": 64,
						"h": 64
					},
					"spriteSourceSize": {
						"x": 0,
						"y": 0,
						"w": 64,
						"h": 64
					},
					"frame": {
						"x": 1,
						"y": 1,
						"w": 64,
						"h": 64
					}
				}
			]
		}
	],
	"meta": {
		"app": "https://www.codeandweb.com/texturepacker",
		"version": "3.0",
		"smartupdate": "$TexturePacker:SmartUpdate:c47d4cb70f206b060fe7f89e238e59ec:49a53e498281a230ca65f90674ede185:748df9ae53496c528b8a169ecf7f53aa$"
	}
}
