{
	"textures": [
		{
			"image": "/assets/sprites/furniture/shelf_1.png",
			"format": "RGBA8888",
			"size": {
				"w": 146,
				"h": 39
			},
			"scale": 1,
			"frames": [
				{
					"filename": "stand_down_000",
					"rotated": false,
					"trimmed": true,
					"sourceSize": {
						"w": 144,
						"h": 48
					},
					"spriteSourceSize": {
						"x": 0,
						"y": 7,
						"w": 144,
						"h": 37
					},
					"frame": {
						"x": 1,
						"y": 1,
						"w": 144,
						"h": 37
					}
				},
				{
					"filename": "stand_left_000",
					"rotated": false,
					"trimmed": true,
					"sourceSize": {
						"w": 144,
						"h": 48
					},
					"spriteSourceSize": {
						"x": 0,
						"y": 7,
						"w": 144,
						"h": 37
					},
					"frame": {
						"x": 1,
						"y": 1,
						"w": 144,
						"h": 37
					}
				},
				{
					"filename": "stand_right_000",
					"rotated": false,
					"trimmed": true,
					"sourceSize": {
						"w": 144,
						"h": 48
					},
					"spriteSourceSize": {
						"x": 0,
						"y": 7,
						"w": 144,
						"h": 37
					},
					"frame": {
						"x": 1,
						"y": 1,
						"w": 144,
						"h": 37
					}
				},
				{
					"filename": "stand_up_000",
					"rotated": false,
					"trimmed": true,
					"sourceSize": {
						"w": 144,
						"h": 48
					},
					"spriteSourceSize": {
						"x": 0,
						"y": 7,
						"w": 144,
						"h": 37
					},
					"frame": {
						"x": 1,
						"y": 1,
						"w": 144,
						"h": 37
					}
				}
			]
		}
	],
	"meta": {
		"app": "https://www.codeandweb.com/texturepacker",
		"version": "3.0",
		"smartupdate": "$TexturePacker:SmartUpdate:9884d5ae1d75af7a608245f6de35927c:3059d2b08feedf19a7d59bd51c472864:4c504ea554f30fb3b1e4a653775a59b8$"
	}
}
