{
	"generator_info": "Shape definitions generated with PhysicsEditor. Visit https://www.codeandweb.com/physicseditor",
	"stand_down_000": {
		"type": "fromPhysicsEditor",
		"label": "stand_down_000",
		"isStatic": false,
		"density": 0.1,
		"restitution": 0,
		"friction": 0.1,
		"frictionAir": 0.01,
		"frictionStatic": 0.5,
		"collisionFilter": {
			"group": 0,
			"category": 1,
			"mask": 255
		},
		"fixtures": [
			{
				"label": "",
				"isSensor": false,
				"vertices": [
					[ { "x":71, "y":66 }, { "x":73, "y":63 }, { "x":77, "y":56 }, { "x":78, "y":49 }, { "x":66, "y":41 }, { "x":68, "y":64 } ],
					[ { "x":61, "y":73 }, { "x":61, "y":70 }, { "x":59, "y":72 } ],
					[ { "x":16, "y":76 }, { "x":22, "y":75 }, { "x":28, "y":72 }, { "x":29, "y":70 }, { "x":14, "y":67 } ],
					[ { "x":75, "y":67 }, { "x":77, "y":66 }, { "x":77, "y":56 }, { "x":73, "y":63 } ],
					[ { "x":14, "y":42 }, { "x":14, "y":67 }, { "x":29, "y":70 }, { "x":68, "y":64 }, { "x":66, "y":41 } ],
					[ { "x":81, "y":51 }, { "x":78, "y":49 }, { "x":77, "y":56 }, { "x":81, "y":54 } ],
					[ { "x":58, "y":74 }, { "x":59, "y":72 }, { "x":52, "y":70 }, { "x":54, "y":73 } ],
					[ { "x":47, "y":71 }, { "x":52, "y":70 }, { "x":68, "y":64 }, { "x":43, "y":68 } ],
					[ { "x":69, "y":38 }, { "x":66, "y":41 }, { "x":78, "y":49 }, { "x":78, "y":41 }, { "x":75, "y":38 } ],
					[ { "x":68, "y":68 }, { "x":68, "y":64 }, { "x":52, "y":70 }, { "x":66, "y":70 } ],
					[ { "x":59, "y":72 }, { "x":61, "y":70 }, { "x":52, "y":70 } ],
					[ { "x":39, "y":70 }, { "x":43, "y":68 }, { "x":29, "y":70 } ]
				]
			}
		]
	},
	"stand_left_000": {
		"type": "fromPhysicsEditor",
		"label": "stand_left_000",
		"isStatic": false,
		"density": 0.10000000149011612,
		"restitution": 0,
		"friction": 0.10000000149011612,
		"frictionAir": 0.009999999776482582,
		"frictionStatic": 0.5,
		"collisionFilter": {
			"group": 0,
			"category": 1,
			"mask": 255
		},
		"fixtures": []
	},
	"stand_right_000": {
		"type": "fromPhysicsEditor",
		"label": "stand_right_000",
		"isStatic": false,
		"density": 0.10000000149011612,
		"restitution": 0,
		"friction": 0.10000000149011612,
		"frictionAir": 0.009999999776482582,
		"frictionStatic": 0.5,
		"collisionFilter": {
			"group": 0,
			"category": 1,
			"mask": 255
		},
		"fixtures": []
	},
	"stand_up_000": {
		"type": "fromPhysicsEditor",
		"label": "stand_up_000",
		"isStatic": false,
		"density": 0.10000000149011612,
		"restitution": 0,
		"friction": 0.10000000149011612,
		"frictionAir": 0.009999999776482582,
		"frictionStatic": 0.5,
		"collisionFilter": {
			"group": 0,
			"category": 1,
			"mask": 255
		},
		"fixtures": []
	}
}
