{
	"textures": [
		{
			"image": "/assets/sprites/treesBushesPlants/rocks16.png",
			"format": "RGBA8888",
			"size": {
				"w": 71,
				"h": 61
			},
			"scale": 1,
			"frames": [
				{
					"filename": "stand_down_000",
					"rotated": false,
					"trimmed": true,
					"sourceSize": {
						"w": 96,
						"h": 96
					},
					"spriteSourceSize": {
						"x": 13,
						"y": 18,
						"w": 69,
						"h": 59
					},
					"frame": {
						"x": 1,
						"y": 1,
						"w": 69,
						"h": 59
					}
				},
				{
					"filename": "stand_left_000",
					"rotated": false,
					"trimmed": true,
					"sourceSize": {
						"w": 96,
						"h": 96
					},
					"spriteSourceSize": {
						"x": 13,
						"y": 18,
						"w": 69,
						"h": 59
					},
					"frame": {
						"x": 1,
						"y": 1,
						"w": 69,
						"h": 59
					}
				},
				{
					"filename": "stand_right_000",
					"rotated": false,
					"trimmed": true,
					"sourceSize": {
						"w": 96,
						"h": 96
					},
					"spriteSourceSize": {
						"x": 13,
						"y": 18,
						"w": 69,
						"h": 59
					},
					"frame": {
						"x": 1,
						"y": 1,
						"w": 69,
						"h": 59
					}
				},
				{
					"filename": "stand_up_000",
					"rotated": false,
					"trimmed": true,
					"sourceSize": {
						"w": 96,
						"h": 96
					},
					"spriteSourceSize": {
						"x": 13,
						"y": 18,
						"w": 69,
						"h": 59
					},
					"frame": {
						"x": 1,
						"y": 1,
						"w": 69,
						"h": 59
					}
				}
			]
		}
	],
	"meta": {
		"app": "https://www.codeandweb.com/texturepacker",
		"version": "3.0",
		"smartupdate": "$TexturePacker:SmartUpdate:f8a570ce8d9b9780fe091d5ba368cb73:bb3f8d7f2d48e87e4f6606383a685cc8:8328a9cd88b43629c1e2dcebd3ed6276$"
	}
}
