{
	"textures": [
		{
			"image": "/assets/sprites/furniture/barbecue2.png",
			"format": "RGBA8888",
			"size": {
				"w": 61,
				"h": 65
			},
			"scale": 1,
			"frames": [
				{
					"filename": "stand_down_000",
					"rotated": false,
					"trimmed": true,
					"sourceSize": {
						"w": 64,
						"h": 64
					},
					"spriteSourceSize": {
						"x": 1,
						"y": 0,
						"w": 59,
						"h": 63
					},
					"frame": {
						"x": 1,
						"y": 1,
						"w": 59,
						"h": 63
					}
				},
				{
					"filename": "stand_left_000",
					"rotated": false,
					"trimmed": true,
					"sourceSize": {
						"w": 64,
						"h": 64
					},
					"spriteSourceSize": {
						"x": 1,
						"y": 0,
						"w": 59,
						"h": 63
					},
					"frame": {
						"x": 1,
						"y": 1,
						"w": 59,
						"h": 63
					}
				},
				{
					"filename": "stand_right_000",
					"rotated": false,
					"trimmed": true,
					"sourceSize": {
						"w": 64,
						"h": 64
					},
					"spriteSourceSize": {
						"x": 1,
						"y": 0,
						"w": 59,
						"h": 63
					},
					"frame": {
						"x": 1,
						"y": 1,
						"w": 59,
						"h": 63
					}
				},
				{
					"filename": "stand_up_000",
					"rotated": false,
					"trimmed": true,
					"sourceSize": {
						"w": 64,
						"h": 64
					},
					"spriteSourceSize": {
						"x": 1,
						"y": 0,
						"w": 59,
						"h": 63
					},
					"frame": {
						"x": 1,
						"y": 1,
						"w": 59,
						"h": 63
					}
				}
			]
		}
	],
	"meta": {
		"app": "https://www.codeandweb.com/texturepacker",
		"version": "3.0",
		"smartupdate": "$TexturePacker:SmartUpdate:5ee2f40d4bf9f92e32fd1cc07d6656bf:546f2c739a4b217307dd3cb524f85437:d8795076587950acb54b613b87f4576f$"
	}
}
