{
	"generator_info": "Shape definitions generated with PhysicsEditor. Visit https://www.codeandweb.com/physicseditor",
	"stand_down_000": {
		"type": "fromPhysicsEditor",
		"label": "stand_down_000",
		"isStatic": false,
		"density": 0.1,
		"restitution": 0,
		"friction": 0.1,
		"frictionAir": 0.01,
		"frictionStatic": 0.5,
		"collisionFilter": {
			"group": 0,
			"category": 1,
			"mask": 255
		},
		"fixtures": [
			{
				"label": "",
				"isSensor": false,
				"vertices": [
					[ { "x":66, "y":140 }, { "x":62, "y":156 }, { "x":64, "y":170 }, { "x":84, "y":145 }, { "x":84, "y":140 } ],
					[ { "x":60, "y":168 }, { "x":64, "y":170 }, { "x":62, "y":156 }, { "x":59, "y":160 } ],
					[ { "x":83, "y":177 }, { "x":88, "y":172 }, { "x":89, "y":157 }, { "x":87, "y":149 }, { "x":84, "y":145 }, { "x":64, "y":170 }, { "x":66, "y":174 }, { "x":70, "y":177 } ]
				]
			}
		]
	},
	"stand_left_000": {
		"type": "fromPhysicsEditor",
		"label": "stand_left_000",
		"isStatic": false,
		"density": 0.10000000149011612,
		"restitution": 0,
		"friction": 0.10000000149011612,
		"frictionAir": 0.009999999776482582,
		"frictionStatic": 0.5,
		"collisionFilter": {
			"group": 0,
			"category": 1,
			"mask": 255
		},
		"fixtures": [
			{
				"label": "",
				"isSensor": false,
				"vertices": [
					[ { "x":66, "y":140 }, { "x":62, "y":156 }, { "x":64, "y":170 }, { "x":84, "y":145 }, { "x":84, "y":140 } ],
					[ { "x":60, "y":168 }, { "x":64, "y":170 }, { "x":62, "y":156 }, { "x":59, "y":160 } ],
					[ { "x":83, "y":177 }, { "x":88, "y":172 }, { "x":89, "y":157 }, { "x":87, "y":149 }, { "x":84, "y":145 }, { "x":64, "y":170 }, { "x":66, "y":174 }, { "x":70, "y":177 } ]
				]
			}
		]
	},
	"stand_right_000": {
		"type": "fromPhysicsEditor",
		"label": "stand_right_000",
		"isStatic": false,
		"density": 0.10000000149011612,
		"restitution": 0,
		"friction": 0.10000000149011612,
		"frictionAir": 0.009999999776482582,
		"frictionStatic": 0.5,
		"collisionFilter": {
			"group": 0,
			"category": 1,
			"mask": 255
		},
		"fixtures": [
			{
				"label": "",
				"isSensor": false,
				"vertices": [
					[ { "x":66, "y":140 }, { "x":62, "y":156 }, { "x":64, "y":170 }, { "x":84, "y":145 }, { "x":84, "y":140 } ],
					[ { "x":60, "y":168 }, { "x":64, "y":170 }, { "x":62, "y":156 }, { "x":59, "y":160 } ],
					[ { "x":83, "y":177 }, { "x":88, "y":172 }, { "x":89, "y":157 }, { "x":87, "y":149 }, { "x":84, "y":145 }, { "x":64, "y":170 }, { "x":66, "y":174 }, { "x":70, "y":177 } ]
				]
			}
		]
	},
	"stand_up_000": {
		"type": "fromPhysicsEditor",
		"label": "stand_up_000",
		"isStatic": false,
		"density": 0.10000000149011612,
		"restitution": 0,
		"friction": 0.10000000149011612,
		"frictionAir": 0.009999999776482582,
		"frictionStatic": 0.5,
		"collisionFilter": {
			"group": 0,
			"category": 1,
			"mask": 255
		},
		"fixtures": [
			{
				"label": "",
				"isSensor": false,
				"vertices": [
					[ { "x":66, "y":140 }, { "x":62, "y":156 }, { "x":64, "y":170 }, { "x":84, "y":145 }, { "x":84, "y":140 } ],
					[ { "x":60, "y":168 }, { "x":64, "y":170 }, { "x":62, "y":156 }, { "x":59, "y":160 } ],
					[ { "x":83, "y":177 }, { "x":88, "y":172 }, { "x":89, "y":157 }, { "x":87, "y":149 }, { "x":84, "y":145 }, { "x":64, "y":170 }, { "x":66, "y":174 }, { "x":70, "y":177 } ]
				]
			}
		]
	}
}
