{
	"textures": [
		{
			"image": "/assets/sprites/treesBushesPlants/tree5b.png",
			"format": "RGBA8888",
			"size": {
				"w": 121,
				"h": 169
			},
			"scale": 1,
			"frames": [
				{
					"filename": "stand_down_000",
					"rotated": false,
					"trimmed": true,
					"sourceSize": {
						"w": 144,
						"h": 192
					},
					"spriteSourceSize": {
						"x": 12,
						"y": 11,
						"w": 119,
						"h": 167
					},
					"frame": {
						"x": 1,
						"y": 1,
						"w": 119,
						"h": 167
					}
				},
				{
					"filename": "stand_left_000",
					"rotated": false,
					"trimmed": true,
					"sourceSize": {
						"w": 144,
						"h": 192
					},
					"spriteSourceSize": {
						"x": 12,
						"y": 11,
						"w": 119,
						"h": 167
					},
					"frame": {
						"x": 1,
						"y": 1,
						"w": 119,
						"h": 167
					}
				},
				{
					"filename": "stand_right_000",
					"rotated": false,
					"trimmed": true,
					"sourceSize": {
						"w": 144,
						"h": 192
					},
					"spriteSourceSize": {
						"x": 12,
						"y": 11,
						"w": 119,
						"h": 167
					},
					"frame": {
						"x": 1,
						"y": 1,
						"w": 119,
						"h": 167
					}
				},
				{
					"filename": "stand_up_000",
					"rotated": false,
					"trimmed": true,
					"sourceSize": {
						"w": 144,
						"h": 192
					},
					"spriteSourceSize": {
						"x": 12,
						"y": 11,
						"w": 119,
						"h": 167
					},
					"frame": {
						"x": 1,
						"y": 1,
						"w": 119,
						"h": 167
					}
				}
			]
		}
	],
	"meta": {
		"app": "https://www.codeandweb.com/texturepacker",
		"version": "3.0",
		"smartupdate": "$TexturePacker:SmartUpdate:37fa605133c010cfca4c452df1eea968:5939f7ac9760d54289c0f466c95a6657:740194bdb760c190038cbf81bf48a8b6$"
	}
}
