{
	"textures": [
		{
			"image": "/assets/sprites/furniture/carpet_4.png",
			"format": "RGBA8888",
			"size": {
				"w": 391,
				"h": 391
			},
			"scale": 1,
			"frames": [
				{
					"filename": "stand_down_000",
					"rotated": false,
					"trimmed": false,
					"sourceSize": {
						"w": 128,
						"h": 257
					},
					"spriteSourceSize": {
						"x": 0,
						"y": 0,
						"w": 128,
						"h": 257
					},
					"frame": {
						"x": 1,
						"y": 1,
						"w": 128,
						"h": 257
					}
				},
				{
					"filename": "stand_left_000",
					"rotated": false,
					"trimmed": false,
					"sourceSize": {
						"w": 257,
						"h": 128
					},
					"spriteSourceSize": {
						"x": 0,
						"y": 0,
						"w": 257,
						"h": 128
					},
					"frame": {
						"x": 1,
						"y": 262,
						"w": 257,
						"h": 128
					}
				},
				{
					"filename": "stand_right_000",
					"rotated": false,
					"trimmed": false,
					"sourceSize": {
						"w": 257,
						"h": 128
					},
					"spriteSourceSize": {
						"x": 0,
						"y": 0,
						"w": 257,
						"h": 128
					},
					"frame": {
						"x": 133,
						"y": 1,
						"w": 257,
						"h": 128
					}
				},
				{
					"filename": "stand_up_000",
					"rotated": false,
					"trimmed": false,
					"sourceSize": {
						"w": 128,
						"h": 257
					},
					"spriteSourceSize": {
						"x": 0,
						"y": 0,
						"w": 128,
						"h": 257
					},
					"frame": {
						"x": 262,
						"y": 133,
						"w": 128,
						"h": 257
					}
				}
			]
		}
	],
	"meta": {
		"app": "https://www.codeandweb.com/texturepacker",
		"version": "3.0",
		"smartupdate": "$TexturePacker:SmartUpdate:c7a102bff29a3953a675203e8d46556f:082a723a5ba5d2ee8776f21eb2f17279:2c68f2e5e59704a21bae320adcdf1d3c$"
	}
}
