{
	"textures": [
		{
			"image": "/assets/sprites/furniture/painting_7.png",
			"format": "RGBA8888",
			"size": {
				"w": 182,
				"h": 182
			},
			"scale": 1,
			"frames": [
				{
					"filename": "stand_down_000",
					"rotated": false,
					"trimmed": false,
					"sourceSize": {
						"w": 180,
						"h": 180
					},
					"spriteSourceSize": {
						"x": 0,
						"y": 0,
						"w": 180,
						"h": 180
					},
					"frame": {
						"x": 1,
						"y": 1,
						"w": 180,
						"h": 180
					}
				},
				{
					"filename": "stand_left_000",
					"rotated": false,
					"trimmed": false,
					"sourceSize": {
						"w": 180,
						"h": 180
					},
					"spriteSourceSize": {
						"x": 0,
						"y": 0,
						"w": 180,
						"h": 180
					},
					"frame": {
						"x": 1,
						"y": 1,
						"w": 180,
						"h": 180
					}
				},
				{
					"filename": "stand_right_000",
					"rotated": false,
					"trimmed": false,
					"sourceSize": {
						"w": 180,
						"h": 180
					},
					"spriteSourceSize": {
						"x": 0,
						"y": 0,
						"w": 180,
						"h": 180
					},
					"frame": {
						"x": 1,
						"y": 1,
						"w": 180,
						"h": 180
					}
				},
				{
					"filename": "stand_up_000",
					"rotated": false,
					"trimmed": false,
					"sourceSize": {
						"w": 180,
						"h": 180
					},
					"spriteSourceSize": {
						"x": 0,
						"y": 0,
						"w": 180,
						"h": 180
					},
					"frame": {
						"x": 1,
						"y": 1,
						"w": 180,
						"h": 180
					}
				}
			]
		}
	],
	"meta": {
		"app": "https://www.codeandweb.com/texturepacker",
		"version": "3.0",
		"smartupdate": "$TexturePacker:SmartUpdate:620932a2e5805abe95a45e3437ab3467:8edeb9facc51bc88dcc6de85f942fda1:6f9b7307e4d390f141ffacb5df789e0a$"
	}
}
