{
	"generator_info": "Shape definitions generated with PhysicsEditor. Visit https://www.codeandweb.com/physicseditor",
	"stand_down_000": {
		"type": "fromPhysicsEditor",
		"label": "stand_down_000",
		"isStatic": false,
		"density": 0.10000000149011612,
		"restitution": 0,
		"friction": 0.10000000149011612,
		"frictionAir": 0.009999999776482582,
		"frictionStatic": 0.5,
		"collisionFilter": {
			"group": 0,
			"category": 1,
			"mask": 255
		},
		"fixtures": [
			{
				"label": "",
				"isSensor": false,
				"vertices": [
					[ { "x":4, "y":45 }, { "x":10.18994426727295, "y":70.25698280334473 }, { "x":33, "y":87 }, { "x":45.58659362792969, "y":91.17318439483643 }, { "x":72.93854522705078, "y":79.91061401367188 }, { "x":90.36871337890625, "y":68.64804458618164 }, { "x":94, "y":47 }, { "x":50, "y":43 } ],
					[ { "x":61.13966369628906, "y":89.83240222930908 }, { "x":72.93854522705078, "y":79.91061401367188 }, { "x":45.58659362792969, "y":91.17318439483643 } ]
				]
			}
		]
	},
	"stand_left_000": {
		"type": "fromPhysicsEditor",
		"label": "stand_left_000",
		"isStatic": false,
		"density": 0.10000000149011612,
		"restitution": 0,
		"friction": 0.10000000149011612,
		"frictionAir": 0.009999999776482582,
		"frictionStatic": 0.5,
		"collisionFilter": {
			"group": 0,
			"category": 1,
			"mask": 255
		},
		"fixtures": [
			{
				"label": "",
				"isSensor": false,
				"vertices": [
					[ { "x":4, "y":45 }, { "x":10.18994426727295, "y":70.25698280334473 }, { "x":33, "y":87 }, { "x":45.58659362792969, "y":91.17318439483643 }, { "x":72.93854522705078, "y":79.91061401367188 }, { "x":90.36871337890625, "y":68.64804458618164 }, { "x":94, "y":47 }, { "x":50, "y":43 } ],
					[ { "x":61.13966369628906, "y":89.83240222930908 }, { "x":72.93854522705078, "y":79.91061401367188 }, { "x":45.58659362792969, "y":91.17318439483643 } ]
				]
			}
		]
	},
	"stand_right_000": {
		"type": "fromPhysicsEditor",
		"label": "stand_right_000",
		"isStatic": false,
		"density": 0.10000000149011612,
		"restitution": 0,
		"friction": 0.10000000149011612,
		"frictionAir": 0.009999999776482582,
		"frictionStatic": 0.5,
		"collisionFilter": {
			"group": 0,
			"category": 1,
			"mask": 255
		},
		"fixtures": [
			{
				"label": "",
				"isSensor": false,
				"vertices": [
					[ { "x":4, "y":45 }, { "x":10.18994426727295, "y":70.25698280334473 }, { "x":33, "y":87 }, { "x":45.58659362792969, "y":91.17318439483643 }, { "x":72.93854522705078, "y":79.91061401367188 }, { "x":90.36871337890625, "y":68.64804458618164 }, { "x":94, "y":47 }, { "x":50, "y":43 } ],
					[ { "x":61.13966369628906, "y":89.83240222930908 }, { "x":72.93854522705078, "y":79.91061401367188 }, { "x":45.58659362792969, "y":91.17318439483643 } ]
				]
			}
		]
	},
	"stand_up_000": {
		"type": "fromPhysicsEditor",
		"label": "stand_up_000",
		"isStatic": false,
		"density": 0.10000000149011612,
		"restitution": 0,
		"friction": 0.10000000149011612,
		"frictionAir": 0.009999999776482582,
		"frictionStatic": 0.5,
		"collisionFilter": {
			"group": 0,
			"category": 1,
			"mask": 255
		},
		"fixtures": [
			{
				"label": "",
				"isSensor": false,
				"vertices": [
					[ { "x":4, "y":45 }, { "x":10.18994426727295, "y":70.25698280334473 }, { "x":33, "y":87 }, { "x":45.58659362792969, "y":91.17318439483643 }, { "x":72.93854522705078, "y":79.91061401367188 }, { "x":90.36871337890625, "y":68.64804458618164 }, { "x":94, "y":47 }, { "x":50, "y":43 } ],
					[ { "x":61.13966369628906, "y":89.83240222930908 }, { "x":72.93854522705078, "y":79.91061401367188 }, { "x":45.58659362792969, "y":91.17318439483643 } ]
				]
			}
		]
	}
}
