{
	"textures": [
		{
			"image": "/assets/sprites/treesBushesPlants/bush.png",
			"format": "RGBA8888",
			"size": {
				"w": 98,
				"h": 93
			},
			"scale": 1,
			"frames": [
				{
					"filename": "stand_down_000",
					"rotated": false,
					"trimmed": true,
					"sourceSize": {
						"w": 96,
						"h": 96
					},
					"spriteSourceSize": {
						"x": 0,
						"y": 1,
						"w": 96,
						"h": 91
					},
					"frame": {
						"x": 1,
						"y": 1,
						"w": 96,
						"h": 91
					}
				},
				{
					"filename": "stand_left_000",
					"rotated": false,
					"trimmed": true,
					"sourceSize": {
						"w": 96,
						"h": 96
					},
					"spriteSourceSize": {
						"x": 0,
						"y": 1,
						"w": 96,
						"h": 91
					},
					"frame": {
						"x": 1,
						"y": 1,
						"w": 96,
						"h": 91
					}
				},
				{
					"filename": "stand_right_000",
					"rotated": false,
					"trimmed": true,
					"sourceSize": {
						"w": 96,
						"h": 96
					},
					"spriteSourceSize": {
						"x": 0,
						"y": 1,
						"w": 96,
						"h": 91
					},
					"frame": {
						"x": 1,
						"y": 1,
						"w": 96,
						"h": 91
					}
				},
				{
					"filename": "stand_up_000",
					"rotated": false,
					"trimmed": true,
					"sourceSize": {
						"w": 96,
						"h": 96
					},
					"spriteSourceSize": {
						"x": 0,
						"y": 1,
						"w": 96,
						"h": 91
					},
					"frame": {
						"x": 1,
						"y": 1,
						"w": 96,
						"h": 91
					}
				}
			]
		}
	],
	"meta": {
		"app": "https://www.codeandweb.com/texturepacker",
		"version": "3.0",
		"smartupdate": "$TexturePacker:SmartUpdate:ffa7730b416f1a81616708a277c66d09:176b1297cd308de6de08573f4c206f9b:9a29614d4e5584409212bbc11852b6f6$"
	}
}
