{
	"textures": [
		{
			"image": "/assets/sprites/furniture/tabouret_blue_down.png",
			"format": "RGBA8888",
			"size": {
				"w": 48,
				"h": 88
			},
			"scale": 1,
			"frames": [
				{
					"filename": "stand_down_000",
					"rotated": false,
					"trimmed": true,
					"sourceSize": {
						"w": 64,
						"h": 96
					},
					"spriteSourceSize": {
						"x": 8,
						"y": 10,
						"w": 46,
						"h": 86
					},
					"frame": {
						"x": 1,
						"y": 1,
						"w": 46,
						"h": 86
					}
				},
				{
					"filename": "stand_left_000",
					"rotated": false,
					"trimmed": true,
					"sourceSize": {
						"w": 64,
						"h": 96
					},
					"spriteSourceSize": {
						"x": 8,
						"y": 10,
						"w": 46,
						"h": 86
					},
					"frame": {
						"x": 1,
						"y": 1,
						"w": 46,
						"h": 86
					}
				},
				{
					"filename": "stand_right_000",
					"rotated": false,
					"trimmed": true,
					"sourceSize": {
						"w": 64,
						"h": 96
					},
					"spriteSourceSize": {
						"x": 8,
						"y": 10,
						"w": 46,
						"h": 86
					},
					"frame": {
						"x": 1,
						"y": 1,
						"w": 46,
						"h": 86
					}
				},
				{
					"filename": "stand_up_000",
					"rotated": false,
					"trimmed": true,
					"sourceSize": {
						"w": 64,
						"h": 96
					},
					"spriteSourceSize": {
						"x": 8,
						"y": 10,
						"w": 46,
						"h": 86
					},
					"frame": {
						"x": 1,
						"y": 1,
						"w": 46,
						"h": 86
					}
				}
			]
		}
	],
	"meta": {
		"app": "https://www.codeandweb.com/texturepacker",
		"version": "3.0",
		"smartupdate": "$TexturePacker:SmartUpdate:91de561e48e280a1b8481d0df4e727ab:9370e8e8b7af6993c1100e65cdb26b5a:6df6d1643490ed8ec5c16ed70c6819fa$"
	}
}
