{
	"generator_info": "Shape definitions generated with PhysicsEditor. Visit https://www.codeandweb.com/physicseditor",
	"stand_down_000": {
		"type": "fromPhysicsEditor",
		"label": "stand_down_000",
		"isStatic": false,
		"density": 0.1,
		"restitution": 0,
		"friction": 0.1,
		"frictionAir": 0.01,
		"frictionStatic": 0.5,
		"collisionFilter": {
			"group": 0,
			"category": 1,
			"mask": 255
		},
		"fixtures": [
			{
				"label": "",
				"isSensor": false,
				"vertices": [
					[ { "x":11, "y":43 }, { "x":14, "y":45 }, { "x":20, "y":46 }, { "x":24, "y":46 }, { "x":34, "y":38 }, { "x":10, "y":40 } ],
					[ { "x":0, "y":29 }, { "x":5, "y":39 }, { "x":10, "y":40 }, { "x":34, "y":38 }, { "x":48, "y":18 }, { "x":1, "y":18 } ],
					[ { "x":48, "y":30 }, { "x":48, "y":18 }, { "x":34, "y":38 }, { "x":38, "y":41 }, { "x":41, "y":41 } ],
					[ { "x":30, "y":43 }, { "x":34, "y":38 }, { "x":24, "y":46 } ]
				]
			}
		]
	},
	"stand_left_000": {
		"type": "fromPhysicsEditor",
		"label": "stand_left_000",
		"isStatic": false,
		"density": 0.10000000149011612,
		"restitution": 0,
		"friction": 0.10000000149011612,
		"frictionAir": 0.009999999776482582,
		"frictionStatic": 0.5,
		"collisionFilter": {
			"group": 0,
			"category": 1,
			"mask": 255
		},
		"fixtures": [
			{
				"label": "",
				"isSensor": false,
				"vertices": [
					[ { "x":11, "y":43 }, { "x":14, "y":45 }, { "x":20, "y":46 }, { "x":24, "y":46 }, { "x":34, "y":38 }, { "x":10, "y":40 } ],
					[ { "x":0, "y":29 }, { "x":5, "y":39 }, { "x":10, "y":40 }, { "x":34, "y":38 }, { "x":48, "y":18 }, { "x":1, "y":18 } ],
					[ { "x":48, "y":30 }, { "x":48, "y":18 }, { "x":34, "y":38 }, { "x":38, "y":41 }, { "x":41, "y":41 } ],
					[ { "x":30, "y":43 }, { "x":34, "y":38 }, { "x":24, "y":46 } ]
				]
			}
		]
	},
	"stand_up_000": {
		"type": "fromPhysicsEditor",
		"label": "stand_up_000",
		"isStatic": false,
		"density": 0.10000000149011612,
		"restitution": 0,
		"friction": 0.10000000149011612,
		"frictionAir": 0.009999999776482582,
		"frictionStatic": 0.5,
		"collisionFilter": {
			"group": 0,
			"category": 1,
			"mask": 255
		},
		"fixtures": [
			{
				"label": "",
				"isSensor": false,
				"vertices": [
					[ { "x":11, "y":43 }, { "x":14, "y":45 }, { "x":20, "y":46 }, { "x":24, "y":46 }, { "x":34, "y":38 }, { "x":10, "y":40 } ],
					[ { "x":0, "y":29 }, { "x":5, "y":39 }, { "x":10, "y":40 }, { "x":34, "y":38 }, { "x":48, "y":18 }, { "x":1, "y":18 } ],
					[ { "x":48, "y":30 }, { "x":48, "y":18 }, { "x":34, "y":38 }, { "x":38, "y":41 }, { "x":41, "y":41 } ],
					[ { "x":30, "y":43 }, { "x":34, "y":38 }, { "x":24, "y":46 } ]
				]
			}
		]
	},
	"stand_right_000": {
		"type": "fromPhysicsEditor",
		"label": "stand_right_000",
		"isStatic": false,
		"density": 0.10000000149011612,
		"restitution": 0,
		"friction": 0.10000000149011612,
		"frictionAir": 0.009999999776482582,
		"frictionStatic": 0.5,
		"collisionFilter": {
			"group": 0,
			"category": 1,
			"mask": 255
		},
		"fixtures": [
			{
				"label": "",
				"isSensor": false,
				"vertices": [
					[ { "x":11, "y":43 }, { "x":14, "y":45 }, { "x":20, "y":46 }, { "x":24, "y":46 }, { "x":34, "y":38 }, { "x":10, "y":40 } ],
					[ { "x":0, "y":29 }, { "x":5, "y":39 }, { "x":10, "y":40 }, { "x":34, "y":38 }, { "x":48, "y":18 }, { "x":1, "y":18 } ],
					[ { "x":48, "y":30 }, { "x":48, "y":18 }, { "x":34, "y":38 }, { "x":38, "y":41 }, { "x":41, "y":41 } ],
					[ { "x":30, "y":43 }, { "x":34, "y":38 }, { "x":24, "y":46 } ]
				]
			}
		]
	}
}
