{
	"textures": [
		{
			"image": "/assets/sprites/treesBushesPlants/rocks9.png",
			"format": "RGBA8888",
			"size": {
				"w": 50,
				"h": 49
			},
			"scale": 1,
			"frames": [
				{
					"filename": "stand_down_000",
					"rotated": false,
					"trimmed": true,
					"sourceSize": {
						"w": 48,
						"h": 48
					},
					"spriteSourceSize": {
						"x": 0,
						"y": 0,
						"w": 48,
						"h": 47
					},
					"frame": {
						"x": 1,
						"y": 1,
						"w": 48,
						"h": 47
					}
				},
				{
					"filename": "stand_left_000",
					"rotated": false,
					"trimmed": true,
					"sourceSize": {
						"w": 48,
						"h": 48
					},
					"spriteSourceSize": {
						"x": 0,
						"y": 0,
						"w": 48,
						"h": 47
					},
					"frame": {
						"x": 1,
						"y": 1,
						"w": 48,
						"h": 47
					}
				},
				{
					"filename": "stand_right_000",
					"rotated": false,
					"trimmed": true,
					"sourceSize": {
						"w": 48,
						"h": 48
					},
					"spriteSourceSize": {
						"x": 0,
						"y": 0,
						"w": 48,
						"h": 47
					},
					"frame": {
						"x": 1,
						"y": 1,
						"w": 48,
						"h": 47
					}
				},
				{
					"filename": "stand_up_000",
					"rotated": false,
					"trimmed": true,
					"sourceSize": {
						"w": 48,
						"h": 48
					},
					"spriteSourceSize": {
						"x": 0,
						"y": 0,
						"w": 48,
						"h": 47
					},
					"frame": {
						"x": 1,
						"y": 1,
						"w": 48,
						"h": 47
					}
				}
			]
		}
	],
	"meta": {
		"app": "https://www.codeandweb.com/texturepacker",
		"version": "3.0",
		"smartupdate": "$TexturePacker:SmartUpdate:863debe666fe83c2c665295766239283:09ea24df2167e97b3394ae6376dd0576:8ff104244d50774beae73971c6f8c82d$"
	}
}
