{
	"textures": [
		{
			"image": "/assets/sprites/furniture/gardenplant_cyan_3.png",
			"format": "RGBA8888",
			"size": {
				"w": 34,
				"h": 98
			},
			"scale": 1,
			"frames": [
				{
					"filename": "stand_down_000",
					"rotated": false,
					"trimmed": false,
					"sourceSize": {
						"w": 32,
						"h": 96
					},
					"spriteSourceSize": {
						"x": 0,
						"y": 0,
						"w": 32,
						"h": 96
					},
					"frame": {
						"x": 1,
						"y": 1,
						"w": 32,
						"h": 96
					}
				},
				{
					"filename": "stand_left_000",
					"rotated": false,
					"trimmed": false,
					"sourceSize": {
						"w": 32,
						"h": 96
					},
					"spriteSourceSize": {
						"x": 0,
						"y": 0,
						"w": 32,
						"h": 96
					},
					"frame": {
						"x": 1,
						"y": 1,
						"w": 32,
						"h": 96
					}
				},
				{
					"filename": "stand_right_000",
					"rotated": false,
					"trimmed": false,
					"sourceSize": {
						"w": 32,
						"h": 96
					},
					"spriteSourceSize": {
						"x": 0,
						"y": 0,
						"w": 32,
						"h": 96
					},
					"frame": {
						"x": 1,
						"y": 1,
						"w": 32,
						"h": 96
					}
				},
				{
					"filename": "stand_up_000",
					"rotated": false,
					"trimmed": false,
					"sourceSize": {
						"w": 32,
						"h": 96
					},
					"spriteSourceSize": {
						"x": 0,
						"y": 0,
						"w": 32,
						"h": 96
					},
					"frame": {
						"x": 1,
						"y": 1,
						"w": 32,
						"h": 96
					}
				}
			]
		}
	],
	"meta": {
		"app": "https://www.codeandweb.com/texturepacker",
		"version": "3.0",
		"smartupdate": "$TexturePacker:SmartUpdate:7928b198514f178705d9a3554ca0e89f:8acce0f60aff9c3dce543924f6ac115d:5d5c9533e2d42f2434b4d7141d95e5dd$"
	}
}
