{
	"textures": [
		{
			"image": "/assets/sprites/furniture/swingset_orange_down.png",
			"format": "RGBA8888",
			"size": {
				"w": 194,
				"h": 162
			},
			"scale": 1,
			"frames": [
				{
					"filename": "stand_down_000",
					"rotated": false,
					"trimmed": false,
					"sourceSize": {
						"w": 192,
						"h": 160
					},
					"spriteSourceSize": {
						"x": 0,
						"y": 0,
						"w": 192,
						"h": 160
					},
					"frame": {
						"x": 1,
						"y": 1,
						"w": 192,
						"h": 160
					}
				},
				{
					"filename": "stand_left_000",
					"rotated": false,
					"trimmed": false,
					"sourceSize": {
						"w": 192,
						"h": 160
					},
					"spriteSourceSize": {
						"x": 0,
						"y": 0,
						"w": 192,
						"h": 160
					},
					"frame": {
						"x": 1,
						"y": 1,
						"w": 192,
						"h": 160
					}
				},
				{
					"filename": "stand_right_000",
					"rotated": false,
					"trimmed": false,
					"sourceSize": {
						"w": 192,
						"h": 160
					},
					"spriteSourceSize": {
						"x": 0,
						"y": 0,
						"w": 192,
						"h": 160
					},
					"frame": {
						"x": 1,
						"y": 1,
						"w": 192,
						"h": 160
					}
				},
				{
					"filename": "stand_up_000",
					"rotated": false,
					"trimmed": false,
					"sourceSize": {
						"w": 192,
						"h": 160
					},
					"spriteSourceSize": {
						"x": 0,
						"y": 0,
						"w": 192,
						"h": 160
					},
					"frame": {
						"x": 1,
						"y": 1,
						"w": 192,
						"h": 160
					}
				}
			]
		}
	],
	"meta": {
		"app": "https://www.codeandweb.com/texturepacker",
		"version": "3.0",
		"smartupdate": "$TexturePacker:SmartUpdate:268108731f381994d96f41469d6ad9f8:5ba213755285c1f8d7f93a78fb0f7c3e:71a8fee23c74a8ff864029ec5822d4c9$"
	}
}
