{
	"textures": [
		{
			"image": "/assets/sprites/furniture/sunshade_yellow.png",
			"format": "RGBA8888",
			"size": {
				"w": 162,
				"h": 194
			},
			"scale": 1,
			"frames": [
				{
					"filename": "stand_down_000",
					"rotated": false,
					"trimmed": false,
					"sourceSize": {
						"w": 160,
						"h": 192
					},
					"spriteSourceSize": {
						"x": 0,
						"y": 0,
						"w": 160,
						"h": 192
					},
					"frame": {
						"x": 1,
						"y": 1,
						"w": 160,
						"h": 192
					}
				},
				{
					"filename": "stand_left_000",
					"rotated": false,
					"trimmed": false,
					"sourceSize": {
						"w": 160,
						"h": 192
					},
					"spriteSourceSize": {
						"x": 0,
						"y": 0,
						"w": 160,
						"h": 192
					},
					"frame": {
						"x": 1,
						"y": 1,
						"w": 160,
						"h": 192
					}
				},
				{
					"filename": "stand_right_000",
					"rotated": false,
					"trimmed": false,
					"sourceSize": {
						"w": 160,
						"h": 192
					},
					"spriteSourceSize": {
						"x": 0,
						"y": 0,
						"w": 160,
						"h": 192
					},
					"frame": {
						"x": 1,
						"y": 1,
						"w": 160,
						"h": 192
					}
				},
				{
					"filename": "stand_up_000",
					"rotated": false,
					"trimmed": false,
					"sourceSize": {
						"w": 160,
						"h": 192
					},
					"spriteSourceSize": {
						"x": 0,
						"y": 0,
						"w": 160,
						"h": 192
					},
					"frame": {
						"x": 1,
						"y": 1,
						"w": 160,
						"h": 192
					}
				}
			]
		}
	],
	"meta": {
		"app": "https://www.codeandweb.com/texturepacker",
		"version": "3.0",
		"smartupdate": "$TexturePacker:SmartUpdate:f9be5f5a354d7df160f3d86437d5e9df:6a93e3c52833deb859edbf85e63e2cc8:ed83856c828784823502f0c784bef9a7$"
	}
}
