{
	"generator_info": "Shape definitions generated with PhysicsEditor. Visit https://www.codeandweb.com/physicseditor",
	"stand_down_000": {
		"type": "fromPhysicsEditor",
		"label": "stand_down_000",
		"isStatic": false,
		"density": 0.1,
		"restitution": 0,
		"friction": 0.1,
		"frictionAir": 0.01,
		"frictionStatic": 0.5,
		"collisionFilter": {
			"group": 0,
			"category": 1,
			"mask": 255
		},
		"fixtures": [
			{
				"label": "",
				"isSensor": false,
				"vertices": [
					[ { "x":28, "y":66 }, { "x":30, "y":62 }, { "x":25, "y":56 }, { "x":25, "y":63 } ],
					[ { "x":33, "y":65 }, { "x":36, "y":62 }, { "x":26, "y":55 }, { "x":25, "y":56 }, { "x":30, "y":62 } ],
					[ { "x":66, "y":62 }, { "x":66, "y":60 }, { "x":63, "y":62 } ],
					[ { "x":52, "y":76 }, { "x":53, "y":72 }, { "x":50, "y":75 } ],
					[ { "x":58, "y":72 }, { "x":58, "y":69 }, { "x":38, "y":64 }, { "x":39, "y":69 }, { "x":53, "y":72 } ],
					[ { "x":49, "y":77 }, { "x":50, "y":75 }, { "x":43, "y":73 }, { "x":47, "y":77 } ],
					[ { "x":72, "y":57 }, { "x":72, "y":49 }, { "x":66, "y":60 } ],
					[ { "x":35, "y":71 }, { "x":36, "y":73 }, { "x":43, "y":73 }, { "x":53, "y":72 }, { "x":39, "y":69 } ],
					[ { "x":22, "y":50 }, { "x":22, "y":53 }, { "x":26, "y":55 }, { "x":25, "y":48 } ],
					[ { "x":74, "y":48 }, { "x":74, "y":44 }, { "x":25, "y":44 }, { "x":36, "y":62 }, { "x":72, "y":49 } ],
					[ { "x":50, "y":75 }, { "x":53, "y":72 }, { "x":43, "y":73 } ],
					[ { "x":58, "y":69 }, { "x":63, "y":64 }, { "x":63, "y":62 }, { "x":36, "y":62 }, { "x":38, "y":64 } ],
					[ { "x":26, "y":55 }, { "x":36, "y":62 }, { "x":25, "y":44 }, { "x":25, "y":48 } ],
					[ { "x":66, "y":60 }, { "x":72, "y":49 }, { "x":36, "y":62 }, { "x":63, "y":62 } ]
				]
			}
		]
	},
	"stand_left_000": {
		"type": "fromPhysicsEditor",
		"label": "stand_left_000",
		"isStatic": false,
		"density": 0.10000000149011612,
		"restitution": 0,
		"friction": 0.10000000149011612,
		"frictionAir": 0.009999999776482582,
		"frictionStatic": 0.5,
		"collisionFilter": {
			"group": 0,
			"category": 1,
			"mask": 255
		},
		"fixtures": [
			{
				"label": "",
				"isSensor": false,
				"vertices": [
					[ { "x":28, "y":66 }, { "x":30, "y":62 }, { "x":25, "y":56 }, { "x":25, "y":63 } ],
					[ { "x":33, "y":65 }, { "x":36, "y":62 }, { "x":26, "y":55 }, { "x":25, "y":56 }, { "x":30, "y":62 } ],
					[ { "x":66, "y":62 }, { "x":66, "y":60 }, { "x":63, "y":62 } ],
					[ { "x":52, "y":76 }, { "x":53, "y":72 }, { "x":50, "y":75 } ],
					[ { "x":58, "y":72 }, { "x":58, "y":69 }, { "x":38, "y":64 }, { "x":39, "y":69 }, { "x":53, "y":72 } ],
					[ { "x":49, "y":77 }, { "x":50, "y":75 }, { "x":43, "y":73 }, { "x":47, "y":77 } ],
					[ { "x":72, "y":57 }, { "x":72, "y":49 }, { "x":66, "y":60 } ],
					[ { "x":35, "y":71 }, { "x":36, "y":73 }, { "x":43, "y":73 }, { "x":53, "y":72 }, { "x":39, "y":69 } ],
					[ { "x":22, "y":50 }, { "x":22, "y":53 }, { "x":26, "y":55 }, { "x":25, "y":48 } ],
					[ { "x":74, "y":48 }, { "x":74, "y":44 }, { "x":25, "y":44 }, { "x":36, "y":62 }, { "x":72, "y":49 } ],
					[ { "x":50, "y":75 }, { "x":53, "y":72 }, { "x":43, "y":73 } ],
					[ { "x":58, "y":69 }, { "x":63, "y":64 }, { "x":63, "y":62 }, { "x":36, "y":62 }, { "x":38, "y":64 } ],
					[ { "x":26, "y":55 }, { "x":36, "y":62 }, { "x":25, "y":44 }, { "x":25, "y":48 } ],
					[ { "x":66, "y":60 }, { "x":72, "y":49 }, { "x":36, "y":62 }, { "x":63, "y":62 } ]
				]
			}
		]
	},
	"stand_right_000": {
		"type": "fromPhysicsEditor",
		"label": "stand_right_000",
		"isStatic": false,
		"density": 0.10000000149011612,
		"restitution": 0,
		"friction": 0.10000000149011612,
		"frictionAir": 0.009999999776482582,
		"frictionStatic": 0.5,
		"collisionFilter": {
			"group": 0,
			"category": 1,
			"mask": 255
		},
		"fixtures": [
			{
				"label": "",
				"isSensor": false,
				"vertices": [
					[ { "x":28, "y":66 }, { "x":30, "y":62 }, { "x":25, "y":56 }, { "x":25, "y":63 } ],
					[ { "x":33, "y":65 }, { "x":36, "y":62 }, { "x":26, "y":55 }, { "x":25, "y":56 }, { "x":30, "y":62 } ],
					[ { "x":66, "y":62 }, { "x":66, "y":60 }, { "x":63, "y":62 } ],
					[ { "x":52, "y":76 }, { "x":53, "y":72 }, { "x":50, "y":75 } ],
					[ { "x":58, "y":72 }, { "x":58, "y":69 }, { "x":38, "y":64 }, { "x":39, "y":69 }, { "x":53, "y":72 } ],
					[ { "x":49, "y":77 }, { "x":50, "y":75 }, { "x":43, "y":73 }, { "x":47, "y":77 } ],
					[ { "x":72, "y":57 }, { "x":72, "y":49 }, { "x":66, "y":60 } ],
					[ { "x":35, "y":71 }, { "x":36, "y":73 }, { "x":43, "y":73 }, { "x":53, "y":72 }, { "x":39, "y":69 } ],
					[ { "x":22, "y":50 }, { "x":22, "y":53 }, { "x":26, "y":55 }, { "x":25, "y":48 } ],
					[ { "x":74, "y":48 }, { "x":74, "y":44 }, { "x":25, "y":44 }, { "x":36, "y":62 }, { "x":72, "y":49 } ],
					[ { "x":50, "y":75 }, { "x":53, "y":72 }, { "x":43, "y":73 } ],
					[ { "x":58, "y":69 }, { "x":63, "y":64 }, { "x":63, "y":62 }, { "x":36, "y":62 }, { "x":38, "y":64 } ],
					[ { "x":26, "y":55 }, { "x":36, "y":62 }, { "x":25, "y":44 }, { "x":25, "y":48 } ],
					[ { "x":66, "y":60 }, { "x":72, "y":49 }, { "x":36, "y":62 }, { "x":63, "y":62 } ]
				]
			}
		]
	},
	"stand_up_000": {
		"type": "fromPhysicsEditor",
		"label": "stand_up_000",
		"isStatic": false,
		"density": 0.10000000149011612,
		"restitution": 0,
		"friction": 0.10000000149011612,
		"frictionAir": 0.009999999776482582,
		"frictionStatic": 0.5,
		"collisionFilter": {
			"group": 0,
			"category": 1,
			"mask": 255
		},
		"fixtures": [
			{
				"label": "",
				"isSensor": false,
				"vertices": [
					[ { "x":28, "y":66 }, { "x":30, "y":62 }, { "x":25, "y":56 }, { "x":25, "y":63 } ],
					[ { "x":33, "y":65 }, { "x":36, "y":62 }, { "x":26, "y":55 }, { "x":25, "y":56 }, { "x":30, "y":62 } ],
					[ { "x":66, "y":62 }, { "x":66, "y":60 }, { "x":63, "y":62 } ],
					[ { "x":52, "y":76 }, { "x":53, "y":72 }, { "x":50, "y":75 } ],
					[ { "x":58, "y":72 }, { "x":58, "y":69 }, { "x":38, "y":64 }, { "x":39, "y":69 }, { "x":53, "y":72 } ],
					[ { "x":49, "y":77 }, { "x":50, "y":75 }, { "x":43, "y":73 }, { "x":47, "y":77 } ],
					[ { "x":72, "y":57 }, { "x":72, "y":49 }, { "x":66, "y":60 } ],
					[ { "x":35, "y":71 }, { "x":36, "y":73 }, { "x":43, "y":73 }, { "x":53, "y":72 }, { "x":39, "y":69 } ],
					[ { "x":22, "y":50 }, { "x":22, "y":53 }, { "x":26, "y":55 }, { "x":25, "y":48 } ],
					[ { "x":74, "y":48 }, { "x":74, "y":44 }, { "x":25, "y":44 }, { "x":36, "y":62 }, { "x":72, "y":49 } ],
					[ { "x":50, "y":75 }, { "x":53, "y":72 }, { "x":43, "y":73 } ],
					[ { "x":58, "y":69 }, { "x":63, "y":64 }, { "x":63, "y":62 }, { "x":36, "y":62 }, { "x":38, "y":64 } ],
					[ { "x":26, "y":55 }, { "x":36, "y":62 }, { "x":25, "y":44 }, { "x":25, "y":48 } ],
					[ { "x":66, "y":60 }, { "x":72, "y":49 }, { "x":36, "y":62 }, { "x":63, "y":62 } ]
				]
			}
		]
	}
}
