{
	"textures": [
		{
			"image": "/assets/sprites/treesBushesPlants/rocks23.png",
			"format": "RGBA8888",
			"size": {
				"w": 56,
				"h": 63
			},
			"scale": 1,
			"frames": [
				{
					"filename": "stand_down_000",
					"rotated": false,
					"trimmed": true,
					"sourceSize": {
						"w": 96,
						"h": 96
					},
					"spriteSourceSize": {
						"x": 21,
						"y": 17,
						"w": 54,
						"h": 61
					},
					"frame": {
						"x": 1,
						"y": 1,
						"w": 54,
						"h": 61
					}
				},
				{
					"filename": "stand_left_000",
					"rotated": false,
					"trimmed": true,
					"sourceSize": {
						"w": 96,
						"h": 96
					},
					"spriteSourceSize": {
						"x": 21,
						"y": 17,
						"w": 54,
						"h": 61
					},
					"frame": {
						"x": 1,
						"y": 1,
						"w": 54,
						"h": 61
					}
				},
				{
					"filename": "stand_right_000",
					"rotated": false,
					"trimmed": true,
					"sourceSize": {
						"w": 96,
						"h": 96
					},
					"spriteSourceSize": {
						"x": 21,
						"y": 17,
						"w": 54,
						"h": 61
					},
					"frame": {
						"x": 1,
						"y": 1,
						"w": 54,
						"h": 61
					}
				},
				{
					"filename": "stand_up_000",
					"rotated": false,
					"trimmed": true,
					"sourceSize": {
						"w": 96,
						"h": 96
					},
					"spriteSourceSize": {
						"x": 21,
						"y": 17,
						"w": 54,
						"h": 61
					},
					"frame": {
						"x": 1,
						"y": 1,
						"w": 54,
						"h": 61
					}
				}
			]
		}
	],
	"meta": {
		"app": "https://www.codeandweb.com/texturepacker",
		"version": "3.0",
		"smartupdate": "$TexturePacker:SmartUpdate:38a882875104e312094b629ff58c2e77:1cdd593ab34cf7bb093103defed97698:0356b97cc23d6347f3482c1f318a2e23$"
	}
}
