{
	"generator_info": "Shape definitions generated with PhysicsEditor. Visit https://www.codeandweb.com/physicseditor",
	"stand_down_000": {
		"type": "fromPhysicsEditor",
		"label": "stand_down_000",
		"isStatic": false,
		"density": 0.1,
		"restitution": 0,
		"friction": 0.1,
		"frictionAir": 0.01,
		"frictionStatic": 0.5,
		"collisionFilter": {
			"group": 0,
			"category": 1,
			"mask": 255
		},
		"fixtures": [
			{
				"label": "",
				"isSensor": false,
				"vertices": [
					[ { "x":37, "y":35 }, { "x":33, "y":35 }, { "x":32, "y":39 }, { "x":36, "y":40 } ],
					[ { "x":31, "y":43 }, { "x":32, "y":39 }, { "x":29, "y":42 } ],
					[ { "x":28, "y":44 }, { "x":29, "y":42 }, { "x":22, "y":40 }, { "x":26, "y":44 } ],
					[ { "x":14, "y":39 }, { "x":17, "y":41 }, { "x":22, "y":40 }, { "x":17, "y":37 }, { "x":15, "y":37 } ],
					[ { "x":29, "y":42 }, { "x":32, "y":39 }, { "x":33, "y":35 }, { "x":32, "y":32 }, { "x":22, "y":40 } ],
					[ { "x":11, "y":27 }, { "x":18, "y":32 }, { "x":32, "y":25 }, { "x":35, "y":23 }, { "x":11, "y":23 } ],
					[ { "x":32, "y":32 }, { "x":32, "y":25 }, { "x":18, "y":32 }, { "x":17, "y":37 }, { "x":22, "y":40 } ]
				]
			}
		]
	},
	"stand_left_000": {
		"type": "fromPhysicsEditor",
		"label": "stand_left_000",
		"isStatic": false,
		"density": 0.10000000149011612,
		"restitution": 0,
		"friction": 0.10000000149011612,
		"frictionAir": 0.009999999776482582,
		"frictionStatic": 0.5,
		"collisionFilter": {
			"group": 0,
			"category": 1,
			"mask": 255
		},
		"fixtures": [
			{
				"label": "",
				"isSensor": false,
				"vertices": [
					[ { "x":37, "y":35 }, { "x":33, "y":35 }, { "x":32, "y":39 }, { "x":36, "y":40 } ],
					[ { "x":31, "y":43 }, { "x":32, "y":39 }, { "x":29, "y":42 } ],
					[ { "x":28, "y":44 }, { "x":29, "y":42 }, { "x":22, "y":40 }, { "x":26, "y":44 } ],
					[ { "x":14, "y":39 }, { "x":17, "y":41 }, { "x":22, "y":40 }, { "x":17, "y":37 }, { "x":15, "y":37 } ],
					[ { "x":29, "y":42 }, { "x":32, "y":39 }, { "x":33, "y":35 }, { "x":32, "y":32 }, { "x":22, "y":40 } ],
					[ { "x":11, "y":27 }, { "x":18, "y":32 }, { "x":32, "y":25 }, { "x":35, "y":23 }, { "x":11, "y":23 } ],
					[ { "x":32, "y":32 }, { "x":32, "y":25 }, { "x":18, "y":32 }, { "x":17, "y":37 }, { "x":22, "y":40 } ]
				]
			}
		]
	},
	"stand_right_000": {
		"type": "fromPhysicsEditor",
		"label": "stand_right_000",
		"isStatic": false,
		"density": 0.10000000149011612,
		"restitution": 0,
		"friction": 0.10000000149011612,
		"frictionAir": 0.009999999776482582,
		"frictionStatic": 0.5,
		"collisionFilter": {
			"group": 0,
			"category": 1,
			"mask": 255
		},
		"fixtures": [
			{
				"label": "",
				"isSensor": false,
				"vertices": [
					[ { "x":37, "y":35 }, { "x":33, "y":35 }, { "x":32, "y":39 }, { "x":36, "y":40 } ],
					[ { "x":31, "y":43 }, { "x":32, "y":39 }, { "x":29, "y":42 } ],
					[ { "x":28, "y":44 }, { "x":29, "y":42 }, { "x":22, "y":40 }, { "x":26, "y":44 } ],
					[ { "x":14, "y":39 }, { "x":17, "y":41 }, { "x":22, "y":40 }, { "x":17, "y":37 }, { "x":15, "y":37 } ],
					[ { "x":29, "y":42 }, { "x":32, "y":39 }, { "x":33, "y":35 }, { "x":32, "y":32 }, { "x":22, "y":40 } ],
					[ { "x":11, "y":27 }, { "x":18, "y":32 }, { "x":32, "y":25 }, { "x":35, "y":23 }, { "x":11, "y":23 } ],
					[ { "x":32, "y":32 }, { "x":32, "y":25 }, { "x":18, "y":32 }, { "x":17, "y":37 }, { "x":22, "y":40 } ]
				]
			}
		]
	},
	"stand_up_000": {
		"type": "fromPhysicsEditor",
		"label": "stand_up_000",
		"isStatic": false,
		"density": 0.10000000149011612,
		"restitution": 0,
		"friction": 0.10000000149011612,
		"frictionAir": 0.009999999776482582,
		"frictionStatic": 0.5,
		"collisionFilter": {
			"group": 0,
			"category": 1,
			"mask": 255
		},
		"fixtures": [
			{
				"label": "",
				"isSensor": false,
				"vertices": [
					[ { "x":37, "y":35 }, { "x":33, "y":35 }, { "x":32, "y":39 }, { "x":36, "y":40 } ],
					[ { "x":31, "y":43 }, { "x":32, "y":39 }, { "x":29, "y":42 } ],
					[ { "x":28, "y":44 }, { "x":29, "y":42 }, { "x":22, "y":40 }, { "x":26, "y":44 } ],
					[ { "x":14, "y":39 }, { "x":17, "y":41 }, { "x":22, "y":40 }, { "x":17, "y":37 }, { "x":15, "y":37 } ],
					[ { "x":29, "y":42 }, { "x":32, "y":39 }, { "x":33, "y":35 }, { "x":32, "y":32 }, { "x":22, "y":40 } ],
					[ { "x":11, "y":27 }, { "x":18, "y":32 }, { "x":32, "y":25 }, { "x":35, "y":23 }, { "x":11, "y":23 } ],
					[ { "x":32, "y":32 }, { "x":32, "y":25 }, { "x":18, "y":32 }, { "x":17, "y":37 }, { "x":22, "y":40 } ]
				]
			}
		]
	}
}
