{
	"textures": [
		{
			"image": "/assets/sprites/treesBushesPlants/rocks19.png",
			"format": "RGBA8888",
			"size": {
				"w": 30,
				"h": 44
			},
			"scale": 1,
			"frames": [
				{
					"filename": "stand_down_000",
					"rotated": false,
					"trimmed": true,
					"sourceSize": {
						"w": 48,
						"h": 48
					},
					"spriteSourceSize": {
						"x": 10,
						"y": 3,
						"w": 28,
						"h": 42
					},
					"frame": {
						"x": 1,
						"y": 1,
						"w": 28,
						"h": 42
					}
				},
				{
					"filename": "stand_left_000",
					"rotated": false,
					"trimmed": true,
					"sourceSize": {
						"w": 48,
						"h": 48
					},
					"spriteSourceSize": {
						"x": 10,
						"y": 3,
						"w": 28,
						"h": 42
					},
					"frame": {
						"x": 1,
						"y": 1,
						"w": 28,
						"h": 42
					}
				},
				{
					"filename": "stand_right_000",
					"rotated": false,
					"trimmed": true,
					"sourceSize": {
						"w": 48,
						"h": 48
					},
					"spriteSourceSize": {
						"x": 10,
						"y": 3,
						"w": 28,
						"h": 42
					},
					"frame": {
						"x": 1,
						"y": 1,
						"w": 28,
						"h": 42
					}
				},
				{
					"filename": "stand_up_000",
					"rotated": false,
					"trimmed": true,
					"sourceSize": {
						"w": 48,
						"h": 48
					},
					"spriteSourceSize": {
						"x": 10,
						"y": 3,
						"w": 28,
						"h": 42
					},
					"frame": {
						"x": 1,
						"y": 1,
						"w": 28,
						"h": 42
					}
				}
			]
		}
	],
	"meta": {
		"app": "https://www.codeandweb.com/texturepacker",
		"version": "3.0",
		"smartupdate": "$TexturePacker:SmartUpdate:3ba7e962296b489b98feb2f150faf673:4fe15cb69b4c79eea970b296ce4da694:6edcbbfa8bb4e664f8b66f3a18c63692$"
	}
}
