{
	"textures": [
		{
			"image": "/assets/sprites/furniture/gardenplant_darkred.png",
			"format": "RGBA8888",
			"size": {
				"w": 66,
				"h": 98
			},
			"scale": 1,
			"frames": [
				{
					"filename": "stand_down_000",
					"rotated": false,
					"trimmed": false,
					"sourceSize": {
						"w": 64,
						"h": 96
					},
					"spriteSourceSize": {
						"x": 0,
						"y": 0,
						"w": 64,
						"h": 96
					},
					"frame": {
						"x": 1,
						"y": 1,
						"w": 64,
						"h": 96
					}
				},
				{
					"filename": "stand_left_000",
					"rotated": false,
					"trimmed": false,
					"sourceSize": {
						"w": 64,
						"h": 96
					},
					"spriteSourceSize": {
						"x": 0,
						"y": 0,
						"w": 64,
						"h": 96
					},
					"frame": {
						"x": 1,
						"y": 1,
						"w": 64,
						"h": 96
					}
				},
				{
					"filename": "stand_right_000",
					"rotated": false,
					"trimmed": false,
					"sourceSize": {
						"w": 64,
						"h": 96
					},
					"spriteSourceSize": {
						"x": 0,
						"y": 0,
						"w": 64,
						"h": 96
					},
					"frame": {
						"x": 1,
						"y": 1,
						"w": 64,
						"h": 96
					}
				},
				{
					"filename": "stand_up_000",
					"rotated": false,
					"trimmed": false,
					"sourceSize": {
						"w": 64,
						"h": 96
					},
					"spriteSourceSize": {
						"x": 0,
						"y": 0,
						"w": 64,
						"h": 96
					},
					"frame": {
						"x": 1,
						"y": 1,
						"w": 64,
						"h": 96
					}
				}
			]
		}
	],
	"meta": {
		"app": "https://www.codeandweb.com/texturepacker",
		"version": "3.0",
		"smartupdate": "$TexturePacker:SmartUpdate:42b456b0bb7bb49682a8bcd8c5a738d9:1cc05869da8329e293594da2e7d54678:dce2dc5e6563e41d7403fa4411b060db$"
	}
}
