{
	"textures": [
		{
			"image": "/assets/sprites/furniture/carpet_1.png",
			"format": "RGBA8888",
			"size": {
				"w": 391,
				"h": 391
			},
			"scale": 1,
			"frames": [
				{
					"filename": "stand_down_000",
					"rotated": false,
					"trimmed": false,
					"sourceSize": {
						"w": 128,
						"h": 257
					},
					"spriteSourceSize": {
						"x": 0,
						"y": 0,
						"w": 128,
						"h": 257
					},
					"frame": {
						"x": 1,
						"y": 1,
						"w": 128,
						"h": 257
					}
				},
				{
					"filename": "stand_left_000",
					"rotated": false,
					"trimmed": false,
					"sourceSize": {
						"w": 257,
						"h": 128
					},
					"spriteSourceSize": {
						"x": 0,
						"y": 0,
						"w": 257,
						"h": 128
					},
					"frame": {
						"x": 1,
						"y": 262,
						"w": 257,
						"h": 128
					}
				},
				{
					"filename": "stand_right_000",
					"rotated": false,
					"trimmed": false,
					"sourceSize": {
						"w": 257,
						"h": 128
					},
					"spriteSourceSize": {
						"x": 0,
						"y": 0,
						"w": 257,
						"h": 128
					},
					"frame": {
						"x": 133,
						"y": 1,
						"w": 257,
						"h": 128
					}
				},
				{
					"filename": "stand_up_000",
					"rotated": false,
					"trimmed": false,
					"sourceSize": {
						"w": 128,
						"h": 257
					},
					"spriteSourceSize": {
						"x": 0,
						"y": 0,
						"w": 128,
						"h": 257
					},
					"frame": {
						"x": 262,
						"y": 133,
						"w": 128,
						"h": 257
					}
				}
			]
		}
	],
	"meta": {
		"app": "https://www.codeandweb.com/texturepacker",
		"version": "3.0",
		"smartupdate": "$TexturePacker:SmartUpdate:98b8c0a11ef3d0ae7f316e74a983cae4:6ce643b50bf555edb3f5c132303dc075:a3d4d0832880e9a1d0f4d99efd864db0$"
	}
}
