{
	"textures": [
		{
			"image": "/assets/sprites/furniture/chairred1_down.png",
			"format": "RGBA8888",
			"size": {
				"w": 98,
				"h": 98
			},
			"scale": 1,
			"frames": [
				{
					"filename": "stand_down_000",
					"rotated": false,
					"trimmed": false,
					"sourceSize": {
						"w": 96,
						"h": 96
					},
					"spriteSourceSize": {
						"x": 0,
						"y": 0,
						"w": 96,
						"h": 96
					},
					"frame": {
						"x": 1,
						"y": 1,
						"w": 96,
						"h": 96
					}
				},
				{
					"filename": "stand_left_000",
					"rotated": false,
					"trimmed": false,
					"sourceSize": {
						"w": 96,
						"h": 96
					},
					"spriteSourceSize": {
						"x": 0,
						"y": 0,
						"w": 96,
						"h": 96
					},
					"frame": {
						"x": 1,
						"y": 1,
						"w": 96,
						"h": 96
					}
				},
				{
					"filename": "stand_right_000",
					"rotated": false,
					"trimmed": false,
					"sourceSize": {
						"w": 96,
						"h": 96
					},
					"spriteSourceSize": {
						"x": 0,
						"y": 0,
						"w": 96,
						"h": 96
					},
					"frame": {
						"x": 1,
						"y": 1,
						"w": 96,
						"h": 96
					}
				},
				{
					"filename": "stand_up_000",
					"rotated": false,
					"trimmed": false,
					"sourceSize": {
						"w": 96,
						"h": 96
					},
					"spriteSourceSize": {
						"x": 0,
						"y": 0,
						"w": 96,
						"h": 96
					},
					"frame": {
						"x": 1,
						"y": 1,
						"w": 96,
						"h": 96
					}
				}
			]
		}
	],
	"meta": {
		"app": "https://www.codeandweb.com/texturepacker",
		"version": "3.0",
		"smartupdate": "$TexturePacker:SmartUpdate:1e09a75365fb398e10eaeaea71dd913d:f13ad5b0f4f8cad9bfb15581d77a3f6e:2c849bba6c1848e281ef7069ebdddf9d$"
	}
}
