{
	"textures": [
		{
			"image": "/assets/sprites/furniture/sunbed_orange_down.png",
			"format": "RGBA8888",
			"size": {
				"w": 66,
				"h": 130
			},
			"scale": 1,
			"frames": [
				{
					"filename": "stand_down_000",
					"rotated": false,
					"trimmed": false,
					"sourceSize": {
						"w": 64,
						"h": 128
					},
					"spriteSourceSize": {
						"x": 0,
						"y": 0,
						"w": 64,
						"h": 128
					},
					"frame": {
						"x": 1,
						"y": 1,
						"w": 64,
						"h": 128
					}
				},
				{
					"filename": "stand_left_000",
					"rotated": false,
					"trimmed": false,
					"sourceSize": {
						"w": 64,
						"h": 128
					},
					"spriteSourceSize": {
						"x": 0,
						"y": 0,
						"w": 64,
						"h": 128
					},
					"frame": {
						"x": 1,
						"y": 1,
						"w": 64,
						"h": 128
					}
				},
				{
					"filename": "stand_right_000",
					"rotated": false,
					"trimmed": false,
					"sourceSize": {
						"w": 64,
						"h": 128
					},
					"spriteSourceSize": {
						"x": 0,
						"y": 0,
						"w": 64,
						"h": 128
					},
					"frame": {
						"x": 1,
						"y": 1,
						"w": 64,
						"h": 128
					}
				},
				{
					"filename": "stand_up_000",
					"rotated": false,
					"trimmed": false,
					"sourceSize": {
						"w": 64,
						"h": 128
					},
					"spriteSourceSize": {
						"x": 0,
						"y": 0,
						"w": 64,
						"h": 128
					},
					"frame": {
						"x": 1,
						"y": 1,
						"w": 64,
						"h": 128
					}
				}
			]
		}
	],
	"meta": {
		"app": "https://www.codeandweb.com/texturepacker",
		"version": "3.0",
		"smartupdate": "$TexturePacker:SmartUpdate:e9f2d5150c71afddd59d2046bda385e7:cc953ac053bb7208c5aac688b1c94073:b8d13ad83c03ad353a58538eb5fbc662$"
	}
}
