{
	"textures": [
		{
			"image": "/assets/sprites/furniture/table_4.png",
			"format": "RGBA8888",
			"size": {
				"w": 61,
				"h": 62
			},
			"scale": 1,
			"frames": [
				{
					"filename": "stand_down_000",
					"rotated": false,
					"trimmed": false,
					"sourceSize": {
						"w": 59,
						"h": 60
					},
					"spriteSourceSize": {
						"x": 0,
						"y": 0,
						"w": 59,
						"h": 60
					},
					"frame": {
						"x": 1,
						"y": 1,
						"w": 59,
						"h": 60
					}
				},
				{
					"filename": "stand_left_000",
					"rotated": false,
					"trimmed": false,
					"sourceSize": {
						"w": 59,
						"h": 60
					},
					"spriteSourceSize": {
						"x": 0,
						"y": 0,
						"w": 59,
						"h": 60
					},
					"frame": {
						"x": 1,
						"y": 1,
						"w": 59,
						"h": 60
					}
				},
				{
					"filename": "stand_right_000",
					"rotated": false,
					"trimmed": false,
					"sourceSize": {
						"w": 59,
						"h": 60
					},
					"spriteSourceSize": {
						"x": 0,
						"y": 0,
						"w": 59,
						"h": 60
					},
					"frame": {
						"x": 1,
						"y": 1,
						"w": 59,
						"h": 60
					}
				},
				{
					"filename": "stand_up_000",
					"rotated": false,
					"trimmed": false,
					"sourceSize": {
						"w": 59,
						"h": 60
					},
					"spriteSourceSize": {
						"x": 0,
						"y": 0,
						"w": 59,
						"h": 60
					},
					"frame": {
						"x": 1,
						"y": 1,
						"w": 59,
						"h": 60
					}
				}
			]
		}
	],
	"meta": {
		"app": "https://www.codeandweb.com/texturepacker",
		"version": "3.0",
		"smartupdate": "$TexturePacker:SmartUpdate:1352ecdb84a7f9d079237ecec18b5168:821127cb223497020760571d4e83ddda:9ebe4183a9e6f066be07a5889517b24c$"
	}
}
