{
	"generator_info": "Shape definitions generated with PhysicsEditor. Visit https://www.codeandweb.com/physicseditor",
	"stand_down_000": {
		"type": "fromPhysicsEditor",
		"label": "stand_down_000",
		"isStatic": false,
		"density": 0.1,
		"restitution": 0,
		"friction": 0.1,
		"frictionAir": 0.01,
		"frictionStatic": 0.5,
		"collisionFilter": {
			"group": 0,
			"category": 1,
			"mask": 255
		},
		"fixtures": [
			{
				"label": "",
				"isSensor": false,
				"vertices": [
					[ { "x":48, "y":22 }, { "x":44, "y":20 }, { "x":7, "y":20 }, { "x":41, "y":30 }, { "x":44, "y":30 }, { "x":48, "y":27 } ],
					[ { "x":40, "y":32 }, { "x":41, "y":30 }, { "x":37, "y":32 } ],
					[ { "x":22, "y":39 }, { "x":22, "y":37 }, { "x":7, "y":20 }, { "x":4, "y":24 }, { "x":19, "y":40 } ],
					[ { "x":3, "y":35 }, { "x":19, "y":40 }, { "x":4, "y":24 }, { "x":3, "y":33 } ],
					[ { "x":0, "y":26 }, { "x":0, "y":32 }, { "x":3, "y":33 }, { "x":4, "y":24 } ],
					[ { "x":4, "y":22 }, { "x":4, "y":24 }, { "x":7, "y":20 } ],
					[ { "x":9, "y":40 }, { "x":19, "y":40 }, { "x":6, "y":36 } ],
					[ { "x":7, "y":20 }, { "x":22, "y":37 }, { "x":37, "y":32 }, { "x":41, "y":30 } ],
					[ { "x":36, "y":35 }, { "x":37, "y":32 }, { "x":22, "y":37 } ]
				]
			}
		]
	},
	"stand_left_000": {
		"type": "fromPhysicsEditor",
		"label": "stand_left_000",
		"isStatic": false,
		"density": 0.10000000149011612,
		"restitution": 0,
		"friction": 0.10000000149011612,
		"frictionAir": 0.009999999776482582,
		"frictionStatic": 0.5,
		"collisionFilter": {
			"group": 0,
			"category": 1,
			"mask": 255
		},
		"fixtures": [
			{
				"label": "",
				"isSensor": false,
				"vertices": [
					[ { "x":48, "y":22 }, { "x":44, "y":20 }, { "x":7, "y":20 }, { "x":41, "y":30 }, { "x":44, "y":30 }, { "x":48, "y":27 } ],
					[ { "x":40, "y":32 }, { "x":41, "y":30 }, { "x":37, "y":32 } ],
					[ { "x":22, "y":39 }, { "x":22, "y":37 }, { "x":7, "y":20 }, { "x":4, "y":24 }, { "x":19, "y":40 } ],
					[ { "x":3, "y":35 }, { "x":19, "y":40 }, { "x":4, "y":24 }, { "x":3, "y":33 } ],
					[ { "x":0, "y":26 }, { "x":0, "y":32 }, { "x":3, "y":33 }, { "x":4, "y":24 } ],
					[ { "x":4, "y":22 }, { "x":4, "y":24 }, { "x":7, "y":20 } ],
					[ { "x":9, "y":40 }, { "x":19, "y":40 }, { "x":6, "y":36 } ],
					[ { "x":7, "y":20 }, { "x":22, "y":37 }, { "x":37, "y":32 }, { "x":41, "y":30 } ],
					[ { "x":36, "y":35 }, { "x":37, "y":32 }, { "x":22, "y":37 } ]
				]
			}
		]
	},
	"stand_right_000": {
		"type": "fromPhysicsEditor",
		"label": "stand_right_000",
		"isStatic": false,
		"density": 0.10000000149011612,
		"restitution": 0,
		"friction": 0.10000000149011612,
		"frictionAir": 0.009999999776482582,
		"frictionStatic": 0.5,
		"collisionFilter": {
			"group": 0,
			"category": 1,
			"mask": 255
		},
		"fixtures": [
			{
				"label": "",
				"isSensor": false,
				"vertices": [
					[ { "x":48, "y":22 }, { "x":44, "y":20 }, { "x":7, "y":20 }, { "x":41, "y":30 }, { "x":44, "y":30 }, { "x":48, "y":27 } ],
					[ { "x":40, "y":32 }, { "x":41, "y":30 }, { "x":37, "y":32 } ],
					[ { "x":22, "y":39 }, { "x":22, "y":37 }, { "x":7, "y":20 }, { "x":4, "y":24 }, { "x":19, "y":40 } ],
					[ { "x":3, "y":35 }, { "x":19, "y":40 }, { "x":4, "y":24 }, { "x":3, "y":33 } ],
					[ { "x":0, "y":26 }, { "x":0, "y":32 }, { "x":3, "y":33 }, { "x":4, "y":24 } ],
					[ { "x":4, "y":22 }, { "x":4, "y":24 }, { "x":7, "y":20 } ],
					[ { "x":9, "y":40 }, { "x":19, "y":40 }, { "x":6, "y":36 } ],
					[ { "x":7, "y":20 }, { "x":22, "y":37 }, { "x":37, "y":32 }, { "x":41, "y":30 } ],
					[ { "x":36, "y":35 }, { "x":37, "y":32 }, { "x":22, "y":37 } ]
				]
			}
		]
	},
	"stand_up_000": {
		"type": "fromPhysicsEditor",
		"label": "stand_up_000",
		"isStatic": false,
		"density": 0.10000000149011612,
		"restitution": 0,
		"friction": 0.10000000149011612,
		"frictionAir": 0.009999999776482582,
		"frictionStatic": 0.5,
		"collisionFilter": {
			"group": 0,
			"category": 1,
			"mask": 255
		},
		"fixtures": [
			{
				"label": "",
				"isSensor": false,
				"vertices": [
					[ { "x":48, "y":22 }, { "x":44, "y":20 }, { "x":7, "y":20 }, { "x":41, "y":30 }, { "x":44, "y":30 }, { "x":48, "y":27 } ],
					[ { "x":40, "y":32 }, { "x":41, "y":30 }, { "x":37, "y":32 } ],
					[ { "x":22, "y":39 }, { "x":22, "y":37 }, { "x":7, "y":20 }, { "x":4, "y":24 }, { "x":19, "y":40 } ],
					[ { "x":3, "y":35 }, { "x":19, "y":40 }, { "x":4, "y":24 }, { "x":3, "y":33 } ],
					[ { "x":0, "y":26 }, { "x":0, "y":32 }, { "x":3, "y":33 }, { "x":4, "y":24 } ],
					[ { "x":4, "y":22 }, { "x":4, "y":24 }, { "x":7, "y":20 } ],
					[ { "x":9, "y":40 }, { "x":19, "y":40 }, { "x":6, "y":36 } ],
					[ { "x":7, "y":20 }, { "x":22, "y":37 }, { "x":37, "y":32 }, { "x":41, "y":30 } ],
					[ { "x":36, "y":35 }, { "x":37, "y":32 }, { "x":22, "y":37 } ]
				]
			}
		]
	}
}
