{
	"textures": [
		{
			"image": "/assets/sprites/treesBushesPlants/rocks10.png",
			"format": "RGBA8888",
			"size": {
				"w": 50,
				"h": 37
			},
			"scale": 1,
			"frames": [
				{
					"filename": "stand_down_000",
					"rotated": false,
					"trimmed": true,
					"sourceSize": {
						"w": 48,
						"h": 48
					},
					"spriteSourceSize": {
						"x": 0,
						"y": 6,
						"w": 48,
						"h": 35
					},
					"frame": {
						"x": 1,
						"y": 1,
						"w": 48,
						"h": 35
					}
				},
				{
					"filename": "stand_left_000",
					"rotated": false,
					"trimmed": true,
					"sourceSize": {
						"w": 48,
						"h": 48
					},
					"spriteSourceSize": {
						"x": 0,
						"y": 6,
						"w": 48,
						"h": 35
					},
					"frame": {
						"x": 1,
						"y": 1,
						"w": 48,
						"h": 35
					}
				},
				{
					"filename": "stand_right_000",
					"rotated": false,
					"trimmed": true,
					"sourceSize": {
						"w": 48,
						"h": 48
					},
					"spriteSourceSize": {
						"x": 0,
						"y": 6,
						"w": 48,
						"h": 35
					},
					"frame": {
						"x": 1,
						"y": 1,
						"w": 48,
						"h": 35
					}
				},
				{
					"filename": "stand_up_000",
					"rotated": false,
					"trimmed": true,
					"sourceSize": {
						"w": 48,
						"h": 48
					},
					"spriteSourceSize": {
						"x": 0,
						"y": 6,
						"w": 48,
						"h": 35
					},
					"frame": {
						"x": 1,
						"y": 1,
						"w": 48,
						"h": 35
					}
				}
			]
		}
	],
	"meta": {
		"app": "https://www.codeandweb.com/texturepacker",
		"version": "3.0",
		"smartupdate": "$TexturePacker:SmartUpdate:71e59781ebd2f334a90ad94a96278c88:ba0c16551014d3fb6bd83962b17cafa1:af2e1d58aba19e1b65652c80e7bde0c0$"
	}
}
