{
	"textures": [
		{
			"image": "/assets/sprites/furniture/gardenplant_cyan_2.png",
			"format": "RGBA8888",
			"size": {
				"w": 34,
				"h": 98
			},
			"scale": 1,
			"frames": [
				{
					"filename": "stand_down_000",
					"rotated": false,
					"trimmed": false,
					"sourceSize": {
						"w": 32,
						"h": 96
					},
					"spriteSourceSize": {
						"x": 0,
						"y": 0,
						"w": 32,
						"h": 96
					},
					"frame": {
						"x": 1,
						"y": 1,
						"w": 32,
						"h": 96
					}
				},
				{
					"filename": "stand_left_000",
					"rotated": false,
					"trimmed": false,
					"sourceSize": {
						"w": 32,
						"h": 96
					},
					"spriteSourceSize": {
						"x": 0,
						"y": 0,
						"w": 32,
						"h": 96
					},
					"frame": {
						"x": 1,
						"y": 1,
						"w": 32,
						"h": 96
					}
				},
				{
					"filename": "stand_right_000",
					"rotated": false,
					"trimmed": false,
					"sourceSize": {
						"w": 32,
						"h": 96
					},
					"spriteSourceSize": {
						"x": 0,
						"y": 0,
						"w": 32,
						"h": 96
					},
					"frame": {
						"x": 1,
						"y": 1,
						"w": 32,
						"h": 96
					}
				},
				{
					"filename": "stand_up_000",
					"rotated": false,
					"trimmed": false,
					"sourceSize": {
						"w": 32,
						"h": 96
					},
					"spriteSourceSize": {
						"x": 0,
						"y": 0,
						"w": 32,
						"h": 96
					},
					"frame": {
						"x": 1,
						"y": 1,
						"w": 32,
						"h": 96
					}
				}
			]
		}
	],
	"meta": {
		"app": "https://www.codeandweb.com/texturepacker",
		"version": "3.0",
		"smartupdate": "$TexturePacker:SmartUpdate:040f65d09e3e29d0e9dac2e3f06946f4:29e17d0382b92a126d6101f060b015c8:7e53f0a6942b833743b2d5eabeb9eff7$"
	}
}
