{
	"textures": [
		{
			"image": "/assets/sprites/furniture/table_3.png",
			"format": "RGBA8888",
			"size": {
				"w": 61,
				"h": 62
			},
			"scale": 1,
			"frames": [
				{
					"filename": "stand_down_000",
					"rotated": false,
					"trimmed": false,
					"sourceSize": {
						"w": 59,
						"h": 60
					},
					"spriteSourceSize": {
						"x": 0,
						"y": 0,
						"w": 59,
						"h": 60
					},
					"frame": {
						"x": 1,
						"y": 1,
						"w": 59,
						"h": 60
					}
				},
				{
					"filename": "stand_left_000",
					"rotated": false,
					"trimmed": false,
					"sourceSize": {
						"w": 59,
						"h": 60
					},
					"spriteSourceSize": {
						"x": 0,
						"y": 0,
						"w": 59,
						"h": 60
					},
					"frame": {
						"x": 1,
						"y": 1,
						"w": 59,
						"h": 60
					}
				},
				{
					"filename": "stand_right_000",
					"rotated": false,
					"trimmed": false,
					"sourceSize": {
						"w": 59,
						"h": 60
					},
					"spriteSourceSize": {
						"x": 0,
						"y": 0,
						"w": 59,
						"h": 60
					},
					"frame": {
						"x": 1,
						"y": 1,
						"w": 59,
						"h": 60
					}
				},
				{
					"filename": "stand_up_000",
					"rotated": false,
					"trimmed": false,
					"sourceSize": {
						"w": 59,
						"h": 60
					},
					"spriteSourceSize": {
						"x": 0,
						"y": 0,
						"w": 59,
						"h": 60
					},
					"frame": {
						"x": 1,
						"y": 1,
						"w": 59,
						"h": 60
					}
				}
			]
		}
	],
	"meta": {
		"app": "https://www.codeandweb.com/texturepacker",
		"version": "3.0",
		"smartupdate": "$TexturePacker:SmartUpdate:f373977285280c92ec61cd10aa5961f0:79e0d938f9ee5ea2b5962b589508f139:759015352c7c81cc5319b390bc75354b$"
	}
}
