{
	"textures": [
		{
			"image": "/assets/sprites/treesBushesPlants/tree2b.png",
			"format": "RGBA8888",
			"size": {
				"w": 73,
				"h": 121
			},
			"scale": 1,
			"frames": [
				{
					"filename": "stand_down_000",
					"rotated": false,
					"trimmed": true,
					"sourceSize": {
						"w": 96,
						"h": 144
					},
					"spriteSourceSize": {
						"x": 13,
						"y": 12,
						"w": 71,
						"h": 119
					},
					"frame": {
						"x": 1,
						"y": 1,
						"w": 71,
						"h": 119
					}
				},
				{
					"filename": "stand_left_000",
					"rotated": false,
					"trimmed": true,
					"sourceSize": {
						"w": 96,
						"h": 144
					},
					"spriteSourceSize": {
						"x": 13,
						"y": 12,
						"w": 71,
						"h": 119
					},
					"frame": {
						"x": 1,
						"y": 1,
						"w": 71,
						"h": 119
					}
				},
				{
					"filename": "stand_right_000",
					"rotated": false,
					"trimmed": true,
					"sourceSize": {
						"w": 96,
						"h": 144
					},
					"spriteSourceSize": {
						"x": 13,
						"y": 12,
						"w": 71,
						"h": 119
					},
					"frame": {
						"x": 1,
						"y": 1,
						"w": 71,
						"h": 119
					}
				},
				{
					"filename": "stand_up_000",
					"rotated": false,
					"trimmed": true,
					"sourceSize": {
						"w": 96,
						"h": 144
					},
					"spriteSourceSize": {
						"x": 13,
						"y": 12,
						"w": 71,
						"h": 119
					},
					"frame": {
						"x": 1,
						"y": 1,
						"w": 71,
						"h": 119
					}
				}
			]
		}
	],
	"meta": {
		"app": "https://www.codeandweb.com/texturepacker",
		"version": "3.0",
		"smartupdate": "$TexturePacker:SmartUpdate:61d3e134c137f0a0ad2705c7c1d5b8da:aaba0317cdfcfbacb965066f6ed47d78:56382c0071c064e3e69d26fdf724e6c4$"
	}
}
