{
	"generator_info": "Shape definitions generated with PhysicsEditor. Visit https://www.codeandweb.com/physicseditor",
	"stand_down_000": {
		"type": "fromPhysicsEditor",
		"label": "stand_down_000",
		"isStatic": false,
		"density": 0.1,
		"restitution": 0,
		"friction": 0.1,
		"frictionAir": 0.01,
		"frictionStatic": 0.5,
		"collisionFilter": {
			"group": 0,
			"category": 1,
			"mask": 255
		},
		"fixtures": [
			{
				"label": "",
				"isSensor": false,
				"vertices": [
					[ { "x":23, "y":1 }, { "x":20, "y":3 }, { "x":22, "y":12 }, { "x":25, "y":10 }, { "x":25, "y":3 } ],
					[ { "x":11, "y":1 }, { "x":9, "y":3 }, { "x":2, "y":12 }, { "x":19, "y":22 }, { "x":22, "y":12 }, { "x":13, "y":2 } ],
					[ { "x":3, "y":0 }, { "x":0, "y":8 }, { "x":0, "y":11 }, { "x":2, "y":12 }, { "x":9, "y":3 }, { "x":8, "y":1 } ],
					[ { "x":23, "y":19 }, { "x":22, "y":12 }, { "x":19, "y":22 } ],
					[ { "x":20, "y":33 }, { "x":20, "y":24 }, { "x":19, "y":22 }, { "x":2, "y":12 }, { "x":1, "y":33 }, { "x":6, "y":36 }, { "x":15, "y":36 } ],
					[ { "x":14, "y":0 }, { "x":13, "y":2 }, { "x":22, "y":12 }, { "x":20, "y":3 }, { "x":19, "y":1 } ]
				]
			}
		]
	},
	"stand_left_000": {
		"type": "fromPhysicsEditor",
		"label": "stand_left_000",
		"isStatic": false,
		"density": 0.10000000149011612,
		"restitution": 0,
		"friction": 0.10000000149011612,
		"frictionAir": 0.009999999776482582,
		"frictionStatic": 0.5,
		"collisionFilter": {
			"group": 0,
			"category": 1,
			"mask": 255
		},
		"fixtures": [
			{
				"label": "",
				"isSensor": false,
				"vertices": [
					[ { "x":23, "y":1 }, { "x":20, "y":3 }, { "x":22, "y":12 }, { "x":25, "y":10 }, { "x":25, "y":3 } ],
					[ { "x":11, "y":1 }, { "x":9, "y":3 }, { "x":2, "y":12 }, { "x":19, "y":22 }, { "x":22, "y":12 }, { "x":13, "y":2 } ],
					[ { "x":3, "y":0 }, { "x":0, "y":8 }, { "x":0, "y":11 }, { "x":2, "y":12 }, { "x":9, "y":3 }, { "x":8, "y":1 } ],
					[ { "x":23, "y":19 }, { "x":22, "y":12 }, { "x":19, "y":22 } ],
					[ { "x":20, "y":33 }, { "x":20, "y":24 }, { "x":19, "y":22 }, { "x":2, "y":12 }, { "x":1, "y":33 }, { "x":6, "y":36 }, { "x":15, "y":36 } ],
					[ { "x":14, "y":0 }, { "x":13, "y":2 }, { "x":22, "y":12 }, { "x":20, "y":3 }, { "x":19, "y":1 } ]
				]
			}
		]
	},
	"stand_right_000": {
		"type": "fromPhysicsEditor",
		"label": "stand_right_000",
		"isStatic": false,
		"density": 0.10000000149011612,
		"restitution": 0,
		"friction": 0.10000000149011612,
		"frictionAir": 0.009999999776482582,
		"frictionStatic": 0.5,
		"collisionFilter": {
			"group": 0,
			"category": 1,
			"mask": 255
		},
		"fixtures": [
			{
				"label": "",
				"isSensor": false,
				"vertices": [
					[ { "x":23, "y":1 }, { "x":20, "y":3 }, { "x":22, "y":12 }, { "x":25, "y":10 }, { "x":25, "y":3 } ],
					[ { "x":11, "y":1 }, { "x":9, "y":3 }, { "x":2, "y":12 }, { "x":19, "y":22 }, { "x":22, "y":12 }, { "x":13, "y":2 } ],
					[ { "x":3, "y":0 }, { "x":0, "y":8 }, { "x":0, "y":11 }, { "x":2, "y":12 }, { "x":9, "y":3 }, { "x":8, "y":1 } ],
					[ { "x":23, "y":19 }, { "x":22, "y":12 }, { "x":19, "y":22 } ],
					[ { "x":20, "y":33 }, { "x":20, "y":24 }, { "x":19, "y":22 }, { "x":2, "y":12 }, { "x":1, "y":33 }, { "x":6, "y":36 }, { "x":15, "y":36 } ],
					[ { "x":14, "y":0 }, { "x":13, "y":2 }, { "x":22, "y":12 }, { "x":20, "y":3 }, { "x":19, "y":1 } ]
				]
			}
		]
	},
	"stand_up_000": {
		"type": "fromPhysicsEditor",
		"label": "stand_up_000",
		"isStatic": false,
		"density": 0.10000000149011612,
		"restitution": 0,
		"friction": 0.10000000149011612,
		"frictionAir": 0.009999999776482582,
		"frictionStatic": 0.5,
		"collisionFilter": {
			"group": 0,
			"category": 1,
			"mask": 255
		},
		"fixtures": [
			{
				"label": "",
				"isSensor": false,
				"vertices": [
					[ { "x":23, "y":1 }, { "x":20, "y":3 }, { "x":22, "y":12 }, { "x":25, "y":10 }, { "x":25, "y":3 } ],
					[ { "x":11, "y":1 }, { "x":9, "y":3 }, { "x":2, "y":12 }, { "x":19, "y":22 }, { "x":22, "y":12 }, { "x":13, "y":2 } ],
					[ { "x":3, "y":0 }, { "x":0, "y":8 }, { "x":0, "y":11 }, { "x":2, "y":12 }, { "x":9, "y":3 }, { "x":8, "y":1 } ],
					[ { "x":23, "y":19 }, { "x":22, "y":12 }, { "x":19, "y":22 } ],
					[ { "x":20, "y":33 }, { "x":20, "y":24 }, { "x":19, "y":22 }, { "x":2, "y":12 }, { "x":1, "y":33 }, { "x":6, "y":36 }, { "x":15, "y":36 } ],
					[ { "x":14, "y":0 }, { "x":13, "y":2 }, { "x":22, "y":12 }, { "x":20, "y":3 }, { "x":19, "y":1 } ]
				]
			}
		]
	}
}
