{
	"textures": [
		{
			"image": "/assets/sprites/furniture/plant_flowers_1.png",
			"format": "RGBA8888",
			"size": {
				"w": 27,
				"h": 38
			},
			"scale": 1,
			"frames": [
				{
					"filename": "stand_down_000",
					"rotated": false,
					"trimmed": false,
					"sourceSize": {
						"w": 25,
						"h": 36
					},
					"spriteSourceSize": {
						"x": 0,
						"y": 0,
						"w": 25,
						"h": 36
					},
					"frame": {
						"x": 1,
						"y": 1,
						"w": 25,
						"h": 36
					}
				},
				{
					"filename": "stand_left_000",
					"rotated": false,
					"trimmed": false,
					"sourceSize": {
						"w": 25,
						"h": 36
					},
					"spriteSourceSize": {
						"x": 0,
						"y": 0,
						"w": 25,
						"h": 36
					},
					"frame": {
						"x": 1,
						"y": 1,
						"w": 25,
						"h": 36
					}
				},
				{
					"filename": "stand_right_000",
					"rotated": false,
					"trimmed": false,
					"sourceSize": {
						"w": 25,
						"h": 36
					},
					"spriteSourceSize": {
						"x": 0,
						"y": 0,
						"w": 25,
						"h": 36
					},
					"frame": {
						"x": 1,
						"y": 1,
						"w": 25,
						"h": 36
					}
				},
				{
					"filename": "stand_up_000",
					"rotated": false,
					"trimmed": false,
					"sourceSize": {
						"w": 25,
						"h": 36
					},
					"spriteSourceSize": {
						"x": 0,
						"y": 0,
						"w": 25,
						"h": 36
					},
					"frame": {
						"x": 1,
						"y": 1,
						"w": 25,
						"h": 36
					}
				}
			]
		}
	],
	"meta": {
		"app": "https://www.codeandweb.com/texturepacker",
		"version": "3.0",
		"smartupdate": "$TexturePacker:SmartUpdate:795ba54e0cb791b4b5260a4f0a59a032:d0f1adcd0184fc76944e3a7e0e5bbc87:31c5102d9298e6be1d420ca08d2fb1ac$"
	}
}
