{
	"textures": [
		{
			"image": "/assets/sprites/furniture/table_7.png",
			"format": "RGBA8888",
			"size": {
				"w": 41,
				"h": 39
			},
			"scale": 1,
			"frames": [
				{
					"filename": "stand_down_000",
					"rotated": false,
					"trimmed": false,
					"sourceSize": {
						"w": 39,
						"h": 37
					},
					"spriteSourceSize": {
						"x": 0,
						"y": 0,
						"w": 39,
						"h": 37
					},
					"frame": {
						"x": 1,
						"y": 1,
						"w": 39,
						"h": 37
					}
				},
				{
					"filename": "stand_left_000",
					"rotated": false,
					"trimmed": false,
					"sourceSize": {
						"w": 39,
						"h": 37
					},
					"spriteSourceSize": {
						"x": 0,
						"y": 0,
						"w": 39,
						"h": 37
					},
					"frame": {
						"x": 1,
						"y": 1,
						"w": 39,
						"h": 37
					}
				},
				{
					"filename": "stand_right_000",
					"rotated": false,
					"trimmed": false,
					"sourceSize": {
						"w": 39,
						"h": 37
					},
					"spriteSourceSize": {
						"x": 0,
						"y": 0,
						"w": 39,
						"h": 37
					},
					"frame": {
						"x": 1,
						"y": 1,
						"w": 39,
						"h": 37
					}
				},
				{
					"filename": "stand_up_000",
					"rotated": false,
					"trimmed": false,
					"sourceSize": {
						"w": 39,
						"h": 37
					},
					"spriteSourceSize": {
						"x": 0,
						"y": 0,
						"w": 39,
						"h": 37
					},
					"frame": {
						"x": 1,
						"y": 1,
						"w": 39,
						"h": 37
					}
				}
			]
		}
	],
	"meta": {
		"app": "https://www.codeandweb.com/texturepacker",
		"version": "3.0",
		"smartupdate": "$TexturePacker:SmartUpdate:c76aac71b5cd7082e20d2834e44a5b28:8c072b2b3a343c1876e2e8213609f59d:ab068d5ba4188283ac0e0f5257ec9d0a$"
	}
}
