{
	"textures": [
		{
			"image": "/assets/sprites/furniture/chairdarkblue1_down.png",
			"format": "RGBA8888",
			"size": {
				"w": 98,
				"h": 98
			},
			"scale": 1,
			"frames": [
				{
					"filename": "stand_down_000",
					"rotated": false,
					"trimmed": false,
					"sourceSize": {
						"w": 96,
						"h": 96
					},
					"spriteSourceSize": {
						"x": 0,
						"y": 0,
						"w": 96,
						"h": 96
					},
					"frame": {
						"x": 1,
						"y": 1,
						"w": 96,
						"h": 96
					}
				},
				{
					"filename": "stand_left_000",
					"rotated": false,
					"trimmed": false,
					"sourceSize": {
						"w": 96,
						"h": 96
					},
					"spriteSourceSize": {
						"x": 0,
						"y": 0,
						"w": 96,
						"h": 96
					},
					"frame": {
						"x": 1,
						"y": 1,
						"w": 96,
						"h": 96
					}
				},
				{
					"filename": "stand_right_000",
					"rotated": false,
					"trimmed": false,
					"sourceSize": {
						"w": 96,
						"h": 96
					},
					"spriteSourceSize": {
						"x": 0,
						"y": 0,
						"w": 96,
						"h": 96
					},
					"frame": {
						"x": 1,
						"y": 1,
						"w": 96,
						"h": 96
					}
				},
				{
					"filename": "stand_up_000",
					"rotated": false,
					"trimmed": false,
					"sourceSize": {
						"w": 96,
						"h": 96
					},
					"spriteSourceSize": {
						"x": 0,
						"y": 0,
						"w": 96,
						"h": 96
					},
					"frame": {
						"x": 1,
						"y": 1,
						"w": 96,
						"h": 96
					}
				}
			]
		}
	],
	"meta": {
		"app": "https://www.codeandweb.com/texturepacker",
		"version": "3.0",
		"smartupdate": "$TexturePacker:SmartUpdate:2c873800145bd5333752749408dc22e4:579ce27d1da156175d8fcae57c3266f8:df2735c195b4275bcb3300b3e829dace$"
	}
}
