{
	"textures": [
		{
			"image": "/assets/sprites/furniture/gardenplant_orange_1.png",
			"format": "RGBA8888",
			"size": {
				"w": 66,
				"h": 98
			},
			"scale": 1,
			"frames": [
				{
					"filename": "stand_down_000",
					"rotated": false,
					"trimmed": false,
					"sourceSize": {
						"w": 64,
						"h": 96
					},
					"spriteSourceSize": {
						"x": 0,
						"y": 0,
						"w": 64,
						"h": 96
					},
					"frame": {
						"x": 1,
						"y": 1,
						"w": 64,
						"h": 96
					}
				},
				{
					"filename": "stand_left_000",
					"rotated": false,
					"trimmed": false,
					"sourceSize": {
						"w": 64,
						"h": 96
					},
					"spriteSourceSize": {
						"x": 0,
						"y": 0,
						"w": 64,
						"h": 96
					},
					"frame": {
						"x": 1,
						"y": 1,
						"w": 64,
						"h": 96
					}
				},
				{
					"filename": "stand_right_000",
					"rotated": false,
					"trimmed": false,
					"sourceSize": {
						"w": 64,
						"h": 96
					},
					"spriteSourceSize": {
						"x": 0,
						"y": 0,
						"w": 64,
						"h": 96
					},
					"frame": {
						"x": 1,
						"y": 1,
						"w": 64,
						"h": 96
					}
				},
				{
					"filename": "stand_up_000",
					"rotated": false,
					"trimmed": false,
					"sourceSize": {
						"w": 64,
						"h": 96
					},
					"spriteSourceSize": {
						"x": 0,
						"y": 0,
						"w": 64,
						"h": 96
					},
					"frame": {
						"x": 1,
						"y": 1,
						"w": 64,
						"h": 96
					}
				}
			]
		}
	],
	"meta": {
		"app": "https://www.codeandweb.com/texturepacker",
		"version": "3.0",
		"smartupdate": "$TexturePacker:SmartUpdate:9296dccb25d2ee179fb92b04308024c4:df4a805c46f29d3afef9efa2a757aa2f:36387551171a4b79d232c696a570ca9c$"
	}
}
