{
	"textures": [
		{
			"image": "/assets/sprites/furniture/gardenplant_red_4.png",
			"format": "RGBA8888",
			"size": {
				"w": 34,
				"h": 98
			},
			"scale": 1,
			"frames": [
				{
					"filename": "stand_down_000",
					"rotated": false,
					"trimmed": false,
					"sourceSize": {
						"w": 32,
						"h": 96
					},
					"spriteSourceSize": {
						"x": 0,
						"y": 0,
						"w": 32,
						"h": 96
					},
					"frame": {
						"x": 1,
						"y": 1,
						"w": 32,
						"h": 96
					}
				},
				{
					"filename": "stand_left_000",
					"rotated": false,
					"trimmed": false,
					"sourceSize": {
						"w": 32,
						"h": 96
					},
					"spriteSourceSize": {
						"x": 0,
						"y": 0,
						"w": 32,
						"h": 96
					},
					"frame": {
						"x": 1,
						"y": 1,
						"w": 32,
						"h": 96
					}
				},
				{
					"filename": "stand_right_000",
					"rotated": false,
					"trimmed": false,
					"sourceSize": {
						"w": 32,
						"h": 96
					},
					"spriteSourceSize": {
						"x": 0,
						"y": 0,
						"w": 32,
						"h": 96
					},
					"frame": {
						"x": 1,
						"y": 1,
						"w": 32,
						"h": 96
					}
				},
				{
					"filename": "stand_up_000",
					"rotated": false,
					"trimmed": false,
					"sourceSize": {
						"w": 32,
						"h": 96
					},
					"spriteSourceSize": {
						"x": 0,
						"y": 0,
						"w": 32,
						"h": 96
					},
					"frame": {
						"x": 1,
						"y": 1,
						"w": 32,
						"h": 96
					}
				}
			]
		}
	],
	"meta": {
		"app": "https://www.codeandweb.com/texturepacker",
		"version": "3.0",
		"smartupdate": "$TexturePacker:SmartUpdate:dc107056e9b5c8d68195d92b4d1f92a3:ed293ec9620fb6688f87dc5e540e00d1:00ebf5d9b4b5b2de9f36cb36780348cf$"
	}
}
