{
	"textures": [
		{
			"image": "/assets/sprites/furniture/deskdown.png",
			"format": "RGBA8888",
			"size": {
				"w": 130,
				"h": 92
			},
			"scale": 1,
			"frames": [
				{
					"filename": "stand_down_000",
					"rotated": false,
					"trimmed": true,
					"sourceSize": {
						"w": 128,
						"h": 96
					},
					"spriteSourceSize": {
						"x": 0,
						"y": 6,
						"w": 128,
						"h": 90
					},
					"frame": {
						"x": 1,
						"y": 1,
						"w": 128,
						"h": 90
					}
				},
				{
					"filename": "stand_left_000",
					"rotated": false,
					"trimmed": true,
					"sourceSize": {
						"w": 128,
						"h": 96
					},
					"spriteSourceSize": {
						"x": 0,
						"y": 6,
						"w": 128,
						"h": 90
					},
					"frame": {
						"x": 1,
						"y": 1,
						"w": 128,
						"h": 90
					}
				},
				{
					"filename": "stand_right_000",
					"rotated": false,
					"trimmed": true,
					"sourceSize": {
						"w": 128,
						"h": 96
					},
					"spriteSourceSize": {
						"x": 0,
						"y": 6,
						"w": 128,
						"h": 90
					},
					"frame": {
						"x": 1,
						"y": 1,
						"w": 128,
						"h": 90
					}
				},
				{
					"filename": "stand_up_000",
					"rotated": false,
					"trimmed": true,
					"sourceSize": {
						"w": 128,
						"h": 96
					},
					"spriteSourceSize": {
						"x": 0,
						"y": 6,
						"w": 128,
						"h": 90
					},
					"frame": {
						"x": 1,
						"y": 1,
						"w": 128,
						"h": 90
					}
				}
			]
		}
	],
	"meta": {
		"app": "https://www.codeandweb.com/texturepacker",
		"version": "3.0",
		"smartupdate": "$TexturePacker:SmartUpdate:198bc7d8c7bfa89d9b581096d6c4c08c:9eb7c0a9ffee024e471ed1ca392231a7:7f94ee1c278266e7aecae4e971127fa1$"
	}
}
