{
	"generator_info": "Shape definitions generated with PhysicsEditor. Visit https://www.codeandweb.com/physicseditor",
	"stand_down_000": {
		"type": "fromPhysicsEditor",
		"label": "stand_down_000",
		"isStatic": false,
		"density": 0.10000000149011612,
		"restitution": 0,
		"friction": 0.10000000149011612,
		"frictionAir": 0.009999999776482582,
		"frictionStatic": 0.5,
		"collisionFilter": {
			"group": 0,
			"category": 1,
			"mask": 255
		},
		"fixtures": [
			{
				"label": "",
				"isSensor": false,
				"vertices": [
					[ { "x":15, "y":1 }, { "x":12, "y":3 }, { "x":16, "y":7 }, { "x":17, "y":3 } ],
					[ { "x":19, "y":23 }, { "x":19, "y":14 }, { "x":18, "y":9 }, { "x":16, "y":7 }, { "x":4, "y":7 }, { "x":1, "y":9 }, { "x":5, "y":26 }, { "x":14, "y":26 } ],
					[ { "x":8, "y":0 }, { "x":5, "y":1 }, { "x":4, "y":7 }, { "x":16, "y":7 }, { "x":12, "y":3 } ],
					[ { "x":0, "y":23 }, { "x":5, "y":26 }, { "x":1, "y":9 } ]
				]
			}
		]
	},
	"stand_left_000": {
		"type": "fromPhysicsEditor",
		"label": "stand_left_000",
		"isStatic": false,
		"density": 0.10000000149011612,
		"restitution": 0,
		"friction": 0.10000000149011612,
		"frictionAir": 0.009999999776482582,
		"frictionStatic": 0.5,
		"collisionFilter": {
			"group": 0,
			"category": 1,
			"mask": 255
		},
		"fixtures": [
			{
				"label": "",
				"isSensor": false,
				"vertices": [
					[ { "x":15, "y":1 }, { "x":12, "y":3 }, { "x":16, "y":7 }, { "x":17, "y":3 } ],
					[ { "x":19, "y":23 }, { "x":19, "y":14 }, { "x":18, "y":9 }, { "x":16, "y":7 }, { "x":4, "y":7 }, { "x":1, "y":9 }, { "x":5, "y":26 }, { "x":14, "y":26 } ],
					[ { "x":8, "y":0 }, { "x":5, "y":1 }, { "x":4, "y":7 }, { "x":16, "y":7 }, { "x":12, "y":3 } ],
					[ { "x":0, "y":23 }, { "x":5, "y":26 }, { "x":1, "y":9 } ]
				]
			}
		]
	},
	"stand_right_000": {
		"type": "fromPhysicsEditor",
		"label": "stand_right_000",
		"isStatic": false,
		"density": 0.10000000149011612,
		"restitution": 0,
		"friction": 0.10000000149011612,
		"frictionAir": 0.009999999776482582,
		"frictionStatic": 0.5,
		"collisionFilter": {
			"group": 0,
			"category": 1,
			"mask": 255
		},
		"fixtures": [
			{
				"label": "",
				"isSensor": false,
				"vertices": [
					[ { "x":15, "y":1 }, { "x":12, "y":3 }, { "x":16, "y":7 }, { "x":17, "y":3 } ],
					[ { "x":19, "y":23 }, { "x":19, "y":14 }, { "x":18, "y":9 }, { "x":16, "y":7 }, { "x":4, "y":7 }, { "x":1, "y":9 }, { "x":5, "y":26 }, { "x":14, "y":26 } ],
					[ { "x":8, "y":0 }, { "x":5, "y":1 }, { "x":4, "y":7 }, { "x":16, "y":7 }, { "x":12, "y":3 } ],
					[ { "x":0, "y":23 }, { "x":5, "y":26 }, { "x":1, "y":9 } ]
				]
			}
		]
	},
	"stand_up_000": {
		"type": "fromPhysicsEditor",
		"label": "stand_up_000",
		"isStatic": false,
		"density": 0.1,
		"restitution": 0,
		"friction": 0.1,
		"frictionAir": 0.01,
		"frictionStatic": 0.5,
		"collisionFilter": {
			"group": 0,
			"category": 1,
			"mask": 255
		},
		"fixtures": [
			{
				"label": "",
				"isSensor": false,
				"vertices": [
					[ { "x":15, "y":1 }, { "x":12, "y":3 }, { "x":16, "y":7 }, { "x":17, "y":3 } ],
					[ { "x":19, "y":23 }, { "x":19, "y":14 }, { "x":18, "y":9 }, { "x":16, "y":7 }, { "x":4, "y":7 }, { "x":1, "y":9 }, { "x":5, "y":26 }, { "x":14, "y":26 } ],
					[ { "x":8, "y":0 }, { "x":5, "y":1 }, { "x":4, "y":7 }, { "x":16, "y":7 }, { "x":12, "y":3 } ],
					[ { "x":0, "y":23 }, { "x":5, "y":26 }, { "x":1, "y":9 } ]
				]
			}
		]
	}
}
