{
	"textures": [
		{
			"image": "/assets/sprites/furniture/plant_flowers_3.png",
			"format": "RGBA8888",
			"size": {
				"w": 21,
				"h": 28
			},
			"scale": 1,
			"frames": [
				{
					"filename": "stand_down_000",
					"rotated": false,
					"trimmed": false,
					"sourceSize": {
						"w": 19,
						"h": 26
					},
					"spriteSourceSize": {
						"x": 0,
						"y": 0,
						"w": 19,
						"h": 26
					},
					"frame": {
						"x": 1,
						"y": 1,
						"w": 19,
						"h": 26
					}
				},
				{
					"filename": "stand_left_000",
					"rotated": false,
					"trimmed": false,
					"sourceSize": {
						"w": 19,
						"h": 26
					},
					"spriteSourceSize": {
						"x": 0,
						"y": 0,
						"w": 19,
						"h": 26
					},
					"frame": {
						"x": 1,
						"y": 1,
						"w": 19,
						"h": 26
					}
				},
				{
					"filename": "stand_right_000",
					"rotated": false,
					"trimmed": false,
					"sourceSize": {
						"w": 19,
						"h": 26
					},
					"spriteSourceSize": {
						"x": 0,
						"y": 0,
						"w": 19,
						"h": 26
					},
					"frame": {
						"x": 1,
						"y": 1,
						"w": 19,
						"h": 26
					}
				},
				{
					"filename": "stand_up_000",
					"rotated": false,
					"trimmed": false,
					"sourceSize": {
						"w": 19,
						"h": 26
					},
					"spriteSourceSize": {
						"x": 0,
						"y": 0,
						"w": 19,
						"h": 26
					},
					"frame": {
						"x": 1,
						"y": 1,
						"w": 19,
						"h": 26
					}
				}
			]
		}
	],
	"meta": {
		"app": "https://www.codeandweb.com/texturepacker",
		"version": "3.0",
		"smartupdate": "$TexturePacker:SmartUpdate:7bc56b3c4088835851b5e9f1e196e1e1:096a141a10d64b0df69643eed073bb39:7db34d26b5e82b6463250c8777e433d3$"
	}
}
