{
	"textures": [
		{
			"image": "/assets/sprites/furniture/table_5.png",
			"format": "RGBA8888",
			"size": {
				"w": 61,
				"h": 62
			},
			"scale": 1,
			"frames": [
				{
					"filename": "stand_down_000",
					"rotated": false,
					"trimmed": false,
					"sourceSize": {
						"w": 59,
						"h": 60
					},
					"spriteSourceSize": {
						"x": 0,
						"y": 0,
						"w": 59,
						"h": 60
					},
					"frame": {
						"x": 1,
						"y": 1,
						"w": 59,
						"h": 60
					}
				},
				{
					"filename": "stand_left_000",
					"rotated": false,
					"trimmed": false,
					"sourceSize": {
						"w": 59,
						"h": 60
					},
					"spriteSourceSize": {
						"x": 0,
						"y": 0,
						"w": 59,
						"h": 60
					},
					"frame": {
						"x": 1,
						"y": 1,
						"w": 59,
						"h": 60
					}
				},
				{
					"filename": "stand_right_000",
					"rotated": false,
					"trimmed": false,
					"sourceSize": {
						"w": 59,
						"h": 60
					},
					"spriteSourceSize": {
						"x": 0,
						"y": 0,
						"w": 59,
						"h": 60
					},
					"frame": {
						"x": 1,
						"y": 1,
						"w": 59,
						"h": 60
					}
				},
				{
					"filename": "stand_up_000",
					"rotated": false,
					"trimmed": false,
					"sourceSize": {
						"w": 59,
						"h": 60
					},
					"spriteSourceSize": {
						"x": 0,
						"y": 0,
						"w": 59,
						"h": 60
					},
					"frame": {
						"x": 1,
						"y": 1,
						"w": 59,
						"h": 60
					}
				}
			]
		}
	],
	"meta": {
		"app": "https://www.codeandweb.com/texturepacker",
		"version": "3.0",
		"smartupdate": "$TexturePacker:SmartUpdate:23e75ab78b6f6fd7c8190429d5c1be50:b19ce71483abc5fdc23518317796a206:ae8fea5ddace9139d1fe2c3bf033ff96$"
	}
}
