{
	"textures": [
		{
			"image": "/assets/sprites/furniture/window_3.png",
			"format": "RGBA8888",
			"size": {
				"w": 68,
				"h": 52
			},
			"scale": 1,
			"frames": [
				{
					"filename": "stand_down_000",
					"rotated": false,
					"trimmed": false,
					"sourceSize": {
						"w": 66,
						"h": 50
					},
					"spriteSourceSize": {
						"x": 0,
						"y": 0,
						"w": 66,
						"h": 50
					},
					"frame": {
						"x": 1,
						"y": 1,
						"w": 66,
						"h": 50
					}
				},
				{
					"filename": "stand_left_000",
					"rotated": false,
					"trimmed": false,
					"sourceSize": {
						"w": 66,
						"h": 50
					},
					"spriteSourceSize": {
						"x": 0,
						"y": 0,
						"w": 66,
						"h": 50
					},
					"frame": {
						"x": 1,
						"y": 1,
						"w": 66,
						"h": 50
					}
				},
				{
					"filename": "stand_right_000",
					"rotated": false,
					"trimmed": false,
					"sourceSize": {
						"w": 66,
						"h": 50
					},
					"spriteSourceSize": {
						"x": 0,
						"y": 0,
						"w": 66,
						"h": 50
					},
					"frame": {
						"x": 1,
						"y": 1,
						"w": 66,
						"h": 50
					}
				},
				{
					"filename": "stand_up_000",
					"rotated": false,
					"trimmed": false,
					"sourceSize": {
						"w": 66,
						"h": 50
					},
					"spriteSourceSize": {
						"x": 0,
						"y": 0,
						"w": 66,
						"h": 50
					},
					"frame": {
						"x": 1,
						"y": 1,
						"w": 66,
						"h": 50
					}
				}
			]
		}
	],
	"meta": {
		"app": "https://www.codeandweb.com/texturepacker",
		"version": "3.0",
		"smartupdate": "$TexturePacker:SmartUpdate:8f4966dfa0624f0b30d0b1301c246453:c3438841781989c9b2ff6af990f94bb7:1ed840c917d9120df0c264590a022688$"
	}
}
