{
	"textures": [
		{
			"image": "/assets/sprites/furniture/swingset_green_down.png",
			"format": "RGBA8888",
			"size": {
				"w": 194,
				"h": 162
			},
			"scale": 1,
			"frames": [
				{
					"filename": "stand_down_000",
					"rotated": false,
					"trimmed": false,
					"sourceSize": {
						"w": 192,
						"h": 160
					},
					"spriteSourceSize": {
						"x": 0,
						"y": 0,
						"w": 192,
						"h": 160
					},
					"frame": {
						"x": 1,
						"y": 1,
						"w": 192,
						"h": 160
					}
				},
				{
					"filename": "stand_left_000",
					"rotated": false,
					"trimmed": false,
					"sourceSize": {
						"w": 192,
						"h": 160
					},
					"spriteSourceSize": {
						"x": 0,
						"y": 0,
						"w": 192,
						"h": 160
					},
					"frame": {
						"x": 1,
						"y": 1,
						"w": 192,
						"h": 160
					}
				},
				{
					"filename": "stand_right_000",
					"rotated": false,
					"trimmed": false,
					"sourceSize": {
						"w": 192,
						"h": 160
					},
					"spriteSourceSize": {
						"x": 0,
						"y": 0,
						"w": 192,
						"h": 160
					},
					"frame": {
						"x": 1,
						"y": 1,
						"w": 192,
						"h": 160
					}
				},
				{
					"filename": "stand_up_000",
					"rotated": false,
					"trimmed": false,
					"sourceSize": {
						"w": 192,
						"h": 160
					},
					"spriteSourceSize": {
						"x": 0,
						"y": 0,
						"w": 192,
						"h": 160
					},
					"frame": {
						"x": 1,
						"y": 1,
						"w": 192,
						"h": 160
					}
				}
			]
		}
	],
	"meta": {
		"app": "https://www.codeandweb.com/texturepacker",
		"version": "3.0",
		"smartupdate": "$TexturePacker:SmartUpdate:c4b734fc0d1cd8ddc50dbacc9264e65d:00b7af55189af30de005282c8875eeaa:296dfd44acb176e5b2872f32b7e23852$"
	}
}
