{
	"textures": [
		{
			"image": "/assets/sprites/furniture/cabinet_3.png",
			"format": "RGBA8888",
			"size": {
				"w": 102,
				"h": 490
			},
			"scale": 1,
			"frames": [
				{
					"filename": "stand_down_000",
					"rotated": false,
					"trimmed": false,
					"sourceSize": {
						"w": 96,
						"h": 144
					},
					"spriteSourceSize": {
						"x": 0,
						"y": 0,
						"w": 96,
						"h": 144
					},
					"frame": {
						"x": 1,
						"y": 1,
						"w": 96,
						"h": 144
					}
				},
				{
					"filename": "stand_up_000",
					"rotated": false,
					"trimmed": false,
					"sourceSize": {
						"w": 96,
						"h": 144
					},
					"spriteSourceSize": {
						"x": 0,
						"y": 0,
						"w": 96,
						"h": 144
					},
					"frame": {
						"x": 1,
						"y": 149,
						"w": 96,
						"h": 144
					}
				},
				{
					"filename": "stand_left_000",
					"rotated": false,
					"trimmed": false,
					"sourceSize": {
						"w": 48,
						"h": 192
					},
					"spriteSourceSize": {
						"x": 0,
						"y": 0,
						"w": 48,
						"h": 192
					},
					"frame": {
						"x": 1,
						"y": 297,
						"w": 48,
						"h": 192
					}
				},
				{
					"filename": "stand_right_000",
					"rotated": false,
					"trimmed": false,
					"sourceSize": {
						"w": 48,
						"h": 192
					},
					"spriteSourceSize": {
						"x": 0,
						"y": 0,
						"w": 48,
						"h": 192
					},
					"frame": {
						"x": 53,
						"y": 297,
						"w": 48,
						"h": 192
					}
				}
			]
		}
	],
	"meta": {
		"app": "https://www.codeandweb.com/texturepacker",
		"version": "3.0",
		"smartupdate": "$TexturePacker:SmartUpdate:1190570f250a8129dec9d684c1144063:bfcfeaa3ceb0b68e2a5191241c59ef3a:2292f1b6c3f74db40b948172b965af23$"
	}
}
