{
	"textures": [
		{
			"image": "/assets/sprites/furniture/sunshade_green.png",
			"format": "RGBA8888",
			"size": {
				"w": 162,
				"h": 194
			},
			"scale": 1,
			"frames": [
				{
					"filename": "stand_down_000",
					"rotated": false,
					"trimmed": false,
					"sourceSize": {
						"w": 160,
						"h": 192
					},
					"spriteSourceSize": {
						"x": 0,
						"y": 0,
						"w": 160,
						"h": 192
					},
					"frame": {
						"x": 1,
						"y": 1,
						"w": 160,
						"h": 192
					}
				},
				{
					"filename": "stand_left_000",
					"rotated": false,
					"trimmed": false,
					"sourceSize": {
						"w": 160,
						"h": 192
					},
					"spriteSourceSize": {
						"x": 0,
						"y": 0,
						"w": 160,
						"h": 192
					},
					"frame": {
						"x": 1,
						"y": 1,
						"w": 160,
						"h": 192
					}
				},
				{
					"filename": "stand_right_000",
					"rotated": false,
					"trimmed": false,
					"sourceSize": {
						"w": 160,
						"h": 192
					},
					"spriteSourceSize": {
						"x": 0,
						"y": 0,
						"w": 160,
						"h": 192
					},
					"frame": {
						"x": 1,
						"y": 1,
						"w": 160,
						"h": 192
					}
				},
				{
					"filename": "stand_up_000",
					"rotated": false,
					"trimmed": false,
					"sourceSize": {
						"w": 160,
						"h": 192
					},
					"spriteSourceSize": {
						"x": 0,
						"y": 0,
						"w": 160,
						"h": 192
					},
					"frame": {
						"x": 1,
						"y": 1,
						"w": 160,
						"h": 192
					}
				}
			]
		}
	],
	"meta": {
		"app": "https://www.codeandweb.com/texturepacker",
		"version": "3.0",
		"smartupdate": "$TexturePacker:SmartUpdate:9ef4da24c7f0e8ea85de91041b7e4cb6:de060771a650518bf9b2c997894fa562:866281857f2d0112e31ca5c249bdb764$"
	}
}
