{
	"textures": [
		{
			"image": "/assets/sprites/furniture/sofa1_blue_down.png",
			"format": "RGBA8888",
			"size": {
				"w": 130,
				"h": 98
			},
			"scale": 1,
			"frames": [
				{
					"filename": "stand_down_000",
					"rotated": false,
					"trimmed": false,
					"sourceSize": {
						"w": 128,
						"h": 96
					},
					"spriteSourceSize": {
						"x": 0,
						"y": 0,
						"w": 128,
						"h": 96
					},
					"frame": {
						"x": 1,
						"y": 1,
						"w": 128,
						"h": 96
					}
				},
				{
					"filename": "stand_left_000",
					"rotated": false,
					"trimmed": false,
					"sourceSize": {
						"w": 128,
						"h": 96
					},
					"spriteSourceSize": {
						"x": 0,
						"y": 0,
						"w": 128,
						"h": 96
					},
					"frame": {
						"x": 1,
						"y": 1,
						"w": 128,
						"h": 96
					}
				},
				{
					"filename": "stand_right_000",
					"rotated": false,
					"trimmed": false,
					"sourceSize": {
						"w": 128,
						"h": 96
					},
					"spriteSourceSize": {
						"x": 0,
						"y": 0,
						"w": 128,
						"h": 96
					},
					"frame": {
						"x": 1,
						"y": 1,
						"w": 128,
						"h": 96
					}
				},
				{
					"filename": "stand_up_000",
					"rotated": false,
					"trimmed": false,
					"sourceSize": {
						"w": 128,
						"h": 96
					},
					"spriteSourceSize": {
						"x": 0,
						"y": 0,
						"w": 128,
						"h": 96
					},
					"frame": {
						"x": 1,
						"y": 1,
						"w": 128,
						"h": 96
					}
				}
			]
		}
	],
	"meta": {
		"app": "https://www.codeandweb.com/texturepacker",
		"version": "3.0",
		"smartupdate": "$TexturePacker:SmartUpdate:1a83cb8a0a6b41d4500205ba899a2d51:51a36eafda4b6c74ef8e681ded2b31d7:17ada57ff06b92a236dc42fccb114f2c$"
	}
}
