{
	"textures": [
		{
			"image": "/assets/sprites/treesBushesPlants/tree5.png",
			"format": "RGBA8888",
			"size": {
				"w": 121,
				"h": 169
			},
			"scale": 1,
			"frames": [
				{
					"filename": "stand_down_000",
					"rotated": false,
					"trimmed": true,
					"sourceSize": {
						"w": 144,
						"h": 192
					},
					"spriteSourceSize": {
						"x": 12,
						"y": 11,
						"w": 119,
						"h": 167
					},
					"frame": {
						"x": 1,
						"y": 1,
						"w": 119,
						"h": 167
					}
				},
				{
					"filename": "stand_left_000",
					"rotated": false,
					"trimmed": true,
					"sourceSize": {
						"w": 144,
						"h": 192
					},
					"spriteSourceSize": {
						"x": 12,
						"y": 11,
						"w": 119,
						"h": 167
					},
					"frame": {
						"x": 1,
						"y": 1,
						"w": 119,
						"h": 167
					}
				},
				{
					"filename": "stand_right_000",
					"rotated": false,
					"trimmed": true,
					"sourceSize": {
						"w": 144,
						"h": 192
					},
					"spriteSourceSize": {
						"x": 12,
						"y": 11,
						"w": 119,
						"h": 167
					},
					"frame": {
						"x": 1,
						"y": 1,
						"w": 119,
						"h": 167
					}
				},
				{
					"filename": "stand_up_000",
					"rotated": false,
					"trimmed": true,
					"sourceSize": {
						"w": 144,
						"h": 192
					},
					"spriteSourceSize": {
						"x": 12,
						"y": 11,
						"w": 119,
						"h": 167
					},
					"frame": {
						"x": 1,
						"y": 1,
						"w": 119,
						"h": 167
					}
				}
			]
		}
	],
	"meta": {
		"app": "https://www.codeandweb.com/texturepacker",
		"version": "3.0",
		"smartupdate": "$TexturePacker:SmartUpdate:e31a9a42f1a1ae07e4d837eb2ab3a29e:eb78bd6f9c2c106f282da6fe7a54c2cf:209509a7bc031e20b12209f12686cea8$"
	}
}
