{
	"generator_info": "Shape definitions generated with PhysicsEditor. Visit https://www.codeandweb.com/physicseditor",
	"stand_down_000": {
		"type": "fromPhysicsEditor",
		"label": "stand_down_000",
		"isStatic": false,
		"density": 0.1,
		"restitution": 0,
		"friction": 0.1,
		"frictionAir": 0.01,
		"frictionStatic": 0.5,
		"collisionFilter": {
			"group": 0,
			"category": 1,
			"mask": 255
		},
		"fixtures": [
			{
				"label": "",
				"isSensor": false,
				"vertices": [
					[ { "x":31, "y":117 }, { "x":31, "y":119 }, { "x":37, "y":123 }, { "x":33, "y":117 } ],
					[ { "x":48, "y":128 }, { "x":52, "y":127 }, { "x":48, "y":125 } ],
					[ { "x":30, "y":125 }, { "x":35, "y":125 }, { "x":37, "y":123 }, { "x":31, "y":119 }, { "x":29, "y":120 } ],
					[ { "x":38, "y":126 }, { "x":40, "y":125 }, { "x":37, "y":123 } ],
					[ { "x":40, "y":128 }, { "x":45, "y":128 }, { "x":48, "y":125 }, { "x":40, "y":125 } ],
					[ { "x":58, "y":104 }, { "x":37, "y":103 }, { "x":36, "y":111 }, { "x":37, "y":123 }, { "x":40, "y":125 }, { "x":48, "y":125 }, { "x":67, "y":124 } ],
					[ { "x":64, "y":130 }, { "x":67, "y":124 }, { "x":52, "y":127 }, { "x":53, "y":130 } ],
					[ { "x":33, "y":117 }, { "x":37, "y":123 }, { "x":36, "y":111 } ],
					[ { "x":52, "y":127 }, { "x":67, "y":124 }, { "x":48, "y":125 } ]
				]
			}
		]
	},
	"stand_left_000": {
		"type": "fromPhysicsEditor",
		"label": "stand_left_000",
		"isStatic": false,
		"density": 0.10000000149011612,
		"restitution": 0,
		"friction": 0.10000000149011612,
		"frictionAir": 0.009999999776482582,
		"frictionStatic": 0.5,
		"collisionFilter": {
			"group": 0,
			"category": 1,
			"mask": 255
		},
		"fixtures": [
			{
				"label": "",
				"isSensor": false,
				"vertices": [
					[ { "x":31, "y":117 }, { "x":31, "y":119 }, { "x":37, "y":123 }, { "x":33, "y":117 } ],
					[ { "x":48, "y":128 }, { "x":52, "y":127 }, { "x":48, "y":125 } ],
					[ { "x":30, "y":125 }, { "x":35, "y":125 }, { "x":37, "y":123 }, { "x":31, "y":119 }, { "x":29, "y":120 } ],
					[ { "x":38, "y":126 }, { "x":40, "y":125 }, { "x":37, "y":123 } ],
					[ { "x":40, "y":128 }, { "x":45, "y":128 }, { "x":48, "y":125 }, { "x":40, "y":125 } ],
					[ { "x":58, "y":104 }, { "x":37, "y":103 }, { "x":36, "y":111 }, { "x":37, "y":123 }, { "x":40, "y":125 }, { "x":48, "y":125 }, { "x":67, "y":124 } ],
					[ { "x":64, "y":130 }, { "x":67, "y":124 }, { "x":52, "y":127 }, { "x":53, "y":130 } ],
					[ { "x":33, "y":117 }, { "x":37, "y":123 }, { "x":36, "y":111 } ],
					[ { "x":52, "y":127 }, { "x":67, "y":124 }, { "x":48, "y":125 } ]
				]
			}
		]
	},
	"stand_right_000": {
		"type": "fromPhysicsEditor",
		"label": "stand_right_000",
		"isStatic": false,
		"density": 0.10000000149011612,
		"restitution": 0,
		"friction": 0.10000000149011612,
		"frictionAir": 0.009999999776482582,
		"frictionStatic": 0.5,
		"collisionFilter": {
			"group": 0,
			"category": 1,
			"mask": 255
		},
		"fixtures": [
			{
				"label": "",
				"isSensor": false,
				"vertices": [
					[ { "x":31, "y":117 }, { "x":31, "y":119 }, { "x":37, "y":123 }, { "x":33, "y":117 } ],
					[ { "x":48, "y":128 }, { "x":52, "y":127 }, { "x":48, "y":125 } ],
					[ { "x":30, "y":125 }, { "x":35, "y":125 }, { "x":37, "y":123 }, { "x":31, "y":119 }, { "x":29, "y":120 } ],
					[ { "x":38, "y":126 }, { "x":40, "y":125 }, { "x":37, "y":123 } ],
					[ { "x":40, "y":128 }, { "x":45, "y":128 }, { "x":48, "y":125 }, { "x":40, "y":125 } ],
					[ { "x":58, "y":104 }, { "x":37, "y":103 }, { "x":36, "y":111 }, { "x":37, "y":123 }, { "x":40, "y":125 }, { "x":48, "y":125 }, { "x":67, "y":124 } ],
					[ { "x":64, "y":130 }, { "x":67, "y":124 }, { "x":52, "y":127 }, { "x":53, "y":130 } ],
					[ { "x":33, "y":117 }, { "x":37, "y":123 }, { "x":36, "y":111 } ],
					[ { "x":52, "y":127 }, { "x":67, "y":124 }, { "x":48, "y":125 } ]
				]
			}
		]
	},
	"stand_up_000": {
		"type": "fromPhysicsEditor",
		"label": "stand_up_000",
		"isStatic": false,
		"density": 0.10000000149011612,
		"restitution": 0,
		"friction": 0.10000000149011612,
		"frictionAir": 0.009999999776482582,
		"frictionStatic": 0.5,
		"collisionFilter": {
			"group": 0,
			"category": 1,
			"mask": 255
		},
		"fixtures": [
			{
				"label": "",
				"isSensor": false,
				"vertices": [
					[ { "x":31, "y":117 }, { "x":31, "y":119 }, { "x":37, "y":123 }, { "x":33, "y":117 } ],
					[ { "x":48, "y":128 }, { "x":52, "y":127 }, { "x":48, "y":125 } ],
					[ { "x":30, "y":125 }, { "x":35, "y":125 }, { "x":37, "y":123 }, { "x":31, "y":119 }, { "x":29, "y":120 } ],
					[ { "x":38, "y":126 }, { "x":40, "y":125 }, { "x":37, "y":123 } ],
					[ { "x":40, "y":128 }, { "x":45, "y":128 }, { "x":48, "y":125 }, { "x":40, "y":125 } ],
					[ { "x":58, "y":104 }, { "x":37, "y":103 }, { "x":36, "y":111 }, { "x":37, "y":123 }, { "x":40, "y":125 }, { "x":48, "y":125 }, { "x":67, "y":124 } ],
					[ { "x":64, "y":130 }, { "x":67, "y":124 }, { "x":52, "y":127 }, { "x":53, "y":130 } ],
					[ { "x":33, "y":117 }, { "x":37, "y":123 }, { "x":36, "y":111 } ],
					[ { "x":52, "y":127 }, { "x":67, "y":124 }, { "x":48, "y":125 } ]
				]
			}
		]
	}
}
