{
	"textures": [
		{
			"image": "/assets/sprites/treesBushesPlants/tree2.png",
			"format": "RGBA8888",
			"size": {
				"w": 73,
				"h": 121
			},
			"scale": 1,
			"frames": [
				{
					"filename": "stand_down_000",
					"rotated": false,
					"trimmed": true,
					"sourceSize": {
						"w": 96,
						"h": 144
					},
					"spriteSourceSize": {
						"x": 13,
						"y": 12,
						"w": 71,
						"h": 119
					},
					"frame": {
						"x": 1,
						"y": 1,
						"w": 71,
						"h": 119
					}
				},
				{
					"filename": "stand_left_000",
					"rotated": false,
					"trimmed": true,
					"sourceSize": {
						"w": 96,
						"h": 144
					},
					"spriteSourceSize": {
						"x": 13,
						"y": 12,
						"w": 71,
						"h": 119
					},
					"frame": {
						"x": 1,
						"y": 1,
						"w": 71,
						"h": 119
					}
				},
				{
					"filename": "stand_right_000",
					"rotated": false,
					"trimmed": true,
					"sourceSize": {
						"w": 96,
						"h": 144
					},
					"spriteSourceSize": {
						"x": 13,
						"y": 12,
						"w": 71,
						"h": 119
					},
					"frame": {
						"x": 1,
						"y": 1,
						"w": 71,
						"h": 119
					}
				},
				{
					"filename": "stand_up_000",
					"rotated": false,
					"trimmed": true,
					"sourceSize": {
						"w": 96,
						"h": 144
					},
					"spriteSourceSize": {
						"x": 13,
						"y": 12,
						"w": 71,
						"h": 119
					},
					"frame": {
						"x": 1,
						"y": 1,
						"w": 71,
						"h": 119
					}
				}
			]
		}
	],
	"meta": {
		"app": "https://www.codeandweb.com/texturepacker",
		"version": "3.0",
		"smartupdate": "$TexturePacker:SmartUpdate:8c029dcf002703fc4c3def05c3a387fe:fabedff22b1a6ec2cba5d811be073b34:d8f29c0def88e7c50700e88c2d6afb2d$"
	}
}
