{
	"textures": [
		{
			"image": "/assets/sprites/furniture/cabinet_4.png",
			"format": "RGBA8888",
			"size": {
				"w": 102,
				"h": 490
			},
			"scale": 1,
			"frames": [
				{
					"filename": "stand_down_000",
					"rotated": false,
					"trimmed": false,
					"sourceSize": {
						"w": 96,
						"h": 144
					},
					"spriteSourceSize": {
						"x": 0,
						"y": 0,
						"w": 96,
						"h": 144
					},
					"frame": {
						"x": 1,
						"y": 1,
						"w": 96,
						"h": 144
					}
				},
				{
					"filename": "stand_up_000",
					"rotated": false,
					"trimmed": false,
					"sourceSize": {
						"w": 96,
						"h": 144
					},
					"spriteSourceSize": {
						"x": 0,
						"y": 0,
						"w": 96,
						"h": 144
					},
					"frame": {
						"x": 1,
						"y": 149,
						"w": 96,
						"h": 144
					}
				},
				{
					"filename": "stand_left_000",
					"rotated": false,
					"trimmed": false,
					"sourceSize": {
						"w": 48,
						"h": 192
					},
					"spriteSourceSize": {
						"x": 0,
						"y": 0,
						"w": 48,
						"h": 192
					},
					"frame": {
						"x": 1,
						"y": 297,
						"w": 48,
						"h": 192
					}
				},
				{
					"filename": "stand_right_000",
					"rotated": false,
					"trimmed": false,
					"sourceSize": {
						"w": 48,
						"h": 192
					},
					"spriteSourceSize": {
						"x": 0,
						"y": 0,
						"w": 48,
						"h": 192
					},
					"frame": {
						"x": 53,
						"y": 297,
						"w": 48,
						"h": 192
					}
				}
			]
		}
	],
	"meta": {
		"app": "https://www.codeandweb.com/texturepacker",
		"version": "3.0",
		"smartupdate": "$TexturePacker:SmartUpdate:07dcf676526cfedf18a1755d9c05e67c:ecea70cd5cb311e7a011c54dfbddee99:28e9c1a7dc1087fce1ad3dba4e0f5136$"
	}
}
