{
	"textures": [
		{
			"image": "/assets/sprites/furniture/tabouret_red_down.png",
			"format": "RGBA8888",
			"size": {
				"w": 48,
				"h": 88
			},
			"scale": 1,
			"frames": [
				{
					"filename": "stand_down_000",
					"rotated": false,
					"trimmed": true,
					"sourceSize": {
						"w": 64,
						"h": 96
					},
					"spriteSourceSize": {
						"x": 8,
						"y": 10,
						"w": 46,
						"h": 86
					},
					"frame": {
						"x": 1,
						"y": 1,
						"w": 46,
						"h": 86
					}
				},
				{
					"filename": "stand_left_000",
					"rotated": false,
					"trimmed": true,
					"sourceSize": {
						"w": 64,
						"h": 96
					},
					"spriteSourceSize": {
						"x": 8,
						"y": 10,
						"w": 46,
						"h": 86
					},
					"frame": {
						"x": 1,
						"y": 1,
						"w": 46,
						"h": 86
					}
				},
				{
					"filename": "stand_right_000",
					"rotated": false,
					"trimmed": true,
					"sourceSize": {
						"w": 64,
						"h": 96
					},
					"spriteSourceSize": {
						"x": 8,
						"y": 10,
						"w": 46,
						"h": 86
					},
					"frame": {
						"x": 1,
						"y": 1,
						"w": 46,
						"h": 86
					}
				},
				{
					"filename": "stand_up_000",
					"rotated": false,
					"trimmed": true,
					"sourceSize": {
						"w": 64,
						"h": 96
					},
					"spriteSourceSize": {
						"x": 8,
						"y": 10,
						"w": 46,
						"h": 86
					},
					"frame": {
						"x": 1,
						"y": 1,
						"w": 46,
						"h": 86
					}
				}
			]
		}
	],
	"meta": {
		"app": "https://www.codeandweb.com/texturepacker",
		"version": "3.0",
		"smartupdate": "$TexturePacker:SmartUpdate:9491ab1ba2925d06b2ba43eeaf1df9b6:cb3ab81fb0623b0a7355001b5a216f98:12004d93af5b6a878fc30edfddb076ae$"
	}
}
