{
	"textures": [
		{
			"image": "/assets/sprites/furniture/bed_2.png",
			"format": "RGBA8888",
			"size": {
				"w": 254,
				"h": 465
			},
			"scale": 1,
			"frames": [
				{
					"filename": "stand_left_000",
					"rotated": false,
					"trimmed": true,
					"sourceSize": {
						"w": 192,
						"h": 144
					},
					"spriteSourceSize": {
						"x": 15,
						"y": 0,
						"w": 162,
						"h": 144
					},
					"frame": {
						"x": 1,
						"y": 1,
						"w": 162,
						"h": 144
					}
				},
				{
					"filename": "stand_right_000",
					"rotated": false,
					"trimmed": true,
					"sourceSize": {
						"w": 192,
						"h": 144
					},
					"spriteSourceSize": {
						"x": 15,
						"y": 0,
						"w": 162,
						"h": 144
					},
					"frame": {
						"x": 1,
						"y": 149,
						"w": 162,
						"h": 144
					}
				},
				{
					"filename": "stand_down_000",
					"rotated": false,
					"trimmed": true,
					"sourceSize": {
						"w": 144,
						"h": 192
					},
					"spriteSourceSize": {
						"x": 9,
						"y": 15,
						"w": 124,
						"h": 167
					},
					"frame": {
						"x": 1,
						"y": 297,
						"w": 124,
						"h": 167
					}
				},
				{
					"filename": "stand_up_000",
					"rotated": false,
					"trimmed": true,
					"sourceSize": {
						"w": 144,
						"h": 144
					},
					"spriteSourceSize": {
						"x": 10,
						"y": 0,
						"w": 124,
						"h": 144
					},
					"frame": {
						"x": 129,
						"y": 297,
						"w": 124,
						"h": 144
					}
				}
			]
		}
	],
	"meta": {
		"app": "https://www.codeandweb.com/texturepacker",
		"version": "3.0",
		"smartupdate": "$TexturePacker:SmartUpdate:de4ef99201f48bcbaae8fcc8aae5afcc:d5fc81a58860e497e3d611dc2bbda117:27ca7ebcc88958e935ec88f91c040a0c$"
	}
}
