{
	"generator_info": "Shape definitions generated with PhysicsEditor. Visit https://www.codeandweb.com/physicseditor",
	"stand_down_000": {
		"type": "fromPhysicsEditor",
		"label": "stand_down_000",
		"isStatic": false,
		"density": 0.10000000149011612,
		"restitution": 0,
		"friction": 0.10000000149011612,
		"frictionAir": 0.009999999776482582,
		"frictionStatic": 0.5,
		"collisionFilter": {
			"group": 0,
			"category": 1,
			"mask": 255
		},
		"fixtures": [
			{
				"label": "",
				"isSensor": false,
				"vertices": [
					[ { "x":9, "y":0 }, { "x":7, "y":6 }, { "x":14, "y":2 } ],
					[ { "x":33, "y":1 }, { "x":30, "y":3 }, { "x":34, "y":7 }, { "x":35, "y":3 } ],
					[ { "x":24, "y":0 }, { "x":23, "y":3 }, { "x":30, "y":3 }, { "x":29, "y":1 } ],
					[ { "x":25, "y":38 }, { "x":29, "y":38 }, { "x":31, "y":36 }, { "x":31, "y":26 }, { "x":23, "y":35 } ],
					[ { "x":9, "y":35 }, { "x":23, "y":35 }, { "x":31, "y":26 }, { "x":21, "y":3 }, { "x":14, "y":2 }, { "x":7, "y":6 }, { "x":5, "y":27 } ],
					[ { "x":1, "y":9 }, { "x":0, "y":22 }, { "x":2, "y":26 }, { "x":5, "y":27 }, { "x":7, "y":6 } ],
					[ { "x":35, "y":24 }, { "x":36, "y":21 }, { "x":35, "y":9 }, { "x":34, "y":7 }, { "x":23, "y":3 }, { "x":21, "y":3 }, { "x":31, "y":26 } ],
					[ { "x":30, "y":3 }, { "x":23, "y":3 }, { "x":34, "y":7 } ],
					[ { "x":21, "y":1 }, { "x":14, "y":2 }, { "x":21, "y":3 } ],
					[ { "x":37, "y":9 }, { "x":35, "y":9 }, { "x":36, "y":21 } ]
				]
			}
		]
	},
	"stand_left_000": {
		"type": "fromPhysicsEditor",
		"label": "stand_left_000",
		"isStatic": false,
		"density": 0.10000000149011612,
		"restitution": 0,
		"friction": 0.10000000149011612,
		"frictionAir": 0.009999999776482582,
		"frictionStatic": 0.5,
		"collisionFilter": {
			"group": 0,
			"category": 1,
			"mask": 255
		},
		"fixtures": [
			{
				"label": "",
				"isSensor": false,
				"vertices": [
					[ { "x":9, "y":0 }, { "x":7, "y":6 }, { "x":14, "y":2 } ],
					[ { "x":33, "y":1 }, { "x":30, "y":3 }, { "x":34, "y":7 }, { "x":35, "y":3 } ],
					[ { "x":24, "y":0 }, { "x":23, "y":3 }, { "x":30, "y":3 }, { "x":29, "y":1 } ],
					[ { "x":25, "y":38 }, { "x":29, "y":38 }, { "x":31, "y":36 }, { "x":31, "y":26 }, { "x":23, "y":35 } ],
					[ { "x":9, "y":35 }, { "x":23, "y":35 }, { "x":31, "y":26 }, { "x":21, "y":3 }, { "x":14, "y":2 }, { "x":7, "y":6 }, { "x":5, "y":27 } ],
					[ { "x":1, "y":9 }, { "x":0, "y":22 }, { "x":2, "y":26 }, { "x":5, "y":27 }, { "x":7, "y":6 } ],
					[ { "x":35, "y":24 }, { "x":36, "y":21 }, { "x":35, "y":9 }, { "x":34, "y":7 }, { "x":23, "y":3 }, { "x":21, "y":3 }, { "x":31, "y":26 } ],
					[ { "x":30, "y":3 }, { "x":23, "y":3 }, { "x":34, "y":7 } ],
					[ { "x":21, "y":1 }, { "x":14, "y":2 }, { "x":21, "y":3 } ],
					[ { "x":37, "y":9 }, { "x":35, "y":9 }, { "x":36, "y":21 } ]
				]
			}
		]
	},
	"stand_right_000": {
		"type": "fromPhysicsEditor",
		"label": "stand_right_000",
		"isStatic": false,
		"density": 0.10000000149011612,
		"restitution": 0,
		"friction": 0.10000000149011612,
		"frictionAir": 0.009999999776482582,
		"frictionStatic": 0.5,
		"collisionFilter": {
			"group": 0,
			"category": 1,
			"mask": 255
		},
		"fixtures": [
			{
				"label": "",
				"isSensor": false,
				"vertices": [
					[ { "x":9, "y":0 }, { "x":7, "y":6 }, { "x":14, "y":2 } ],
					[ { "x":33, "y":1 }, { "x":30, "y":3 }, { "x":34, "y":7 }, { "x":35, "y":3 } ],
					[ { "x":24, "y":0 }, { "x":23, "y":3 }, { "x":30, "y":3 }, { "x":29, "y":1 } ],
					[ { "x":25, "y":38 }, { "x":29, "y":38 }, { "x":31, "y":36 }, { "x":31, "y":26 }, { "x":23, "y":35 } ],
					[ { "x":9, "y":35 }, { "x":23, "y":35 }, { "x":31, "y":26 }, { "x":21, "y":3 }, { "x":14, "y":2 }, { "x":7, "y":6 }, { "x":5, "y":27 } ],
					[ { "x":1, "y":9 }, { "x":0, "y":22 }, { "x":2, "y":26 }, { "x":5, "y":27 }, { "x":7, "y":6 } ],
					[ { "x":35, "y":24 }, { "x":36, "y":21 }, { "x":35, "y":9 }, { "x":34, "y":7 }, { "x":23, "y":3 }, { "x":21, "y":3 }, { "x":31, "y":26 } ],
					[ { "x":30, "y":3 }, { "x":23, "y":3 }, { "x":34, "y":7 } ],
					[ { "x":21, "y":1 }, { "x":14, "y":2 }, { "x":21, "y":3 } ],
					[ { "x":37, "y":9 }, { "x":35, "y":9 }, { "x":36, "y":21 } ]
				]
			}
		]
	},
	"stand_up_000": {
		"type": "fromPhysicsEditor",
		"label": "stand_up_000",
		"isStatic": false,
		"density": 0.1,
		"restitution": 0,
		"friction": 0.1,
		"frictionAir": 0.01,
		"frictionStatic": 0.5,
		"collisionFilter": {
			"group": 0,
			"category": 1,
			"mask": 255
		},
		"fixtures": [
			{
				"label": "",
				"isSensor": false,
				"vertices": [
					[ { "x":9, "y":0 }, { "x":7, "y":6 }, { "x":14, "y":2 } ],
					[ { "x":33, "y":1 }, { "x":30, "y":3 }, { "x":34, "y":7 }, { "x":35, "y":3 } ],
					[ { "x":24, "y":0 }, { "x":23, "y":3 }, { "x":30, "y":3 }, { "x":29, "y":1 } ],
					[ { "x":25, "y":38 }, { "x":29, "y":38 }, { "x":31, "y":36 }, { "x":31, "y":26 }, { "x":23, "y":35 } ],
					[ { "x":9, "y":35 }, { "x":23, "y":35 }, { "x":31, "y":26 }, { "x":21, "y":3 }, { "x":14, "y":2 }, { "x":7, "y":6 }, { "x":5, "y":27 } ],
					[ { "x":1, "y":9 }, { "x":0, "y":22 }, { "x":2, "y":26 }, { "x":5, "y":27 }, { "x":7, "y":6 } ],
					[ { "x":35, "y":24 }, { "x":36, "y":21 }, { "x":35, "y":9 }, { "x":34, "y":7 }, { "x":23, "y":3 }, { "x":21, "y":3 }, { "x":31, "y":26 } ],
					[ { "x":30, "y":3 }, { "x":23, "y":3 }, { "x":34, "y":7 } ],
					[ { "x":21, "y":1 }, { "x":14, "y":2 }, { "x":21, "y":3 } ],
					[ { "x":37, "y":9 }, { "x":35, "y":9 }, { "x":36, "y":21 } ]
				]
			}
		]
	}
}
