{
	"textures": [
		{
			"image": "/assets/sprites/furniture/plant_flowers_7.png",
			"format": "RGBA8888",
			"size": {
				"w": 39,
				"h": 40
			},
			"scale": 1,
			"frames": [
				{
					"filename": "stand_down_000",
					"rotated": false,
					"trimmed": false,
					"sourceSize": {
						"w": 37,
						"h": 38
					},
					"spriteSourceSize": {
						"x": 0,
						"y": 0,
						"w": 37,
						"h": 38
					},
					"frame": {
						"x": 1,
						"y": 1,
						"w": 37,
						"h": 38
					}
				},
				{
					"filename": "stand_left_000",
					"rotated": false,
					"trimmed": false,
					"sourceSize": {
						"w": 37,
						"h": 38
					},
					"spriteSourceSize": {
						"x": 0,
						"y": 0,
						"w": 37,
						"h": 38
					},
					"frame": {
						"x": 1,
						"y": 1,
						"w": 37,
						"h": 38
					}
				},
				{
					"filename": "stand_right_000",
					"rotated": false,
					"trimmed": false,
					"sourceSize": {
						"w": 37,
						"h": 38
					},
					"spriteSourceSize": {
						"x": 0,
						"y": 0,
						"w": 37,
						"h": 38
					},
					"frame": {
						"x": 1,
						"y": 1,
						"w": 37,
						"h": 38
					}
				},
				{
					"filename": "stand_up_000",
					"rotated": false,
					"trimmed": false,
					"sourceSize": {
						"w": 37,
						"h": 38
					},
					"spriteSourceSize": {
						"x": 0,
						"y": 0,
						"w": 37,
						"h": 38
					},
					"frame": {
						"x": 1,
						"y": 1,
						"w": 37,
						"h": 38
					}
				}
			]
		}
	],
	"meta": {
		"app": "https://www.codeandweb.com/texturepacker",
		"version": "3.0",
		"smartupdate": "$TexturePacker:SmartUpdate:c4714d3296051bfb7d57e709f04eef96:017228d4053d00bbebfe501c81f73b16:bce2e61f6471fadf47371f7e62a0842f$"
	}
}
