{
	"textures": [
		{
			"image": "/assets/sprites/furniture/sunshade_orange.png",
			"format": "RGBA8888",
			"size": {
				"w": 162,
				"h": 194
			},
			"scale": 1,
			"frames": [
				{
					"filename": "stand_down_000",
					"rotated": false,
					"trimmed": false,
					"sourceSize": {
						"w": 160,
						"h": 192
					},
					"spriteSourceSize": {
						"x": 0,
						"y": 0,
						"w": 160,
						"h": 192
					},
					"frame": {
						"x": 1,
						"y": 1,
						"w": 160,
						"h": 192
					}
				},
				{
					"filename": "stand_left_000",
					"rotated": false,
					"trimmed": false,
					"sourceSize": {
						"w": 160,
						"h": 192
					},
					"spriteSourceSize": {
						"x": 0,
						"y": 0,
						"w": 160,
						"h": 192
					},
					"frame": {
						"x": 1,
						"y": 1,
						"w": 160,
						"h": 192
					}
				},
				{
					"filename": "stand_right_000",
					"rotated": false,
					"trimmed": false,
					"sourceSize": {
						"w": 160,
						"h": 192
					},
					"spriteSourceSize": {
						"x": 0,
						"y": 0,
						"w": 160,
						"h": 192
					},
					"frame": {
						"x": 1,
						"y": 1,
						"w": 160,
						"h": 192
					}
				},
				{
					"filename": "stand_up_000",
					"rotated": false,
					"trimmed": false,
					"sourceSize": {
						"w": 160,
						"h": 192
					},
					"spriteSourceSize": {
						"x": 0,
						"y": 0,
						"w": 160,
						"h": 192
					},
					"frame": {
						"x": 1,
						"y": 1,
						"w": 160,
						"h": 192
					}
				}
			]
		}
	],
	"meta": {
		"app": "https://www.codeandweb.com/texturepacker",
		"version": "3.0",
		"smartupdate": "$TexturePacker:SmartUpdate:3464760b45968fed68b3330a28206d07:1758dd077eb4279a0d3a2835806b2f6f:9136aebd515edf06234e967cc8f1e243$"
	}
}
