{
	"generator_info": "Shape definitions generated with PhysicsEditor. Visit https://www.codeandweb.com/physicseditor",
	"stand_down_000": {
		"type": "fromPhysicsEditor",
		"label": "stand_down_000",
		"isStatic": false,
		"density": 0.1,
		"restitution": 0,
		"friction": 0.1,
		"frictionAir": 0.01,
		"frictionStatic": 0.5,
		"collisionFilter": {
			"group": 0,
			"category": 1,
			"mask": 255
		},
		"fixtures": [
			{
				"label": "",
				"isSensor": false,
				"vertices": [
					[ { "x":19, "y":75 }, { "x":32, "y":78 }, { "x":34, "y":78 }, { "x":37, "y":75 }, { "x":18, "y":66 } ],
					[ { "x":78, "y":62 }, { "x":80, "y":54 }, { "x":72, "y":60 }, { "x":73, "y":62 } ],
					[ { "x":8, "y":46 }, { "x":8, "y":49 }, { "x":12, "y":51 }, { "x":60, "y":68 }, { "x":63, "y":65 }, { "x":11, "y":44 } ],
					[ { "x":67, "y":64 }, { "x":69, "y":60 }, { "x":11, "y":44 }, { "x":63, "y":65 } ],
					[ { "x":84, "y":54 }, { "x":87, "y":51 }, { "x":87, "y":44 }, { "x":80, "y":54 } ],
					[ { "x":11, "y":59 }, { "x":16, "y":66 }, { "x":18, "y":66 }, { "x":12, "y":51 } ],
					[ { "x":58, "y":74 }, { "x":60, "y":68 }, { "x":12, "y":51 }, { "x":18, "y":66 }, { "x":37, "y":75 }, { "x":55, "y":76 } ],
					[ { "x":72, "y":60 }, { "x":80, "y":54 }, { "x":87, "y":44 }, { "x":11, "y":44 }, { "x":69, "y":60 } ]
				]
			}
		]
	},
	"stand_left_000": {
		"type": "fromPhysicsEditor",
		"label": "stand_left_000",
		"isStatic": false,
		"density": 0.10000000149011612,
		"restitution": 0,
		"friction": 0.10000000149011612,
		"frictionAir": 0.009999999776482582,
		"frictionStatic": 0.5,
		"collisionFilter": {
			"group": 0,
			"category": 1,
			"mask": 255
		},
		"fixtures": [
			{
				"label": "",
				"isSensor": false,
				"vertices": [
					[ { "x":19, "y":75 }, { "x":32, "y":78 }, { "x":34, "y":78 }, { "x":37, "y":75 }, { "x":18, "y":66 } ],
					[ { "x":78, "y":62 }, { "x":80, "y":54 }, { "x":72, "y":60 }, { "x":73, "y":62 } ],
					[ { "x":8, "y":46 }, { "x":8, "y":49 }, { "x":12, "y":51 }, { "x":60, "y":68 }, { "x":63, "y":65 }, { "x":11, "y":44 } ],
					[ { "x":67, "y":64 }, { "x":69, "y":60 }, { "x":11, "y":44 }, { "x":63, "y":65 } ],
					[ { "x":84, "y":54 }, { "x":87, "y":51 }, { "x":87, "y":44 }, { "x":80, "y":54 } ],
					[ { "x":11, "y":59 }, { "x":16, "y":66 }, { "x":18, "y":66 }, { "x":12, "y":51 } ],
					[ { "x":58, "y":74 }, { "x":60, "y":68 }, { "x":12, "y":51 }, { "x":18, "y":66 }, { "x":37, "y":75 }, { "x":55, "y":76 } ],
					[ { "x":72, "y":60 }, { "x":80, "y":54 }, { "x":87, "y":44 }, { "x":11, "y":44 }, { "x":69, "y":60 } ]
				]
			}
		]
	},
	"stand_right_000": {
		"type": "fromPhysicsEditor",
		"label": "stand_right_000",
		"isStatic": false,
		"density": 0.10000000149011612,
		"restitution": 0,
		"friction": 0.10000000149011612,
		"frictionAir": 0.009999999776482582,
		"frictionStatic": 0.5,
		"collisionFilter": {
			"group": 0,
			"category": 1,
			"mask": 255
		},
		"fixtures": [
			{
				"label": "",
				"isSensor": false,
				"vertices": [
					[ { "x":19, "y":75 }, { "x":32, "y":78 }, { "x":34, "y":78 }, { "x":37, "y":75 }, { "x":18, "y":66 } ],
					[ { "x":78, "y":62 }, { "x":80, "y":54 }, { "x":72, "y":60 }, { "x":73, "y":62 } ],
					[ { "x":8, "y":46 }, { "x":8, "y":49 }, { "x":12, "y":51 }, { "x":60, "y":68 }, { "x":63, "y":65 }, { "x":11, "y":44 } ],
					[ { "x":67, "y":64 }, { "x":69, "y":60 }, { "x":11, "y":44 }, { "x":63, "y":65 } ],
					[ { "x":84, "y":54 }, { "x":87, "y":51 }, { "x":87, "y":44 }, { "x":80, "y":54 } ],
					[ { "x":11, "y":59 }, { "x":16, "y":66 }, { "x":18, "y":66 }, { "x":12, "y":51 } ],
					[ { "x":58, "y":74 }, { "x":60, "y":68 }, { "x":12, "y":51 }, { "x":18, "y":66 }, { "x":37, "y":75 }, { "x":55, "y":76 } ],
					[ { "x":72, "y":60 }, { "x":80, "y":54 }, { "x":87, "y":44 }, { "x":11, "y":44 }, { "x":69, "y":60 } ]
				]
			}
		]
	},
	"stand_up_000": {
		"type": "fromPhysicsEditor",
		"label": "stand_up_000",
		"isStatic": false,
		"density": 0.10000000149011612,
		"restitution": 0,
		"friction": 0.10000000149011612,
		"frictionAir": 0.009999999776482582,
		"frictionStatic": 0.5,
		"collisionFilter": {
			"group": 0,
			"category": 1,
			"mask": 255
		},
		"fixtures": [
			{
				"label": "",
				"isSensor": false,
				"vertices": [
					[ { "x":19, "y":75 }, { "x":32, "y":78 }, { "x":34, "y":78 }, { "x":37, "y":75 }, { "x":18, "y":66 } ],
					[ { "x":78, "y":62 }, { "x":80, "y":54 }, { "x":72, "y":60 }, { "x":73, "y":62 } ],
					[ { "x":8, "y":46 }, { "x":8, "y":49 }, { "x":12, "y":51 }, { "x":60, "y":68 }, { "x":63, "y":65 }, { "x":11, "y":44 } ],
					[ { "x":67, "y":64 }, { "x":69, "y":60 }, { "x":11, "y":44 }, { "x":63, "y":65 } ],
					[ { "x":84, "y":54 }, { "x":87, "y":51 }, { "x":87, "y":44 }, { "x":80, "y":54 } ],
					[ { "x":11, "y":59 }, { "x":16, "y":66 }, { "x":18, "y":66 }, { "x":12, "y":51 } ],
					[ { "x":58, "y":74 }, { "x":60, "y":68 }, { "x":12, "y":51 }, { "x":18, "y":66 }, { "x":37, "y":75 }, { "x":55, "y":76 } ],
					[ { "x":72, "y":60 }, { "x":80, "y":54 }, { "x":87, "y":44 }, { "x":11, "y":44 }, { "x":69, "y":60 } ]
				]
			}
		]
	}
}
