{
	"textures": [
		{
			"image": "/assets/sprites/treesBushesPlants/rocks5.png",
			"format": "RGBA8888",
			"size": {
				"w": 83,
				"h": 64
			},
			"scale": 1,
			"frames": [
				{
					"filename": "stand_down_000",
					"rotated": false,
					"trimmed": true,
					"sourceSize": {
						"w": 96,
						"h": 96
					},
					"spriteSourceSize": {
						"x": 7,
						"y": 17,
						"w": 81,
						"h": 62
					},
					"frame": {
						"x": 1,
						"y": 1,
						"w": 81,
						"h": 62
					}
				},
				{
					"filename": "stand_left_000",
					"rotated": false,
					"trimmed": true,
					"sourceSize": {
						"w": 96,
						"h": 96
					},
					"spriteSourceSize": {
						"x": 7,
						"y": 17,
						"w": 81,
						"h": 62
					},
					"frame": {
						"x": 1,
						"y": 1,
						"w": 81,
						"h": 62
					}
				},
				{
					"filename": "stand_right_000",
					"rotated": false,
					"trimmed": true,
					"sourceSize": {
						"w": 96,
						"h": 96
					},
					"spriteSourceSize": {
						"x": 7,
						"y": 17,
						"w": 81,
						"h": 62
					},
					"frame": {
						"x": 1,
						"y": 1,
						"w": 81,
						"h": 62
					}
				},
				{
					"filename": "stand_up_000",
					"rotated": false,
					"trimmed": true,
					"sourceSize": {
						"w": 96,
						"h": 96
					},
					"spriteSourceSize": {
						"x": 7,
						"y": 17,
						"w": 81,
						"h": 62
					},
					"frame": {
						"x": 1,
						"y": 1,
						"w": 81,
						"h": 62
					}
				}
			]
		}
	],
	"meta": {
		"app": "https://www.codeandweb.com/texturepacker",
		"version": "3.0",
		"smartupdate": "$TexturePacker:SmartUpdate:81efdc3a91aeeb2b6bfcf68288c40c94:e323e5a266af756ce2f84259a2baa5aa:4d35c781f44492fe00ced42e91a66d30$"
	}
}
