{
	"textures": [
		{
			"image": "/assets/sprites/furniture/window_5.png",
			"format": "RGBA8888",
			"size": {
				"w": 52,
				"h": 54
			},
			"scale": 1,
			"frames": [
				{
					"filename": "stand_down_000",
					"rotated": false,
					"trimmed": false,
					"sourceSize": {
						"w": 50,
						"h": 52
					},
					"spriteSourceSize": {
						"x": 0,
						"y": 0,
						"w": 50,
						"h": 52
					},
					"frame": {
						"x": 1,
						"y": 1,
						"w": 50,
						"h": 52
					}
				},
				{
					"filename": "stand_left_000",
					"rotated": false,
					"trimmed": false,
					"sourceSize": {
						"w": 50,
						"h": 52
					},
					"spriteSourceSize": {
						"x": 0,
						"y": 0,
						"w": 50,
						"h": 52
					},
					"frame": {
						"x": 1,
						"y": 1,
						"w": 50,
						"h": 52
					}
				},
				{
					"filename": "stand_right_000",
					"rotated": false,
					"trimmed": false,
					"sourceSize": {
						"w": 50,
						"h": 52
					},
					"spriteSourceSize": {
						"x": 0,
						"y": 0,
						"w": 50,
						"h": 52
					},
					"frame": {
						"x": 1,
						"y": 1,
						"w": 50,
						"h": 52
					}
				},
				{
					"filename": "stand_up_000",
					"rotated": false,
					"trimmed": false,
					"sourceSize": {
						"w": 50,
						"h": 52
					},
					"spriteSourceSize": {
						"x": 0,
						"y": 0,
						"w": 50,
						"h": 52
					},
					"frame": {
						"x": 1,
						"y": 1,
						"w": 50,
						"h": 52
					}
				}
			]
		}
	],
	"meta": {
		"app": "https://www.codeandweb.com/texturepacker",
		"version": "3.0",
		"smartupdate": "$TexturePacker:SmartUpdate:73bd8d89d6a2e3b67ddac7d02ed9a341:1542e254c6091aa4b0be73ff83286ef2:241bc21498f18f189a4044b5189a8773$"
	}
}
