{
	"generator_info": "Shape definitions generated with PhysicsEditor. Visit https://www.codeandweb.com/physicseditor",
	"stand_down_000": {
		"type": "fromPhysicsEditor",
		"label": "stand_down_000",
		"isStatic": false,
		"density": 0.1,
		"restitution": 0,
		"friction": 0.1,
		"frictionAir": 0.01,
		"frictionStatic": 0.5,
		"collisionFilter": {
			"group": 0,
			"category": 1,
			"mask": 255
		},
		"fixtures": [
			{
				"label": "",
				"isSensor": false,
				"vertices": [
					[ { "x":54, "y":61 }, { "x":54, "y":55 }, { "x":36, "y":56 }, { "x":37, "y":59 }, { "x":47, "y":61 } ],
					[ { "x":69, "y":60 }, { "x":68, "y":57 }, { "x":66, "y":57 }, { "x":66, "y":62 } ],
					[ { "x":23, "y":36 }, { "x":22, "y":44 }, { "x":24, "y":46 }, { "x":29, "y":47 }, { "x":28, "y":37 } ],
					[ { "x":65, "y":66 }, { "x":66, "y":62 }, { "x":66, "y":55 }, { "x":59, "y":56 }, { "x":60, "y":63 }, { "x":62, "y":66 } ],
					[ { "x":57, "y":63 }, { "x":60, "y":63 }, { "x":59, "y":56 }, { "x":56, "y":59 } ],
					[ { "x":30, "y":55 }, { "x":36, "y":56 }, { "x":54, "y":55 }, { "x":69, "y":52 }, { "x":78, "y":37 }, { "x":28, "y":37 } ],
					[ { "x":69, "y":54 }, { "x":69, "y":52 }, { "x":54, "y":55 }, { "x":59, "y":56 }, { "x":66, "y":55 } ],
					[ { "x":84, "y":40 }, { "x":78, "y":37 }, { "x":69, "y":52 }, { "x":75, "y":57 }, { "x":79, "y":57 }, { "x":84, "y":52 } ],
					[ { "x":46, "y":63 }, { "x":47, "y":61 }, { "x":37, "y":59 }, { "x":42, "y":63 } ]
				]
			}
		]
	},
	"stand_left_000": {
		"type": "fromPhysicsEditor",
		"label": "stand_left_000",
		"isStatic": false,
		"density": 0.10000000149011612,
		"restitution": 0,
		"friction": 0.10000000149011612,
		"frictionAir": 0.009999999776482582,
		"frictionStatic": 0.5,
		"collisionFilter": {
			"group": 0,
			"category": 1,
			"mask": 255
		},
		"fixtures": [
			{
				"label": "",
				"isSensor": false,
				"vertices": [
					[ { "x":54, "y":61 }, { "x":54, "y":55 }, { "x":36, "y":56 }, { "x":37, "y":59 }, { "x":47, "y":61 } ],
					[ { "x":69, "y":60 }, { "x":68, "y":57 }, { "x":66, "y":57 }, { "x":66, "y":62 } ],
					[ { "x":23, "y":36 }, { "x":22, "y":44 }, { "x":24, "y":46 }, { "x":29, "y":47 }, { "x":28, "y":37 } ],
					[ { "x":65, "y":66 }, { "x":66, "y":62 }, { "x":66, "y":55 }, { "x":59, "y":56 }, { "x":60, "y":63 }, { "x":62, "y":66 } ],
					[ { "x":57, "y":63 }, { "x":60, "y":63 }, { "x":59, "y":56 }, { "x":56, "y":59 } ],
					[ { "x":30, "y":55 }, { "x":36, "y":56 }, { "x":54, "y":55 }, { "x":69, "y":52 }, { "x":78, "y":37 }, { "x":28, "y":37 } ],
					[ { "x":69, "y":54 }, { "x":69, "y":52 }, { "x":54, "y":55 }, { "x":59, "y":56 }, { "x":66, "y":55 } ],
					[ { "x":84, "y":40 }, { "x":78, "y":37 }, { "x":69, "y":52 }, { "x":75, "y":57 }, { "x":79, "y":57 }, { "x":84, "y":52 } ],
					[ { "x":46, "y":63 }, { "x":47, "y":61 }, { "x":37, "y":59 }, { "x":42, "y":63 } ]
				]
			}
		]
	},
	"stand_right_000": {
		"type": "fromPhysicsEditor",
		"label": "stand_right_000",
		"isStatic": false,
		"density": 0.10000000149011612,
		"restitution": 0,
		"friction": 0.10000000149011612,
		"frictionAir": 0.009999999776482582,
		"frictionStatic": 0.5,
		"collisionFilter": {
			"group": 0,
			"category": 1,
			"mask": 255
		},
		"fixtures": [
			{
				"label": "",
				"isSensor": false,
				"vertices": [
					[ { "x":54, "y":61 }, { "x":54, "y":55 }, { "x":36, "y":56 }, { "x":37, "y":59 }, { "x":47, "y":61 } ],
					[ { "x":69, "y":60 }, { "x":68, "y":57 }, { "x":66, "y":57 }, { "x":66, "y":62 } ],
					[ { "x":23, "y":36 }, { "x":22, "y":44 }, { "x":24, "y":46 }, { "x":29, "y":47 }, { "x":28, "y":37 } ],
					[ { "x":65, "y":66 }, { "x":66, "y":62 }, { "x":66, "y":55 }, { "x":59, "y":56 }, { "x":60, "y":63 }, { "x":62, "y":66 } ],
					[ { "x":57, "y":63 }, { "x":60, "y":63 }, { "x":59, "y":56 }, { "x":56, "y":59 } ],
					[ { "x":30, "y":55 }, { "x":36, "y":56 }, { "x":54, "y":55 }, { "x":69, "y":52 }, { "x":78, "y":37 }, { "x":28, "y":37 } ],
					[ { "x":69, "y":54 }, { "x":69, "y":52 }, { "x":54, "y":55 }, { "x":59, "y":56 }, { "x":66, "y":55 } ],
					[ { "x":84, "y":40 }, { "x":78, "y":37 }, { "x":69, "y":52 }, { "x":75, "y":57 }, { "x":79, "y":57 }, { "x":84, "y":52 } ],
					[ { "x":46, "y":63 }, { "x":47, "y":61 }, { "x":37, "y":59 }, { "x":42, "y":63 } ]
				]
			}
		]
	},
	"stand_up_000": {
		"type": "fromPhysicsEditor",
		"label": "stand_up_000",
		"isStatic": false,
		"density": 0.10000000149011612,
		"restitution": 0,
		"friction": 0.10000000149011612,
		"frictionAir": 0.009999999776482582,
		"frictionStatic": 0.5,
		"collisionFilter": {
			"group": 0,
			"category": 1,
			"mask": 255
		},
		"fixtures": [
			{
				"label": "",
				"isSensor": false,
				"vertices": [
					[ { "x":54, "y":61 }, { "x":54, "y":55 }, { "x":36, "y":56 }, { "x":37, "y":59 }, { "x":47, "y":61 } ],
					[ { "x":69, "y":60 }, { "x":68, "y":57 }, { "x":66, "y":57 }, { "x":66, "y":62 } ],
					[ { "x":23, "y":36 }, { "x":22, "y":44 }, { "x":24, "y":46 }, { "x":29, "y":47 }, { "x":28, "y":37 } ],
					[ { "x":65, "y":66 }, { "x":66, "y":62 }, { "x":66, "y":55 }, { "x":59, "y":56 }, { "x":60, "y":63 }, { "x":62, "y":66 } ],
					[ { "x":57, "y":63 }, { "x":60, "y":63 }, { "x":59, "y":56 }, { "x":56, "y":59 } ],
					[ { "x":30, "y":55 }, { "x":36, "y":56 }, { "x":54, "y":55 }, { "x":69, "y":52 }, { "x":78, "y":37 }, { "x":28, "y":37 } ],
					[ { "x":69, "y":54 }, { "x":69, "y":52 }, { "x":54, "y":55 }, { "x":59, "y":56 }, { "x":66, "y":55 } ],
					[ { "x":84, "y":40 }, { "x":78, "y":37 }, { "x":69, "y":52 }, { "x":75, "y":57 }, { "x":79, "y":57 }, { "x":84, "y":52 } ],
					[ { "x":46, "y":63 }, { "x":47, "y":61 }, { "x":37, "y":59 }, { "x":42, "y":63 } ]
				]
			}
		]
	}
}
