{
	"textures": [
		{
			"image": "/assets/sprites/treesBushesPlants/rocks24.png",
			"format": "RGBA8888",
			"size": {
				"w": 67,
				"h": 63
			},
			"scale": 1,
			"frames": [
				{
					"filename": "stand_down_000",
					"rotated": false,
					"trimmed": true,
					"sourceSize": {
						"w": 96,
						"h": 96
					},
					"spriteSourceSize": {
						"x": 21,
						"y": 18,
						"w": 65,
						"h": 61
					},
					"frame": {
						"x": 1,
						"y": 1,
						"w": 65,
						"h": 61
					}
				},
				{
					"filename": "stand_left_000",
					"rotated": false,
					"trimmed": true,
					"sourceSize": {
						"w": 96,
						"h": 96
					},
					"spriteSourceSize": {
						"x": 21,
						"y": 18,
						"w": 65,
						"h": 61
					},
					"frame": {
						"x": 1,
						"y": 1,
						"w": 65,
						"h": 61
					}
				},
				{
					"filename": "stand_right_000",
					"rotated": false,
					"trimmed": true,
					"sourceSize": {
						"w": 96,
						"h": 96
					},
					"spriteSourceSize": {
						"x": 21,
						"y": 18,
						"w": 65,
						"h": 61
					},
					"frame": {
						"x": 1,
						"y": 1,
						"w": 65,
						"h": 61
					}
				},
				{
					"filename": "stand_up_000",
					"rotated": false,
					"trimmed": true,
					"sourceSize": {
						"w": 96,
						"h": 96
					},
					"spriteSourceSize": {
						"x": 21,
						"y": 18,
						"w": 65,
						"h": 61
					},
					"frame": {
						"x": 1,
						"y": 1,
						"w": 65,
						"h": 61
					}
				}
			]
		}
	],
	"meta": {
		"app": "https://www.codeandweb.com/texturepacker",
		"version": "3.0",
		"smartupdate": "$TexturePacker:SmartUpdate:02c21d8bc2c8820a07ac1ae6d04a23f1:b202ac03b91354a3f204824113a7279f:e992f661d8d8e538bdbf42870ea02ba1$"
	}
}
