{
	"textures": [
		{
			"image": "/assets/sprites/furniture/window_6.png",
			"format": "RGBA8888",
			"size": {
				"w": 50,
				"h": 52
			},
			"scale": 1,
			"frames": [
				{
					"filename": "stand_down_000",
					"rotated": false,
					"trimmed": false,
					"sourceSize": {
						"w": 48,
						"h": 50
					},
					"spriteSourceSize": {
						"x": 0,
						"y": 0,
						"w": 48,
						"h": 50
					},
					"frame": {
						"x": 1,
						"y": 1,
						"w": 48,
						"h": 50
					}
				},
				{
					"filename": "stand_left_000",
					"rotated": false,
					"trimmed": false,
					"sourceSize": {
						"w": 48,
						"h": 50
					},
					"spriteSourceSize": {
						"x": 0,
						"y": 0,
						"w": 48,
						"h": 50
					},
					"frame": {
						"x": 1,
						"y": 1,
						"w": 48,
						"h": 50
					}
				},
				{
					"filename": "stand_right_000",
					"rotated": false,
					"trimmed": false,
					"sourceSize": {
						"w": 48,
						"h": 50
					},
					"spriteSourceSize": {
						"x": 0,
						"y": 0,
						"w": 48,
						"h": 50
					},
					"frame": {
						"x": 1,
						"y": 1,
						"w": 48,
						"h": 50
					}
				},
				{
					"filename": "stand_up_000",
					"rotated": false,
					"trimmed": false,
					"sourceSize": {
						"w": 48,
						"h": 50
					},
					"spriteSourceSize": {
						"x": 0,
						"y": 0,
						"w": 48,
						"h": 50
					},
					"frame": {
						"x": 1,
						"y": 1,
						"w": 48,
						"h": 50
					}
				}
			]
		}
	],
	"meta": {
		"app": "https://www.codeandweb.com/texturepacker",
		"version": "3.0",
		"smartupdate": "$TexturePacker:SmartUpdate:13a4d60099a4c9640ad4f4ea10af14a8:f03ebac2fa0204759d966d038618db0e:08fd8fa7a7afb5ea39214723be570506$"
	}
}
