{
	"textures": [
		{
			"image": "/assets/sprites/furniture/cabinet_1.png",
			"format": "RGBA8888",
			"size": {
				"w": 102,
				"h": 490
			},
			"scale": 1,
			"frames": [
				{
					"filename": "stand_down_000",
					"rotated": false,
					"trimmed": false,
					"sourceSize": {
						"w": 96,
						"h": 144
					},
					"spriteSourceSize": {
						"x": 0,
						"y": 0,
						"w": 96,
						"h": 144
					},
					"frame": {
						"x": 1,
						"y": 1,
						"w": 96,
						"h": 144
					}
				},
				{
					"filename": "stand_up_000",
					"rotated": false,
					"trimmed": false,
					"sourceSize": {
						"w": 96,
						"h": 144
					},
					"spriteSourceSize": {
						"x": 0,
						"y": 0,
						"w": 96,
						"h": 144
					},
					"frame": {
						"x": 1,
						"y": 149,
						"w": 96,
						"h": 144
					}
				},
				{
					"filename": "stand_left_000",
					"rotated": false,
					"trimmed": false,
					"sourceSize": {
						"w": 48,
						"h": 192
					},
					"spriteSourceSize": {
						"x": 0,
						"y": 0,
						"w": 48,
						"h": 192
					},
					"frame": {
						"x": 1,
						"y": 297,
						"w": 48,
						"h": 192
					}
				},
				{
					"filename": "stand_right_000",
					"rotated": false,
					"trimmed": false,
					"sourceSize": {
						"w": 48,
						"h": 192
					},
					"spriteSourceSize": {
						"x": 0,
						"y": 0,
						"w": 48,
						"h": 192
					},
					"frame": {
						"x": 53,
						"y": 297,
						"w": 48,
						"h": 192
					}
				}
			]
		}
	],
	"meta": {
		"app": "https://www.codeandweb.com/texturepacker",
		"version": "3.0",
		"smartupdate": "$TexturePacker:SmartUpdate:f820a4c137ac47a7f251f5d79a5ce5d0:b30d647232d0816a7d3a5c4ca15b5034:4b563bf42a11f3f23184a17d618b1840$"
	}
}
