{
	"textures": [
		{
			"image": "/assets/sprites/treesBushesPlants/bush1.png",
			"format": "RGBA8888",
			"size": {
				"w": 65,
				"h": 73
			},
			"scale": 1,
			"frames": [
				{
					"filename": "stand_down_000",
					"rotated": false,
					"trimmed": true,
					"sourceSize": {
						"w": 96,
						"h": 96
					},
					"spriteSourceSize": {
						"x": 16,
						"y": 13,
						"w": 63,
						"h": 71
					},
					"frame": {
						"x": 1,
						"y": 1,
						"w": 63,
						"h": 71
					}
				},
				{
					"filename": "stand_left_000",
					"rotated": false,
					"trimmed": true,
					"sourceSize": {
						"w": 96,
						"h": 96
					},
					"spriteSourceSize": {
						"x": 16,
						"y": 13,
						"w": 63,
						"h": 71
					},
					"frame": {
						"x": 1,
						"y": 1,
						"w": 63,
						"h": 71
					}
				},
				{
					"filename": "stand_right_000",
					"rotated": false,
					"trimmed": true,
					"sourceSize": {
						"w": 96,
						"h": 96
					},
					"spriteSourceSize": {
						"x": 16,
						"y": 13,
						"w": 63,
						"h": 71
					},
					"frame": {
						"x": 1,
						"y": 1,
						"w": 63,
						"h": 71
					}
				},
				{
					"filename": "stand_up_000",
					"rotated": false,
					"trimmed": true,
					"sourceSize": {
						"w": 96,
						"h": 96
					},
					"spriteSourceSize": {
						"x": 16,
						"y": 13,
						"w": 63,
						"h": 71
					},
					"frame": {
						"x": 1,
						"y": 1,
						"w": 63,
						"h": 71
					}
				}
			]
		}
	],
	"meta": {
		"app": "https://www.codeandweb.com/texturepacker",
		"version": "3.0",
		"smartupdate": "$TexturePacker:SmartUpdate:aeb390ea1d812f6f3e46e8e48e3abf9c:c08536e6a9f5f44884c37da98b67d42e:1ebb91e7692ec77949dd9c989a8175e5$"
	}
}
