{
	"generator_info": "Shape definitions generated with PhysicsEditor. Visit https://www.codeandweb.com/physicseditor",
	"stand_down_000": {
		"type": "fromPhysicsEditor",
		"label": "stand_down_000",
		"isStatic": false,
		"density": 0.10000000149011612,
		"restitution": 0,
		"friction": 0.10000000149011612,
		"frictionAir": 0.009999999776482582,
		"frictionStatic": 0.5,
		"collisionFilter": {
			"group": 0,
			"category": 1,
			"mask": 255
		},
		"fixtures": [
			{
				"label": "",
				"isSensor": false,
				"vertices": [
					[ { "x":73, "y":28 }, { "x":73, "y":23 }, { "x":27, "y":19 }, { "x":25, "y":19 }, { "x":69, "y":31 } ],
					[ { "x":26, "y":43 }, { "x":41, "y":46 }, { "x":44, "y":43 }, { "x":25, "y":34 } ],
					[ { "x":69, "y":35 }, { "x":69, "y":31 }, { "x":25, "y":19 }, { "x":25, "y":34 }, { "x":67, "y":36 } ],
					[ { "x":19, "y":30 }, { "x":23, "y":34 }, { "x":25, "y":34 }, { "x":25, "y":19 }, { "x":19, "y":25 } ],
					[ { "x":64, "y":43 }, { "x":67, "y":36 }, { "x":25, "y":34 }, { "x":44, "y":43 } ],
					[ { "x":76, "y":19 }, { "x":27, "y":19 }, { "x":73, "y":23 } ]
				]
			}
		]
	},
	"stand_left_000": {
		"type": "fromPhysicsEditor",
		"label": "stand_left_000",
		"isStatic": false,
		"density": 0.10000000149011612,
		"restitution": 0,
		"friction": 0.10000000149011612,
		"frictionAir": 0.009999999776482582,
		"frictionStatic": 0.5,
		"collisionFilter": {
			"group": 0,
			"category": 1,
			"mask": 255
		},
		"fixtures": [
			{
				"label": "",
				"isSensor": false,
				"vertices": [
					[ { "x":73, "y":28 }, { "x":73, "y":23 }, { "x":27, "y":19 }, { "x":25, "y":19 }, { "x":69, "y":31 } ],
					[ { "x":26, "y":43 }, { "x":41, "y":46 }, { "x":44, "y":43 }, { "x":25, "y":34 } ],
					[ { "x":69, "y":35 }, { "x":69, "y":31 }, { "x":25, "y":19 }, { "x":25, "y":34 }, { "x":67, "y":36 } ],
					[ { "x":19, "y":30 }, { "x":23, "y":34 }, { "x":25, "y":34 }, { "x":25, "y":19 }, { "x":19, "y":25 } ],
					[ { "x":64, "y":43 }, { "x":67, "y":36 }, { "x":25, "y":34 }, { "x":44, "y":43 } ],
					[ { "x":76, "y":19 }, { "x":27, "y":19 }, { "x":73, "y":23 } ]
				]
			}
		]
	},
	"stand_right_000": {
		"type": "fromPhysicsEditor",
		"label": "stand_right_000",
		"isStatic": false,
		"density": 0.10000000149011612,
		"restitution": 0,
		"friction": 0.10000000149011612,
		"frictionAir": 0.009999999776482582,
		"frictionStatic": 0.5,
		"collisionFilter": {
			"group": 0,
			"category": 1,
			"mask": 255
		},
		"fixtures": [
			{
				"label": "",
				"isSensor": false,
				"vertices": [
					[ { "x":73, "y":28 }, { "x":73, "y":23 }, { "x":27, "y":19 }, { "x":25, "y":19 }, { "x":69, "y":31 } ],
					[ { "x":26, "y":43 }, { "x":41, "y":46 }, { "x":44, "y":43 }, { "x":25, "y":34 } ],
					[ { "x":69, "y":35 }, { "x":69, "y":31 }, { "x":25, "y":19 }, { "x":25, "y":34 }, { "x":67, "y":36 } ],
					[ { "x":19, "y":30 }, { "x":23, "y":34 }, { "x":25, "y":34 }, { "x":25, "y":19 }, { "x":19, "y":25 } ],
					[ { "x":64, "y":43 }, { "x":67, "y":36 }, { "x":25, "y":34 }, { "x":44, "y":43 } ],
					[ { "x":76, "y":19 }, { "x":27, "y":19 }, { "x":73, "y":23 } ]
				]
			}
		]
	},
	"stand_up_000": {
		"type": "fromPhysicsEditor",
		"label": "stand_up_000",
		"isStatic": false,
		"density": 0.10000000149011612,
		"restitution": 0,
		"friction": 0.10000000149011612,
		"frictionAir": 0.009999999776482582,
		"frictionStatic": 0.5,
		"collisionFilter": {
			"group": 0,
			"category": 1,
			"mask": 255
		},
		"fixtures": [
			{
				"label": "",
				"isSensor": false,
				"vertices": [
					[ { "x":73, "y":28 }, { "x":73, "y":23 }, { "x":27, "y":19 }, { "x":25, "y":19 }, { "x":69, "y":31 } ],
					[ { "x":26, "y":43 }, { "x":41, "y":46 }, { "x":44, "y":43 }, { "x":25, "y":34 } ],
					[ { "x":69, "y":35 }, { "x":69, "y":31 }, { "x":25, "y":19 }, { "x":25, "y":34 }, { "x":67, "y":36 } ],
					[ { "x":19, "y":30 }, { "x":23, "y":34 }, { "x":25, "y":34 }, { "x":25, "y":19 }, { "x":19, "y":25 } ],
					[ { "x":64, "y":43 }, { "x":67, "y":36 }, { "x":25, "y":34 }, { "x":44, "y":43 } ],
					[ { "x":76, "y":19 }, { "x":27, "y":19 }, { "x":73, "y":23 } ]
				]
			}
		]
	}
}
