{
	"textures": [
		{
			"image": "/assets/sprites/treesBushesPlants/rocks.png",
			"format": "RGBA8888",
			"size": {
				"w": 61,
				"h": 48
			},
			"scale": 1,
			"frames": [
				{
					"filename": "stand_down_000",
					"rotated": false,
					"trimmed": true,
					"sourceSize": {
						"w": 96,
						"h": 48
					},
					"spriteSourceSize": {
						"x": 18,
						"y": 1,
						"w": 59,
						"h": 46
					},
					"frame": {
						"x": 1,
						"y": 1,
						"w": 59,
						"h": 46
					}
				},
				{
					"filename": "stand_left_000",
					"rotated": false,
					"trimmed": true,
					"sourceSize": {
						"w": 96,
						"h": 48
					},
					"spriteSourceSize": {
						"x": 18,
						"y": 1,
						"w": 59,
						"h": 46
					},
					"frame": {
						"x": 1,
						"y": 1,
						"w": 59,
						"h": 46
					}
				},
				{
					"filename": "stand_right_000",
					"rotated": false,
					"trimmed": true,
					"sourceSize": {
						"w": 96,
						"h": 48
					},
					"spriteSourceSize": {
						"x": 18,
						"y": 1,
						"w": 59,
						"h": 46
					},
					"frame": {
						"x": 1,
						"y": 1,
						"w": 59,
						"h": 46
					}
				},
				{
					"filename": "stand_up_000",
					"rotated": false,
					"trimmed": true,
					"sourceSize": {
						"w": 96,
						"h": 48
					},
					"spriteSourceSize": {
						"x": 18,
						"y": 1,
						"w": 59,
						"h": 46
					},
					"frame": {
						"x": 1,
						"y": 1,
						"w": 59,
						"h": 46
					}
				}
			]
		}
	],
	"meta": {
		"app": "https://www.codeandweb.com/texturepacker",
		"version": "3.0",
		"smartupdate": "$TexturePacker:SmartUpdate:5c979f9a5756e2e83b6dc854643bbd46:d775e8bb618ce0dcb3254341cffcfcf0:d1a6669edd33bb4be71949f5d04c017d$"
	}
}
