{
	"textures": [
		{
			"image": "/assets/sprites/furniture/gardenplant_cyan_4.png",
			"format": "RGBA8888",
			"size": {
				"w": 34,
				"h": 98
			},
			"scale": 1,
			"frames": [
				{
					"filename": "stand_down_000",
					"rotated": false,
					"trimmed": false,
					"sourceSize": {
						"w": 32,
						"h": 96
					},
					"spriteSourceSize": {
						"x": 0,
						"y": 0,
						"w": 32,
						"h": 96
					},
					"frame": {
						"x": 1,
						"y": 1,
						"w": 32,
						"h": 96
					}
				},
				{
					"filename": "stand_left_000",
					"rotated": false,
					"trimmed": false,
					"sourceSize": {
						"w": 32,
						"h": 96
					},
					"spriteSourceSize": {
						"x": 0,
						"y": 0,
						"w": 32,
						"h": 96
					},
					"frame": {
						"x": 1,
						"y": 1,
						"w": 32,
						"h": 96
					}
				},
				{
					"filename": "stand_right_000",
					"rotated": false,
					"trimmed": false,
					"sourceSize": {
						"w": 32,
						"h": 96
					},
					"spriteSourceSize": {
						"x": 0,
						"y": 0,
						"w": 32,
						"h": 96
					},
					"frame": {
						"x": 1,
						"y": 1,
						"w": 32,
						"h": 96
					}
				},
				{
					"filename": "stand_up_000",
					"rotated": false,
					"trimmed": false,
					"sourceSize": {
						"w": 32,
						"h": 96
					},
					"spriteSourceSize": {
						"x": 0,
						"y": 0,
						"w": 32,
						"h": 96
					},
					"frame": {
						"x": 1,
						"y": 1,
						"w": 32,
						"h": 96
					}
				}
			]
		}
	],
	"meta": {
		"app": "https://www.codeandweb.com/texturepacker",
		"version": "3.0",
		"smartupdate": "$TexturePacker:SmartUpdate:faf8f9cdbe0bf9ac56c6e203088d7182:2a80ee2d17465d40bc65c9b3f9bd93a9:59df94a20b15c66f4ead06f1724dbb70$"
	}
}
