{
	"textures": [
		{
			"image": "/assets/sprites/furniture/swingset_cyan_down.png",
			"format": "RGBA8888",
			"size": {
				"w": 194,
				"h": 162
			},
			"scale": 1,
			"frames": [
				{
					"filename": "stand_down_000",
					"rotated": false,
					"trimmed": false,
					"sourceSize": {
						"w": 192,
						"h": 160
					},
					"spriteSourceSize": {
						"x": 0,
						"y": 0,
						"w": 192,
						"h": 160
					},
					"frame": {
						"x": 1,
						"y": 1,
						"w": 192,
						"h": 160
					}
				},
				{
					"filename": "stand_left_000",
					"rotated": false,
					"trimmed": false,
					"sourceSize": {
						"w": 192,
						"h": 160
					},
					"spriteSourceSize": {
						"x": 0,
						"y": 0,
						"w": 192,
						"h": 160
					},
					"frame": {
						"x": 1,
						"y": 1,
						"w": 192,
						"h": 160
					}
				},
				{
					"filename": "stand_right_000",
					"rotated": false,
					"trimmed": false,
					"sourceSize": {
						"w": 192,
						"h": 160
					},
					"spriteSourceSize": {
						"x": 0,
						"y": 0,
						"w": 192,
						"h": 160
					},
					"frame": {
						"x": 1,
						"y": 1,
						"w": 192,
						"h": 160
					}
				},
				{
					"filename": "stand_up_000",
					"rotated": false,
					"trimmed": false,
					"sourceSize": {
						"w": 192,
						"h": 160
					},
					"spriteSourceSize": {
						"x": 0,
						"y": 0,
						"w": 192,
						"h": 160
					},
					"frame": {
						"x": 1,
						"y": 1,
						"w": 192,
						"h": 160
					}
				}
			]
		}
	],
	"meta": {
		"app": "https://www.codeandweb.com/texturepacker",
		"version": "3.0",
		"smartupdate": "$TexturePacker:SmartUpdate:c1f06c2006e4e75b5d2a3f1da2f8d40a:0354ef0df4be72d4f60703752e1da64e:b723f1fbdcfb7814a2680fa1682b5ee7$"
	}
}
