{
	"textures": [
		{
			"image": "/assets/sprites/furniture/gardenplant_red_2.png",
			"format": "RGBA8888",
			"size": {
				"w": 34,
				"h": 98
			},
			"scale": 1,
			"frames": [
				{
					"filename": "stand_down_000",
					"rotated": false,
					"trimmed": false,
					"sourceSize": {
						"w": 32,
						"h": 96
					},
					"spriteSourceSize": {
						"x": 0,
						"y": 0,
						"w": 32,
						"h": 96
					},
					"frame": {
						"x": 1,
						"y": 1,
						"w": 32,
						"h": 96
					}
				},
				{
					"filename": "stand_left_000",
					"rotated": false,
					"trimmed": false,
					"sourceSize": {
						"w": 32,
						"h": 96
					},
					"spriteSourceSize": {
						"x": 0,
						"y": 0,
						"w": 32,
						"h": 96
					},
					"frame": {
						"x": 1,
						"y": 1,
						"w": 32,
						"h": 96
					}
				},
				{
					"filename": "stand_right_000",
					"rotated": false,
					"trimmed": false,
					"sourceSize": {
						"w": 32,
						"h": 96
					},
					"spriteSourceSize": {
						"x": 0,
						"y": 0,
						"w": 32,
						"h": 96
					},
					"frame": {
						"x": 1,
						"y": 1,
						"w": 32,
						"h": 96
					}
				},
				{
					"filename": "stand_up_000",
					"rotated": false,
					"trimmed": false,
					"sourceSize": {
						"w": 32,
						"h": 96
					},
					"spriteSourceSize": {
						"x": 0,
						"y": 0,
						"w": 32,
						"h": 96
					},
					"frame": {
						"x": 1,
						"y": 1,
						"w": 32,
						"h": 96
					}
				}
			]
		}
	],
	"meta": {
		"app": "https://www.codeandweb.com/texturepacker",
		"version": "3.0",
		"smartupdate": "$TexturePacker:SmartUpdate:8a8de1b1ca5be8a14890e3c0b2c39bc2:edf4a03b26d715da8a0f5184f14f7df9:3d0411740952e4685bd0070f741cf7bc$"
	}
}
