{
	"textures": [
		{
			"image": "/assets/sprites/furniture/chairdarkblue2_down.png",
			"format": "RGBA8888",
			"size": {
				"w": 98,
				"h": 98
			},
			"scale": 1,
			"frames": [
				{
					"filename": "stand_down_000",
					"rotated": false,
					"trimmed": false,
					"sourceSize": {
						"w": 96,
						"h": 96
					},
					"spriteSourceSize": {
						"x": 0,
						"y": 0,
						"w": 96,
						"h": 96
					},
					"frame": {
						"x": 1,
						"y": 1,
						"w": 96,
						"h": 96
					}
				},
				{
					"filename": "stand_left_000",
					"rotated": false,
					"trimmed": false,
					"sourceSize": {
						"w": 96,
						"h": 96
					},
					"spriteSourceSize": {
						"x": 0,
						"y": 0,
						"w": 96,
						"h": 96
					},
					"frame": {
						"x": 1,
						"y": 1,
						"w": 96,
						"h": 96
					}
				},
				{
					"filename": "stand_right_000",
					"rotated": false,
					"trimmed": false,
					"sourceSize": {
						"w": 96,
						"h": 96
					},
					"spriteSourceSize": {
						"x": 0,
						"y": 0,
						"w": 96,
						"h": 96
					},
					"frame": {
						"x": 1,
						"y": 1,
						"w": 96,
						"h": 96
					}
				},
				{
					"filename": "stand_up_000",
					"rotated": false,
					"trimmed": false,
					"sourceSize": {
						"w": 96,
						"h": 96
					},
					"spriteSourceSize": {
						"x": 0,
						"y": 0,
						"w": 96,
						"h": 96
					},
					"frame": {
						"x": 1,
						"y": 1,
						"w": 96,
						"h": 96
					}
				}
			]
		}
	],
	"meta": {
		"app": "https://www.codeandweb.com/texturepacker",
		"version": "3.0",
		"smartupdate": "$TexturePacker:SmartUpdate:a2edea26b05a6299ea1d2a57bb237d32:913f9c3564a0291a7722bcffbb877665:2676dc31282bf17125b664ce788a9566$"
	}
}
