{
	"generator_info": "Shape definitions generated with PhysicsEditor. Visit https://www.codeandweb.com/physicseditor",
	"stand_down_000": {
		"type": "fromPhysicsEditor",
		"label": "stand_down_000",
		"isStatic": false,
		"density": 0.1,
		"restitution": 0,
		"friction": 0.1,
		"frictionAir": 0.01,
		"frictionStatic": 0.5,
		"collisionFilter": {
			"group": 0,
			"category": 1,
			"mask": 255
		},
		"fixtures": [
			{
				"label": "",
				"isSensor": false,
				"vertices": [
					[ { "x":62, "y":45 }, { "x":63, "y":41 }, { "x":25, "y":26 }, { "x":59, "y":45 } ],
					[ { "x":21, "y":33 }, { "x":24, "y":35 }, { "x":29, "y":34 }, { "x":24, "y":31 }, { "x":22, "y":31 } ],
					[ { "x":67, "y":44 }, { "x":71, "y":43 }, { "x":74, "y":36 }, { "x":63, "y":41 } ],
					[ { "x":34, "y":42 }, { "x":39, "y":43 }, { "x":29, "y":34 } ],
					[ { "x":74, "y":19 }, { "x":18, "y":19 }, { "x":18, "y":21 }, { "x":25, "y":26 }, { "x":74, "y":36 }, { "x":77, "y":33 }, { "x":77, "y":21 } ],
					[ { "x":39, "y":45 }, { "x":43, "y":48 }, { "x":56, "y":48 }, { "x":39, "y":43 } ],
					[ { "x":39, "y":43 }, { "x":56, "y":48 }, { "x":59, "y":45 }, { "x":25, "y":26 }, { "x":29, "y":34 } ],
					[ { "x":24, "y":31 }, { "x":29, "y":34 }, { "x":25, "y":26 } ],
					[ { "x":63, "y":41 }, { "x":74, "y":36 }, { "x":25, "y":26 } ]
				]
			}
		]
	},
	"stand_left_000": {
		"type": "fromPhysicsEditor",
		"label": "stand_left_000",
		"isStatic": false,
		"density": 0.10000000149011612,
		"restitution": 0,
		"friction": 0.10000000149011612,
		"frictionAir": 0.009999999776482582,
		"frictionStatic": 0.5,
		"collisionFilter": {
			"group": 0,
			"category": 1,
			"mask": 255
		},
		"fixtures": [
			{
				"label": "",
				"isSensor": false,
				"vertices": [
					[ { "x":62, "y":45 }, { "x":63, "y":41 }, { "x":25, "y":26 }, { "x":59, "y":45 } ],
					[ { "x":21, "y":33 }, { "x":24, "y":35 }, { "x":29, "y":34 }, { "x":24, "y":31 }, { "x":22, "y":31 } ],
					[ { "x":67, "y":44 }, { "x":71, "y":43 }, { "x":74, "y":36 }, { "x":63, "y":41 } ],
					[ { "x":34, "y":42 }, { "x":39, "y":43 }, { "x":29, "y":34 } ],
					[ { "x":74, "y":19 }, { "x":18, "y":19 }, { "x":18, "y":21 }, { "x":25, "y":26 }, { "x":74, "y":36 }, { "x":77, "y":33 }, { "x":77, "y":21 } ],
					[ { "x":39, "y":45 }, { "x":43, "y":48 }, { "x":56, "y":48 }, { "x":39, "y":43 } ],
					[ { "x":39, "y":43 }, { "x":56, "y":48 }, { "x":59, "y":45 }, { "x":25, "y":26 }, { "x":29, "y":34 } ],
					[ { "x":24, "y":31 }, { "x":29, "y":34 }, { "x":25, "y":26 } ],
					[ { "x":63, "y":41 }, { "x":74, "y":36 }, { "x":25, "y":26 } ]
				]
			}
		]
	},
	"stand_right_000": {
		"type": "fromPhysicsEditor",
		"label": "stand_right_000",
		"isStatic": false,
		"density": 0.10000000149011612,
		"restitution": 0,
		"friction": 0.10000000149011612,
		"frictionAir": 0.009999999776482582,
		"frictionStatic": 0.5,
		"collisionFilter": {
			"group": 0,
			"category": 1,
			"mask": 255
		},
		"fixtures": [
			{
				"label": "",
				"isSensor": false,
				"vertices": [
					[ { "x":62, "y":45 }, { "x":63, "y":41 }, { "x":25, "y":26 }, { "x":59, "y":45 } ],
					[ { "x":21, "y":33 }, { "x":24, "y":35 }, { "x":29, "y":34 }, { "x":24, "y":31 }, { "x":22, "y":31 } ],
					[ { "x":67, "y":44 }, { "x":71, "y":43 }, { "x":74, "y":36 }, { "x":63, "y":41 } ],
					[ { "x":34, "y":42 }, { "x":39, "y":43 }, { "x":29, "y":34 } ],
					[ { "x":74, "y":19 }, { "x":18, "y":19 }, { "x":18, "y":21 }, { "x":25, "y":26 }, { "x":74, "y":36 }, { "x":77, "y":33 }, { "x":77, "y":21 } ],
					[ { "x":39, "y":45 }, { "x":43, "y":48 }, { "x":56, "y":48 }, { "x":39, "y":43 } ],
					[ { "x":39, "y":43 }, { "x":56, "y":48 }, { "x":59, "y":45 }, { "x":25, "y":26 }, { "x":29, "y":34 } ],
					[ { "x":24, "y":31 }, { "x":29, "y":34 }, { "x":25, "y":26 } ],
					[ { "x":63, "y":41 }, { "x":74, "y":36 }, { "x":25, "y":26 } ]
				]
			}
		]
	},
	"stand_up_000": {
		"type": "fromPhysicsEditor",
		"label": "stand_up_000",
		"isStatic": false,
		"density": 0.10000000149011612,
		"restitution": 0,
		"friction": 0.10000000149011612,
		"frictionAir": 0.009999999776482582,
		"frictionStatic": 0.5,
		"collisionFilter": {
			"group": 0,
			"category": 1,
			"mask": 255
		},
		"fixtures": [
			{
				"label": "",
				"isSensor": false,
				"vertices": [
					[ { "x":62, "y":45 }, { "x":63, "y":41 }, { "x":25, "y":26 }, { "x":59, "y":45 } ],
					[ { "x":21, "y":33 }, { "x":24, "y":35 }, { "x":29, "y":34 }, { "x":24, "y":31 }, { "x":22, "y":31 } ],
					[ { "x":67, "y":44 }, { "x":71, "y":43 }, { "x":74, "y":36 }, { "x":63, "y":41 } ],
					[ { "x":34, "y":42 }, { "x":39, "y":43 }, { "x":29, "y":34 } ],
					[ { "x":74, "y":19 }, { "x":18, "y":19 }, { "x":18, "y":21 }, { "x":25, "y":26 }, { "x":74, "y":36 }, { "x":77, "y":33 }, { "x":77, "y":21 } ],
					[ { "x":39, "y":45 }, { "x":43, "y":48 }, { "x":56, "y":48 }, { "x":39, "y":43 } ],
					[ { "x":39, "y":43 }, { "x":56, "y":48 }, { "x":59, "y":45 }, { "x":25, "y":26 }, { "x":29, "y":34 } ],
					[ { "x":24, "y":31 }, { "x":29, "y":34 }, { "x":25, "y":26 } ],
					[ { "x":63, "y":41 }, { "x":74, "y":36 }, { "x":25, "y":26 } ]
				]
			}
		]
	}
}
