{
	"textures": [
		{
			"image": "/assets/sprites/furniture/plant_flowers_2.png",
			"format": "RGBA8888",
			"size": {
				"w": 29,
				"h": 37
			},
			"scale": 1,
			"frames": [
				{
					"filename": "stand_down_000",
					"rotated": false,
					"trimmed": false,
					"sourceSize": {
						"w": 27,
						"h": 35
					},
					"spriteSourceSize": {
						"x": 0,
						"y": 0,
						"w": 27,
						"h": 35
					},
					"frame": {
						"x": 1,
						"y": 1,
						"w": 27,
						"h": 35
					}
				},
				{
					"filename": "stand_left_000",
					"rotated": false,
					"trimmed": false,
					"sourceSize": {
						"w": 27,
						"h": 35
					},
					"spriteSourceSize": {
						"x": 0,
						"y": 0,
						"w": 27,
						"h": 35
					},
					"frame": {
						"x": 1,
						"y": 1,
						"w": 27,
						"h": 35
					}
				},
				{
					"filename": "stand_right_000",
					"rotated": false,
					"trimmed": false,
					"sourceSize": {
						"w": 27,
						"h": 35
					},
					"spriteSourceSize": {
						"x": 0,
						"y": 0,
						"w": 27,
						"h": 35
					},
					"frame": {
						"x": 1,
						"y": 1,
						"w": 27,
						"h": 35
					}
				},
				{
					"filename": "stand_up_000",
					"rotated": false,
					"trimmed": false,
					"sourceSize": {
						"w": 27,
						"h": 35
					},
					"spriteSourceSize": {
						"x": 0,
						"y": 0,
						"w": 27,
						"h": 35
					},
					"frame": {
						"x": 1,
						"y": 1,
						"w": 27,
						"h": 35
					}
				}
			]
		}
	],
	"meta": {
		"app": "https://www.codeandweb.com/texturepacker",
		"version": "3.0",
		"smartupdate": "$TexturePacker:SmartUpdate:d412106a5a4992b985a568f2d57f0f57:c74e58c88762511d0a954ed09256ddb5:f9676eeafafbd35e89b18d87fa28d04a$"
	}
}
