{
	"textures": [
		{
			"image": "/assets/sprites/treesBushesPlants/shroom4.png",
			"format": "RGBA8888",
			"size": {
				"w": 31,
				"h": 46
			},
			"scale": 1,
			"frames": [
				{
					"filename": "stand_down_000",
					"rotated": false,
					"trimmed": true,
					"sourceSize": {
						"w": 48,
						"h": 48
					},
					"spriteSourceSize": {
						"x": 9,
						"y": 2,
						"w": 29,
						"h": 44
					},
					"frame": {
						"x": 1,
						"y": 1,
						"w": 29,
						"h": 44
					}
				},
				{
					"filename": "stand_left_000",
					"rotated": false,
					"trimmed": true,
					"sourceSize": {
						"w": 48,
						"h": 48
					},
					"spriteSourceSize": {
						"x": 9,
						"y": 2,
						"w": 29,
						"h": 44
					},
					"frame": {
						"x": 1,
						"y": 1,
						"w": 29,
						"h": 44
					}
				},
				{
					"filename": "stand_right_000",
					"rotated": false,
					"trimmed": true,
					"sourceSize": {
						"w": 48,
						"h": 48
					},
					"spriteSourceSize": {
						"x": 9,
						"y": 2,
						"w": 29,
						"h": 44
					},
					"frame": {
						"x": 1,
						"y": 1,
						"w": 29,
						"h": 44
					}
				},
				{
					"filename": "stand_up_000",
					"rotated": false,
					"trimmed": true,
					"sourceSize": {
						"w": 48,
						"h": 48
					},
					"spriteSourceSize": {
						"x": 9,
						"y": 2,
						"w": 29,
						"h": 44
					},
					"frame": {
						"x": 1,
						"y": 1,
						"w": 29,
						"h": 44
					}
				}
			]
		}
	],
	"meta": {
		"app": "https://www.codeandweb.com/texturepacker",
		"version": "3.0",
		"smartupdate": "$TexturePacker:SmartUpdate:7af773b678fadd291216b10acea15314:59ab6808365dff0a246a2d155f34967b:e81901cd3940b780769731cecf551651$"
	}
}
