{
	"generator_info": "Shape definitions generated with PhysicsEditor. Visit https://www.codeandweb.com/physicseditor",
	"stand_down_000": {
		"type": "fromPhysicsEditor",
		"label": "stand_down_000",
		"isStatic": false,
		"density": 0.1,
		"restitution": 0,
		"friction": 0.1,
		"frictionAir": 0.01,
		"frictionStatic": 0.5,
		"collisionFilter": {
			"group": 0,
			"category": 1,
			"mask": 255
		},
		"fixtures": [
			{
				"label": "",
				"isSensor": false,
				"vertices": [
					[ { "x":30, "y":116 }, { "x":30, "y":118 }, { "x":36, "y":122 }, { "x":32, "y":116 } ],
					[ { "x":47, "y":127 }, { "x":51, "y":126 }, { "x":57, "y":103 }, { "x":47, "y":124 } ],
					[ { "x":29, "y":124 }, { "x":34, "y":124 }, { "x":36, "y":122 }, { "x":30, "y":118 }, { "x":28, "y":119 } ],
					[ { "x":37, "y":125 }, { "x":39, "y":124 }, { "x":35, "y":110 }, { "x":36, "y":122 } ],
					[ { "x":39, "y":127 }, { "x":44, "y":127 }, { "x":47, "y":124 }, { "x":39, "y":124 } ],
					[ { "x":57, "y":95 }, { "x":39, "y":95 }, { "x":37, "y":97 }, { "x":35, "y":110 }, { "x":47, "y":124 }, { "x":57, "y":103 } ],
					[ { "x":63, "y":129 }, { "x":66, "y":123 }, { "x":57, "y":103 }, { "x":51, "y":126 }, { "x":52, "y":129 } ],
					[ { "x":32, "y":116 }, { "x":36, "y":122 }, { "x":35, "y":110 } ],
					[ { "x":39, "y":124 }, { "x":47, "y":124 }, { "x":35, "y":110 } ]
				]
			}
		]
	},
	"stand_left_000": {
		"type": "fromPhysicsEditor",
		"label": "stand_left_000",
		"isStatic": false,
		"density": 0.10000000149011612,
		"restitution": 0,
		"friction": 0.10000000149011612,
		"frictionAir": 0.009999999776482582,
		"frictionStatic": 0.5,
		"collisionFilter": {
			"group": 0,
			"category": 1,
			"mask": 255
		},
		"fixtures": [
			{
				"label": "",
				"isSensor": false,
				"vertices": [
					[ { "x":30, "y":116 }, { "x":30, "y":118 }, { "x":36, "y":122 }, { "x":32, "y":116 } ],
					[ { "x":47, "y":127 }, { "x":51, "y":126 }, { "x":57, "y":103 }, { "x":47, "y":124 } ],
					[ { "x":29, "y":124 }, { "x":34, "y":124 }, { "x":36, "y":122 }, { "x":30, "y":118 }, { "x":28, "y":119 } ],
					[ { "x":37, "y":125 }, { "x":39, "y":124 }, { "x":35, "y":110 }, { "x":36, "y":122 } ],
					[ { "x":39, "y":127 }, { "x":44, "y":127 }, { "x":47, "y":124 }, { "x":39, "y":124 } ],
					[ { "x":57, "y":95 }, { "x":39, "y":95 }, { "x":37, "y":97 }, { "x":35, "y":110 }, { "x":47, "y":124 }, { "x":57, "y":103 } ],
					[ { "x":63, "y":129 }, { "x":66, "y":123 }, { "x":57, "y":103 }, { "x":51, "y":126 }, { "x":52, "y":129 } ],
					[ { "x":32, "y":116 }, { "x":36, "y":122 }, { "x":35, "y":110 } ],
					[ { "x":39, "y":124 }, { "x":47, "y":124 }, { "x":35, "y":110 } ]
				]
			}
		]
	},
	"stand_right_000": {
		"type": "fromPhysicsEditor",
		"label": "stand_right_000",
		"isStatic": false,
		"density": 0.10000000149011612,
		"restitution": 0,
		"friction": 0.10000000149011612,
		"frictionAir": 0.009999999776482582,
		"frictionStatic": 0.5,
		"collisionFilter": {
			"group": 0,
			"category": 1,
			"mask": 255
		},
		"fixtures": [
			{
				"label": "",
				"isSensor": false,
				"vertices": [
					[ { "x":30, "y":116 }, { "x":30, "y":118 }, { "x":36, "y":122 }, { "x":32, "y":116 } ],
					[ { "x":47, "y":127 }, { "x":51, "y":126 }, { "x":57, "y":103 }, { "x":47, "y":124 } ],
					[ { "x":29, "y":124 }, { "x":34, "y":124 }, { "x":36, "y":122 }, { "x":30, "y":118 }, { "x":28, "y":119 } ],
					[ { "x":37, "y":125 }, { "x":39, "y":124 }, { "x":35, "y":110 }, { "x":36, "y":122 } ],
					[ { "x":39, "y":127 }, { "x":44, "y":127 }, { "x":47, "y":124 }, { "x":39, "y":124 } ],
					[ { "x":57, "y":95 }, { "x":39, "y":95 }, { "x":37, "y":97 }, { "x":35, "y":110 }, { "x":47, "y":124 }, { "x":57, "y":103 } ],
					[ { "x":63, "y":129 }, { "x":66, "y":123 }, { "x":57, "y":103 }, { "x":51, "y":126 }, { "x":52, "y":129 } ],
					[ { "x":32, "y":116 }, { "x":36, "y":122 }, { "x":35, "y":110 } ],
					[ { "x":39, "y":124 }, { "x":47, "y":124 }, { "x":35, "y":110 } ]
				]
			}
		]
	},
	"stand_up_000": {
		"type": "fromPhysicsEditor",
		"label": "stand_up_000",
		"isStatic": false,
		"density": 0.10000000149011612,
		"restitution": 0,
		"friction": 0.10000000149011612,
		"frictionAir": 0.009999999776482582,
		"frictionStatic": 0.5,
		"collisionFilter": {
			"group": 0,
			"category": 1,
			"mask": 255
		},
		"fixtures": [
			{
				"label": "",
				"isSensor": false,
				"vertices": [
					[ { "x":30, "y":116 }, { "x":30, "y":118 }, { "x":36, "y":122 }, { "x":32, "y":116 } ],
					[ { "x":47, "y":127 }, { "x":51, "y":126 }, { "x":57, "y":103 }, { "x":47, "y":124 } ],
					[ { "x":29, "y":124 }, { "x":34, "y":124 }, { "x":36, "y":122 }, { "x":30, "y":118 }, { "x":28, "y":119 } ],
					[ { "x":37, "y":125 }, { "x":39, "y":124 }, { "x":35, "y":110 }, { "x":36, "y":122 } ],
					[ { "x":39, "y":127 }, { "x":44, "y":127 }, { "x":47, "y":124 }, { "x":39, "y":124 } ],
					[ { "x":57, "y":95 }, { "x":39, "y":95 }, { "x":37, "y":97 }, { "x":35, "y":110 }, { "x":47, "y":124 }, { "x":57, "y":103 } ],
					[ { "x":63, "y":129 }, { "x":66, "y":123 }, { "x":57, "y":103 }, { "x":51, "y":126 }, { "x":52, "y":129 } ],
					[ { "x":32, "y":116 }, { "x":36, "y":122 }, { "x":35, "y":110 } ],
					[ { "x":39, "y":124 }, { "x":47, "y":124 }, { "x":35, "y":110 } ]
				]
			}
		]
	}
}
