{
	"textures": [
		{
			"image": "/assets/sprites/treesBushesPlants/tree2c.png",
			"format": "RGBA8888",
			"size": {
				"w": 73,
				"h": 121
			},
			"scale": 1,
			"frames": [
				{
					"filename": "stand_down_000",
					"rotated": false,
					"trimmed": true,
					"sourceSize": {
						"w": 96,
						"h": 144
					},
					"spriteSourceSize": {
						"x": 12,
						"y": 11,
						"w": 71,
						"h": 119
					},
					"frame": {
						"x": 1,
						"y": 1,
						"w": 71,
						"h": 119
					}
				},
				{
					"filename": "stand_left_000",
					"rotated": false,
					"trimmed": true,
					"sourceSize": {
						"w": 96,
						"h": 144
					},
					"spriteSourceSize": {
						"x": 12,
						"y": 11,
						"w": 71,
						"h": 119
					},
					"frame": {
						"x": 1,
						"y": 1,
						"w": 71,
						"h": 119
					}
				},
				{
					"filename": "stand_right_000",
					"rotated": false,
					"trimmed": true,
					"sourceSize": {
						"w": 96,
						"h": 144
					},
					"spriteSourceSize": {
						"x": 12,
						"y": 11,
						"w": 71,
						"h": 119
					},
					"frame": {
						"x": 1,
						"y": 1,
						"w": 71,
						"h": 119
					}
				},
				{
					"filename": "stand_up_000",
					"rotated": false,
					"trimmed": true,
					"sourceSize": {
						"w": 96,
						"h": 144
					},
					"spriteSourceSize": {
						"x": 12,
						"y": 11,
						"w": 71,
						"h": 119
					},
					"frame": {
						"x": 1,
						"y": 1,
						"w": 71,
						"h": 119
					}
				}
			]
		}
	],
	"meta": {
		"app": "https://www.codeandweb.com/texturepacker",
		"version": "3.0",
		"smartupdate": "$TexturePacker:SmartUpdate:8bf497776b1a1f0237d020d57e14b1ed:0c0c6cfd0ec76f9b7b3bfd47ca6a1229:d56c174941074a498dd5d1051b6ddc3f$"
	}
}
