{
	"textures": [
		{
			"image": "/assets/sprites/treesBushesPlants/shroom5.png",
			"format": "RGBA8888",
			"size": {
				"w": 31,
				"h": 45
			},
			"scale": 1,
			"frames": [
				{
					"filename": "stand_down_000",
					"rotated": false,
					"trimmed": true,
					"sourceSize": {
						"w": 48,
						"h": 48
					},
					"spriteSourceSize": {
						"x": 9,
						"y": 2,
						"w": 29,
						"h": 43
					},
					"frame": {
						"x": 1,
						"y": 1,
						"w": 29,
						"h": 43
					}
				},
				{
					"filename": "stand_left_000",
					"rotated": false,
					"trimmed": true,
					"sourceSize": {
						"w": 48,
						"h": 48
					},
					"spriteSourceSize": {
						"x": 9,
						"y": 2,
						"w": 29,
						"h": 43
					},
					"frame": {
						"x": 1,
						"y": 1,
						"w": 29,
						"h": 43
					}
				},
				{
					"filename": "stand_right_000",
					"rotated": false,
					"trimmed": true,
					"sourceSize": {
						"w": 48,
						"h": 48
					},
					"spriteSourceSize": {
						"x": 9,
						"y": 2,
						"w": 29,
						"h": 43
					},
					"frame": {
						"x": 1,
						"y": 1,
						"w": 29,
						"h": 43
					}
				},
				{
					"filename": "stand_up_000",
					"rotated": false,
					"trimmed": true,
					"sourceSize": {
						"w": 48,
						"h": 48
					},
					"spriteSourceSize": {
						"x": 9,
						"y": 2,
						"w": 29,
						"h": 43
					},
					"frame": {
						"x": 1,
						"y": 1,
						"w": 29,
						"h": 43
					}
				}
			]
		}
	],
	"meta": {
		"app": "https://www.codeandweb.com/texturepacker",
		"version": "3.0",
		"smartupdate": "$TexturePacker:SmartUpdate:b2ee859f7d576f0e3dce3421546711dd:4cb07a6cea2032fee24d79c2997367c2:6c5263fe467e56fb9986feb0804aa00f$"
	}
}
