{
	"generator_info": "Shape definitions generated with PhysicsEditor. Visit https://www.codeandweb.com/physicseditor",
	"stand_down_000": {
		"type": "fromPhysicsEditor",
		"label": "stand_down_000",
		"isStatic": false,
		"density": 0.1,
		"restitution": 0,
		"friction": 0.1,
		"frictionAir": 0.01,
		"frictionStatic": 0.5,
		"collisionFilter": {
			"group": 0,
			"category": 1,
			"mask": 255
		},
		"fixtures": [
			{
				"label": "",
				"isSensor": false,
				"vertices": [
					[ { "x":21, "y":21 }, { "x":20, "y":29 }, { "x":22, "y":31 }, { "x":27, "y":32 }, { "x":26, "y":20 } ],
					[ { "x":28, "y":40 }, { "x":43, "y":43 }, { "x":46, "y":40 }, { "x":26, "y":17 }, { "x":26, "y":20 }, { "x":27, "y":32 } ],
					[ { "x":66, "y":40 }, { "x":69, "y":33 }, { "x":46, "y":40 } ],
					[ { "x":76, "y":22 }, { "x":76, "y":17 }, { "x":26, "y":17 }, { "x":46, "y":40 }, { "x":72, "y":27 } ],
					[ { "x":71, "y":32 }, { "x":72, "y":27 }, { "x":46, "y":40 }, { "x":69, "y":33 } ]
				]
			}
		]
	},
	"stand_left_000": {
		"type": "fromPhysicsEditor",
		"label": "stand_left_000",
		"isStatic": false,
		"density": 0.10000000149011612,
		"restitution": 0,
		"friction": 0.10000000149011612,
		"frictionAir": 0.009999999776482582,
		"frictionStatic": 0.5,
		"collisionFilter": {
			"group": 0,
			"category": 1,
			"mask": 255
		},
		"fixtures": [
			{
				"label": "",
				"isSensor": false,
				"vertices": [
					[ { "x":21, "y":21 }, { "x":20, "y":29 }, { "x":22, "y":31 }, { "x":27, "y":32 }, { "x":26, "y":20 } ],
					[ { "x":28, "y":40 }, { "x":43, "y":43 }, { "x":46, "y":40 }, { "x":26, "y":17 }, { "x":26, "y":20 }, { "x":27, "y":32 } ],
					[ { "x":66, "y":40 }, { "x":69, "y":33 }, { "x":46, "y":40 } ],
					[ { "x":76, "y":22 }, { "x":76, "y":17 }, { "x":26, "y":17 }, { "x":46, "y":40 }, { "x":72, "y":27 } ],
					[ { "x":71, "y":32 }, { "x":72, "y":27 }, { "x":46, "y":40 }, { "x":69, "y":33 } ]
				]
			}
		]
	},
	"stand_right_000": {
		"type": "fromPhysicsEditor",
		"label": "stand_right_000",
		"isStatic": false,
		"density": 0.10000000149011612,
		"restitution": 0,
		"friction": 0.10000000149011612,
		"frictionAir": 0.009999999776482582,
		"frictionStatic": 0.5,
		"collisionFilter": {
			"group": 0,
			"category": 1,
			"mask": 255
		},
		"fixtures": [
			{
				"label": "",
				"isSensor": false,
				"vertices": [
					[ { "x":21, "y":21 }, { "x":20, "y":29 }, { "x":22, "y":31 }, { "x":27, "y":32 }, { "x":26, "y":20 } ],
					[ { "x":28, "y":40 }, { "x":43, "y":43 }, { "x":46, "y":40 }, { "x":26, "y":17 }, { "x":26, "y":20 }, { "x":27, "y":32 } ],
					[ { "x":66, "y":40 }, { "x":69, "y":33 }, { "x":46, "y":40 } ],
					[ { "x":76, "y":22 }, { "x":76, "y":17 }, { "x":26, "y":17 }, { "x":46, "y":40 }, { "x":72, "y":27 } ],
					[ { "x":71, "y":32 }, { "x":72, "y":27 }, { "x":46, "y":40 }, { "x":69, "y":33 } ]
				]
			}
		]
	},
	"stand_up_000": {
		"type": "fromPhysicsEditor",
		"label": "stand_up_000",
		"isStatic": false,
		"density": 0.10000000149011612,
		"restitution": 0,
		"friction": 0.10000000149011612,
		"frictionAir": 0.009999999776482582,
		"frictionStatic": 0.5,
		"collisionFilter": {
			"group": 0,
			"category": 1,
			"mask": 255
		},
		"fixtures": [
			{
				"label": "",
				"isSensor": false,
				"vertices": [
					[ { "x":21, "y":21 }, { "x":20, "y":29 }, { "x":22, "y":31 }, { "x":27, "y":32 }, { "x":26, "y":20 } ],
					[ { "x":28, "y":40 }, { "x":43, "y":43 }, { "x":46, "y":40 }, { "x":26, "y":17 }, { "x":26, "y":20 }, { "x":27, "y":32 } ],
					[ { "x":66, "y":40 }, { "x":69, "y":33 }, { "x":46, "y":40 } ],
					[ { "x":76, "y":22 }, { "x":76, "y":17 }, { "x":26, "y":17 }, { "x":46, "y":40 }, { "x":72, "y":27 } ],
					[ { "x":71, "y":32 }, { "x":72, "y":27 }, { "x":46, "y":40 }, { "x":69, "y":33 } ]
				]
			}
		]
	}
}
