{
	"textures": [
		{
			"image": "/assets/sprites/treesBushesPlants/rocks13.png",
			"format": "RGBA8888",
			"size": {
				"w": 60,
				"h": 43
			},
			"scale": 1,
			"frames": [
				{
					"filename": "stand_down_000",
					"rotated": false,
					"trimmed": true,
					"sourceSize": {
						"w": 96,
						"h": 48
					},
					"spriteSourceSize": {
						"x": 19,
						"y": 3,
						"w": 58,
						"h": 41
					},
					"frame": {
						"x": 1,
						"y": 1,
						"w": 58,
						"h": 41
					}
				},
				{
					"filename": "stand_left_000",
					"rotated": false,
					"trimmed": true,
					"sourceSize": {
						"w": 96,
						"h": 48
					},
					"spriteSourceSize": {
						"x": 19,
						"y": 3,
						"w": 58,
						"h": 41
					},
					"frame": {
						"x": 1,
						"y": 1,
						"w": 58,
						"h": 41
					}
				},
				{
					"filename": "stand_right_000",
					"rotated": false,
					"trimmed": true,
					"sourceSize": {
						"w": 96,
						"h": 48
					},
					"spriteSourceSize": {
						"x": 19,
						"y": 3,
						"w": 58,
						"h": 41
					},
					"frame": {
						"x": 1,
						"y": 1,
						"w": 58,
						"h": 41
					}
				},
				{
					"filename": "stand_up_000",
					"rotated": false,
					"trimmed": true,
					"sourceSize": {
						"w": 96,
						"h": 48
					},
					"spriteSourceSize": {
						"x": 19,
						"y": 3,
						"w": 58,
						"h": 41
					},
					"frame": {
						"x": 1,
						"y": 1,
						"w": 58,
						"h": 41
					}
				}
			]
		}
	],
	"meta": {
		"app": "https://www.codeandweb.com/texturepacker",
		"version": "3.0",
		"smartupdate": "$TexturePacker:SmartUpdate:b3d8c987b86b6d02b062667d53decb1b:d1c3bad7aee7d670da01d333e032d714:aeda1fc777c68daaa4f63b4cb2c5ac68$"
	}
}
