{
	"generator_info": "Shape definitions generated with PhysicsEditor. Visit https://www.codeandweb.com/physicseditor",
	"stand_down_000": {
		"type": "fromPhysicsEditor",
		"label": "stand_down_000",
		"isStatic": false,
		"density": 0.1,
		"restitution": 0,
		"friction": 0.1,
		"frictionAir": 0.01,
		"frictionStatic": 0.5,
		"collisionFilter": {
			"group": 0,
			"category": 1,
			"mask": 255
		},
		"fixtures": [
			{
				"label": "",
				"isSensor": false,
				"vertices": [
					[ { "x":29, "y":40 }, { "x":34, "y":40 }, { "x":58, "y":39 }, { "x":69, "y":33 }, { "x":70, "y":19 }, { "x":27, "y":35 } ],
					[ { "x":76, "y":23 }, { "x":70, "y":19 }, { "x":69, "y":33 }, { "x":73, "y":33 }, { "x":76, "y":30 } ],
					[ { "x":67, "y":41 }, { "x":69, "y":33 }, { "x":61, "y":39 }, { "x":62, "y":41 } ],
					[ { "x":19, "y":28 }, { "x":27, "y":35 }, { "x":70, "y":19 }, { "x":23, "y":19 }, { "x":20, "y":22 } ],
					[ { "x":56, "y":43 }, { "x":58, "y":39 }, { "x":34, "y":40 }, { "x":34, "y":42 }, { "x":38, "y":45 }, { "x":50, "y":46 } ],
					[ { "x":61, "y":39 }, { "x":69, "y":33 }, { "x":58, "y":39 } ]
				]
			}
		]
	},
	"stand_left_000": {
		"type": "fromPhysicsEditor",
		"label": "stand_left_000",
		"isStatic": false,
		"density": 0.10000000149011612,
		"restitution": 0,
		"friction": 0.10000000149011612,
		"frictionAir": 0.009999999776482582,
		"frictionStatic": 0.5,
		"collisionFilter": {
			"group": 0,
			"category": 1,
			"mask": 255
		},
		"fixtures": [
			{
				"label": "",
				"isSensor": false,
				"vertices": [
					[ { "x":29, "y":40 }, { "x":34, "y":40 }, { "x":58, "y":39 }, { "x":69, "y":33 }, { "x":70, "y":19 }, { "x":27, "y":35 } ],
					[ { "x":76, "y":23 }, { "x":70, "y":19 }, { "x":69, "y":33 }, { "x":73, "y":33 }, { "x":76, "y":30 } ],
					[ { "x":67, "y":41 }, { "x":69, "y":33 }, { "x":61, "y":39 }, { "x":62, "y":41 } ],
					[ { "x":19, "y":28 }, { "x":27, "y":35 }, { "x":70, "y":19 }, { "x":23, "y":19 }, { "x":20, "y":22 } ],
					[ { "x":56, "y":43 }, { "x":58, "y":39 }, { "x":34, "y":40 }, { "x":34, "y":42 }, { "x":38, "y":45 }, { "x":50, "y":46 } ],
					[ { "x":61, "y":39 }, { "x":69, "y":33 }, { "x":58, "y":39 } ]
				]
			}
		]
	},
	"stand_right_000": {
		"type": "fromPhysicsEditor",
		"label": "stand_right_000",
		"isStatic": false,
		"density": 0.10000000149011612,
		"restitution": 0,
		"friction": 0.10000000149011612,
		"frictionAir": 0.009999999776482582,
		"frictionStatic": 0.5,
		"collisionFilter": {
			"group": 0,
			"category": 1,
			"mask": 255
		},
		"fixtures": [
			{
				"label": "",
				"isSensor": false,
				"vertices": [
					[ { "x":29, "y":40 }, { "x":34, "y":40 }, { "x":58, "y":39 }, { "x":69, "y":33 }, { "x":70, "y":19 }, { "x":27, "y":35 } ],
					[ { "x":76, "y":23 }, { "x":70, "y":19 }, { "x":69, "y":33 }, { "x":73, "y":33 }, { "x":76, "y":30 } ],
					[ { "x":67, "y":41 }, { "x":69, "y":33 }, { "x":61, "y":39 }, { "x":62, "y":41 } ],
					[ { "x":19, "y":28 }, { "x":27, "y":35 }, { "x":70, "y":19 }, { "x":23, "y":19 }, { "x":20, "y":22 } ],
					[ { "x":56, "y":43 }, { "x":58, "y":39 }, { "x":34, "y":40 }, { "x":34, "y":42 }, { "x":38, "y":45 }, { "x":50, "y":46 } ],
					[ { "x":61, "y":39 }, { "x":69, "y":33 }, { "x":58, "y":39 } ]
				]
			}
		]
	},
	"stand_up_000": {
		"type": "fromPhysicsEditor",
		"label": "stand_up_000",
		"isStatic": false,
		"density": 0.10000000149011612,
		"restitution": 0,
		"friction": 0.10000000149011612,
		"frictionAir": 0.009999999776482582,
		"frictionStatic": 0.5,
		"collisionFilter": {
			"group": 0,
			"category": 1,
			"mask": 255
		},
		"fixtures": [
			{
				"label": "",
				"isSensor": false,
				"vertices": [
					[ { "x":29, "y":40 }, { "x":34, "y":40 }, { "x":58, "y":39 }, { "x":69, "y":33 }, { "x":70, "y":19 }, { "x":27, "y":35 } ],
					[ { "x":76, "y":23 }, { "x":70, "y":19 }, { "x":69, "y":33 }, { "x":73, "y":33 }, { "x":76, "y":30 } ],
					[ { "x":67, "y":41 }, { "x":69, "y":33 }, { "x":61, "y":39 }, { "x":62, "y":41 } ],
					[ { "x":19, "y":28 }, { "x":27, "y":35 }, { "x":70, "y":19 }, { "x":23, "y":19 }, { "x":20, "y":22 } ],
					[ { "x":56, "y":43 }, { "x":58, "y":39 }, { "x":34, "y":40 }, { "x":34, "y":42 }, { "x":38, "y":45 }, { "x":50, "y":46 } ],
					[ { "x":61, "y":39 }, { "x":69, "y":33 }, { "x":58, "y":39 } ]
				]
			}
		]
	}
}
