{
	"textures": [
		{
			"image": "/assets/sprites/treesBushesPlants/rocks21.png",
			"format": "RGBA8888",
			"size": {
				"w": 61,
				"h": 48
			},
			"scale": 1,
			"frames": [
				{
					"filename": "stand_down_000",
					"rotated": false,
					"trimmed": true,
					"sourceSize": {
						"w": 96,
						"h": 48
					},
					"spriteSourceSize": {
						"x": 18,
						"y": 1,
						"w": 59,
						"h": 46
					},
					"frame": {
						"x": 1,
						"y": 1,
						"w": 59,
						"h": 46
					}
				},
				{
					"filename": "stand_left_000",
					"rotated": false,
					"trimmed": true,
					"sourceSize": {
						"w": 96,
						"h": 48
					},
					"spriteSourceSize": {
						"x": 18,
						"y": 1,
						"w": 59,
						"h": 46
					},
					"frame": {
						"x": 1,
						"y": 1,
						"w": 59,
						"h": 46
					}
				},
				{
					"filename": "stand_right_000",
					"rotated": false,
					"trimmed": true,
					"sourceSize": {
						"w": 96,
						"h": 48
					},
					"spriteSourceSize": {
						"x": 18,
						"y": 1,
						"w": 59,
						"h": 46
					},
					"frame": {
						"x": 1,
						"y": 1,
						"w": 59,
						"h": 46
					}
				},
				{
					"filename": "stand_up_000",
					"rotated": false,
					"trimmed": true,
					"sourceSize": {
						"w": 96,
						"h": 48
					},
					"spriteSourceSize": {
						"x": 18,
						"y": 1,
						"w": 59,
						"h": 46
					},
					"frame": {
						"x": 1,
						"y": 1,
						"w": 59,
						"h": 46
					}
				}
			]
		}
	],
	"meta": {
		"app": "https://www.codeandweb.com/texturepacker",
		"version": "3.0",
		"smartupdate": "$TexturePacker:SmartUpdate:a5c6c1a954fa4c3e17eee1b57d203321:b64aa75ddefb237c7862066dccc295f6:97c94aca558de864ed42b3fd40f223e1$"
	}
}
