{
	"generator_info": "Shape definitions generated with PhysicsEditor. Visit https://www.codeandweb.com/physicseditor",
	"stand_down_000": {
		"type": "fromPhysicsEditor",
		"label": "stand_down_000",
		"isStatic": false,
		"density": 0.1,
		"restitution": 0,
		"friction": 0.1,
		"frictionAir": 0.01,
		"frictionStatic": 0.5,
		"collisionFilter": {
			"group": 0,
			"category": 1,
			"mask": 255
		},
		"fixtures": [
			{
				"label": "",
				"isSensor": false,
				"vertices": [
					[ { "x":87, "y":58 }, { "x":87, "y":48 }, { "x":78, "y":58 } ],
					[ { "x":14, "y":78 }, { "x":17, "y":80 }, { "x":20, "y":79 }, { "x":17, "y":76 }, { "x":15, "y":76 } ],
					[ { "x":8, "y":65 }, { "x":7, "y":67 }, { "x":16, "y":70 }, { "x":10, "y":65 } ],
					[ { "x":76, "y":66 }, { "x":78, "y":58 }, { "x":70, "y":64 }, { "x":71, "y":66 } ],
					[ { "x":32, "y":82 }, { "x":35, "y":79 }, { "x":16, "y":70 }, { "x":29, "y":81 } ],
					[ { "x":4, "y":51 }, { "x":4, "y":55 }, { "x":11, "y":60 }, { "x":7, "y":49 } ],
					[ { "x":7, "y":44 }, { "x":7, "y":49 }, { "x":11, "y":60 }, { "x":16, "y":70 }, { "x":67, "y":64 }, { "x":78, "y":58 }, { "x":88, "y":41 }, { "x":11, "y":41 } ],
					[ { "x":91, "y":43 }, { "x":88, "y":41 }, { "x":87, "y":48 }, { "x":91, "y":46 } ],
					[ { "x":65, "y":68 }, { "x":67, "y":64 }, { "x":16, "y":70 }, { "x":61, "y":69 } ],
					[ { "x":10, "y":65 }, { "x":16, "y":70 }, { "x":11, "y":60 } ],
					[ { "x":17, "y":76 }, { "x":20, "y":79 }, { "x":28, "y":83 }, { "x":29, "y":81 }, { "x":16, "y":70 } ],
					[ { "x":56, "y":78 }, { "x":58, "y":72 }, { "x":16, "y":70 }, { "x":35, "y":79 }, { "x":53, "y":80 } ],
					[ { "x":87, "y":48 }, { "x":88, "y":41 }, { "x":78, "y":58 } ],
					[ { "x":70, "y":64 }, { "x":78, "y":58 }, { "x":67, "y":64 } ],
					[ { "x":58, "y":72 }, { "x":61, "y":69 }, { "x":16, "y":70 } ]
				]
			}
		]
	},
	"stand_left_000": {
		"type": "fromPhysicsEditor",
		"label": "stand_left_000",
		"isStatic": false,
		"density": 0.10000000149011612,
		"restitution": 0,
		"friction": 0.10000000149011612,
		"frictionAir": 0.009999999776482582,
		"frictionStatic": 0.5,
		"collisionFilter": {
			"group": 0,
			"category": 1,
			"mask": 255
		},
		"fixtures": [
			{
				"label": "",
				"isSensor": false,
				"vertices": [
					[ { "x":87, "y":58 }, { "x":87, "y":48 }, { "x":78, "y":58 } ],
					[ { "x":14, "y":78 }, { "x":17, "y":80 }, { "x":20, "y":79 }, { "x":17, "y":76 }, { "x":15, "y":76 } ],
					[ { "x":8, "y":65 }, { "x":7, "y":67 }, { "x":16, "y":70 }, { "x":10, "y":65 } ],
					[ { "x":76, "y":66 }, { "x":78, "y":58 }, { "x":70, "y":64 }, { "x":71, "y":66 } ],
					[ { "x":32, "y":82 }, { "x":35, "y":79 }, { "x":16, "y":70 }, { "x":29, "y":81 } ],
					[ { "x":4, "y":51 }, { "x":4, "y":55 }, { "x":11, "y":60 }, { "x":7, "y":49 } ],
					[ { "x":7, "y":44 }, { "x":7, "y":49 }, { "x":11, "y":60 }, { "x":16, "y":70 }, { "x":67, "y":64 }, { "x":78, "y":58 }, { "x":88, "y":41 }, { "x":11, "y":41 } ],
					[ { "x":91, "y":43 }, { "x":88, "y":41 }, { "x":87, "y":48 }, { "x":91, "y":46 } ],
					[ { "x":65, "y":68 }, { "x":67, "y":64 }, { "x":16, "y":70 }, { "x":61, "y":69 } ],
					[ { "x":10, "y":65 }, { "x":16, "y":70 }, { "x":11, "y":60 } ],
					[ { "x":17, "y":76 }, { "x":20, "y":79 }, { "x":28, "y":83 }, { "x":29, "y":81 }, { "x":16, "y":70 } ],
					[ { "x":56, "y":78 }, { "x":58, "y":72 }, { "x":16, "y":70 }, { "x":35, "y":79 }, { "x":53, "y":80 } ],
					[ { "x":87, "y":48 }, { "x":88, "y":41 }, { "x":78, "y":58 } ],
					[ { "x":70, "y":64 }, { "x":78, "y":58 }, { "x":67, "y":64 } ],
					[ { "x":58, "y":72 }, { "x":61, "y":69 }, { "x":16, "y":70 } ]
				]
			}
		]
	},
	"stand_right_000": {
		"type": "fromPhysicsEditor",
		"label": "stand_right_000",
		"isStatic": false,
		"density": 0.10000000149011612,
		"restitution": 0,
		"friction": 0.10000000149011612,
		"frictionAir": 0.009999999776482582,
		"frictionStatic": 0.5,
		"collisionFilter": {
			"group": 0,
			"category": 1,
			"mask": 255
		},
		"fixtures": [
			{
				"label": "",
				"isSensor": false,
				"vertices": [
					[ { "x":87, "y":58 }, { "x":87, "y":48 }, { "x":78, "y":58 } ],
					[ { "x":14, "y":78 }, { "x":17, "y":80 }, { "x":20, "y":79 }, { "x":17, "y":76 }, { "x":15, "y":76 } ],
					[ { "x":8, "y":65 }, { "x":7, "y":67 }, { "x":16, "y":70 }, { "x":10, "y":65 } ],
					[ { "x":76, "y":66 }, { "x":78, "y":58 }, { "x":70, "y":64 }, { "x":71, "y":66 } ],
					[ { "x":32, "y":82 }, { "x":35, "y":79 }, { "x":16, "y":70 }, { "x":29, "y":81 } ],
					[ { "x":4, "y":51 }, { "x":4, "y":55 }, { "x":11, "y":60 }, { "x":7, "y":49 } ],
					[ { "x":7, "y":44 }, { "x":7, "y":49 }, { "x":11, "y":60 }, { "x":16, "y":70 }, { "x":67, "y":64 }, { "x":78, "y":58 }, { "x":88, "y":41 }, { "x":11, "y":41 } ],
					[ { "x":91, "y":43 }, { "x":88, "y":41 }, { "x":87, "y":48 }, { "x":91, "y":46 } ],
					[ { "x":65, "y":68 }, { "x":67, "y":64 }, { "x":16, "y":70 }, { "x":61, "y":69 } ],
					[ { "x":10, "y":65 }, { "x":16, "y":70 }, { "x":11, "y":60 } ],
					[ { "x":17, "y":76 }, { "x":20, "y":79 }, { "x":28, "y":83 }, { "x":29, "y":81 }, { "x":16, "y":70 } ],
					[ { "x":56, "y":78 }, { "x":58, "y":72 }, { "x":16, "y":70 }, { "x":35, "y":79 }, { "x":53, "y":80 } ],
					[ { "x":87, "y":48 }, { "x":88, "y":41 }, { "x":78, "y":58 } ],
					[ { "x":70, "y":64 }, { "x":78, "y":58 }, { "x":67, "y":64 } ],
					[ { "x":58, "y":72 }, { "x":61, "y":69 }, { "x":16, "y":70 } ]
				]
			}
		]
	},
	"stand_up_000": {
		"type": "fromPhysicsEditor",
		"label": "stand_up_000",
		"isStatic": false,
		"density": 0.10000000149011612,
		"restitution": 0,
		"friction": 0.10000000149011612,
		"frictionAir": 0.009999999776482582,
		"frictionStatic": 0.5,
		"collisionFilter": {
			"group": 0,
			"category": 1,
			"mask": 255
		},
		"fixtures": [
			{
				"label": "",
				"isSensor": false,
				"vertices": [
					[ { "x":87, "y":58 }, { "x":87, "y":48 }, { "x":78, "y":58 } ],
					[ { "x":14, "y":78 }, { "x":17, "y":80 }, { "x":20, "y":79 }, { "x":17, "y":76 }, { "x":15, "y":76 } ],
					[ { "x":8, "y":65 }, { "x":7, "y":67 }, { "x":16, "y":70 }, { "x":10, "y":65 } ],
					[ { "x":76, "y":66 }, { "x":78, "y":58 }, { "x":70, "y":64 }, { "x":71, "y":66 } ],
					[ { "x":32, "y":82 }, { "x":35, "y":79 }, { "x":16, "y":70 }, { "x":29, "y":81 } ],
					[ { "x":4, "y":51 }, { "x":4, "y":55 }, { "x":11, "y":60 }, { "x":7, "y":49 } ],
					[ { "x":7, "y":44 }, { "x":7, "y":49 }, { "x":11, "y":60 }, { "x":16, "y":70 }, { "x":67, "y":64 }, { "x":78, "y":58 }, { "x":88, "y":41 }, { "x":11, "y":41 } ],
					[ { "x":91, "y":43 }, { "x":88, "y":41 }, { "x":87, "y":48 }, { "x":91, "y":46 } ],
					[ { "x":65, "y":68 }, { "x":67, "y":64 }, { "x":16, "y":70 }, { "x":61, "y":69 } ],
					[ { "x":10, "y":65 }, { "x":16, "y":70 }, { "x":11, "y":60 } ],
					[ { "x":17, "y":76 }, { "x":20, "y":79 }, { "x":28, "y":83 }, { "x":29, "y":81 }, { "x":16, "y":70 } ],
					[ { "x":56, "y":78 }, { "x":58, "y":72 }, { "x":16, "y":70 }, { "x":35, "y":79 }, { "x":53, "y":80 } ],
					[ { "x":87, "y":48 }, { "x":88, "y":41 }, { "x":78, "y":58 } ],
					[ { "x":70, "y":64 }, { "x":78, "y":58 }, { "x":67, "y":64 } ],
					[ { "x":58, "y":72 }, { "x":61, "y":69 }, { "x":16, "y":70 } ]
				]
			}
		]
	}
}
