{
	"textures": [
		{
			"image": "/assets/sprites/treesBushesPlants/rocks22.png",
			"format": "RGBA8888",
			"size": {
				"w": 91,
				"h": 74
			},
			"scale": 1,
			"frames": [
				{
					"filename": "stand_down_000",
					"rotated": false,
					"trimmed": true,
					"sourceSize": {
						"w": 96,
						"h": 96
					},
					"spriteSourceSize": {
						"x": 3,
						"y": 12,
						"w": 89,
						"h": 72
					},
					"frame": {
						"x": 1,
						"y": 1,
						"w": 89,
						"h": 72
					}
				},
				{
					"filename": "stand_left_000",
					"rotated": false,
					"trimmed": true,
					"sourceSize": {
						"w": 96,
						"h": 96
					},
					"spriteSourceSize": {
						"x": 3,
						"y": 12,
						"w": 89,
						"h": 72
					},
					"frame": {
						"x": 1,
						"y": 1,
						"w": 89,
						"h": 72
					}
				},
				{
					"filename": "stand_right_000",
					"rotated": false,
					"trimmed": true,
					"sourceSize": {
						"w": 96,
						"h": 96
					},
					"spriteSourceSize": {
						"x": 3,
						"y": 12,
						"w": 89,
						"h": 72
					},
					"frame": {
						"x": 1,
						"y": 1,
						"w": 89,
						"h": 72
					}
				},
				{
					"filename": "stand_up_000",
					"rotated": false,
					"trimmed": true,
					"sourceSize": {
						"w": 96,
						"h": 96
					},
					"spriteSourceSize": {
						"x": 3,
						"y": 12,
						"w": 89,
						"h": 72
					},
					"frame": {
						"x": 1,
						"y": 1,
						"w": 89,
						"h": 72
					}
				}
			]
		}
	],
	"meta": {
		"app": "https://www.codeandweb.com/texturepacker",
		"version": "3.0",
		"smartupdate": "$TexturePacker:SmartUpdate:4181eaea0650a453fb6767ac6ee69587:b00bba978a63fa5ef92534b4dff74407:4a070bec56505b40ce90bc85b8096d48$"
	}
}
