{
	"generator_info": "Shape definitions generated with PhysicsEditor. Visit https://www.codeandweb.com/physicseditor",
	"stand_down_000": {
		"type": "fromPhysicsEditor",
		"label": "stand_down_000",
		"isStatic": false,
		"density": 0.10000000149011612,
		"restitution": 0,
		"friction": 0.10000000149011612,
		"frictionAir": 0.009999999776482582,
		"frictionStatic": 0.5,
		"collisionFilter": {
			"group": 0,
			"category": 1,
			"mask": 255
		},
		"fixtures": [
			{
				"label": "",
				"isSensor": false,
				"vertices": [
					[ { "x":19, "y":56 }, { "x":19, "y":58 }, { "x":25, "y":61 }, { "x":75, "y":63 }, { "x":80, "y":56 }, { "x":21, "y":55 } ],
					[ { "x":75, "y":74 }, { "x":75, "y":63 }, { "x":25, "y":63 }, { "x":22, "y":66 }, { "x":31, "y":80 }, { "x":43, "y":83 }, { "x":55, "y":83 }, { "x":67, "y":80 } ],
					[ { "x":23, "y":74 }, { "x":31, "y":80 }, { "x":22, "y":66 } ],
					[ { "x":25, "y":61 }, { "x":25, "y":63 }, { "x":75, "y":63 } ]
				]
			}
		]
	},
	"stand_left_000": {
		"type": "fromPhysicsEditor",
		"label": "stand_left_000",
		"isStatic": false,
		"density": 0.10000000149011612,
		"restitution": 0,
		"friction": 0.10000000149011612,
		"frictionAir": 0.009999999776482582,
		"frictionStatic": 0.5,
		"collisionFilter": {
			"group": 0,
			"category": 1,
			"mask": 255
		},
		"fixtures": [
			{
				"label": "",
				"isSensor": false,
				"vertices": [
					[ { "x":19, "y":56 }, { "x":19, "y":58 }, { "x":25, "y":61 }, { "x":75, "y":63 }, { "x":80, "y":56 }, { "x":21, "y":55 } ],
					[ { "x":75, "y":74 }, { "x":75, "y":63 }, { "x":25, "y":63 }, { "x":22, "y":66 }, { "x":31, "y":80 }, { "x":43, "y":83 }, { "x":55, "y":83 }, { "x":67, "y":80 } ],
					[ { "x":23, "y":74 }, { "x":31, "y":80 }, { "x":22, "y":66 } ],
					[ { "x":25, "y":61 }, { "x":25, "y":63 }, { "x":75, "y":63 } ]
				]
			}
		]
	},
	"stand_right_000": {
		"type": "fromPhysicsEditor",
		"label": "stand_right_000",
		"isStatic": false,
		"density": 0.10000000149011612,
		"restitution": 0,
		"friction": 0.10000000149011612,
		"frictionAir": 0.009999999776482582,
		"frictionStatic": 0.5,
		"collisionFilter": {
			"group": 0,
			"category": 1,
			"mask": 255
		},
		"fixtures": [
			{
				"label": "",
				"isSensor": false,
				"vertices": [
					[ { "x":19, "y":56 }, { "x":19, "y":58 }, { "x":25, "y":61 }, { "x":75, "y":63 }, { "x":80, "y":56 }, { "x":21, "y":55 } ],
					[ { "x":75, "y":74 }, { "x":75, "y":63 }, { "x":25, "y":63 }, { "x":22, "y":66 }, { "x":31, "y":80 }, { "x":43, "y":83 }, { "x":55, "y":83 }, { "x":67, "y":80 } ],
					[ { "x":23, "y":74 }, { "x":31, "y":80 }, { "x":22, "y":66 } ],
					[ { "x":25, "y":61 }, { "x":25, "y":63 }, { "x":75, "y":63 } ]
				]
			}
		]
	},
	"stand_up_000": {
		"type": "fromPhysicsEditor",
		"label": "stand_up_000",
		"isStatic": false,
		"density": 0.10000000149011612,
		"restitution": 0,
		"friction": 0.10000000149011612,
		"frictionAir": 0.009999999776482582,
		"frictionStatic": 0.5,
		"collisionFilter": {
			"group": 0,
			"category": 1,
			"mask": 255
		},
		"fixtures": [
			{
				"label": "",
				"isSensor": false,
				"vertices": [
					[ { "x":19, "y":56 }, { "x":19, "y":58 }, { "x":25, "y":61 }, { "x":75, "y":63 }, { "x":80, "y":56 }, { "x":21, "y":55 } ],
					[ { "x":75, "y":74 }, { "x":75, "y":63 }, { "x":25, "y":63 }, { "x":22, "y":66 }, { "x":31, "y":80 }, { "x":43, "y":83 }, { "x":55, "y":83 }, { "x":67, "y":80 } ],
					[ { "x":23, "y":74 }, { "x":31, "y":80 }, { "x":22, "y":66 } ],
					[ { "x":25, "y":61 }, { "x":25, "y":63 }, { "x":75, "y":63 } ]
				]
			}
		]
	}
}
