{
	"textures": [
		{
			"image": "/assets/sprites/treesBushesPlants/bush5.png",
			"format": "RGBA8888",
			"size": {
				"w": 68,
				"h": 71
			},
			"scale": 1,
			"frames": [
				{
					"filename": "stand_down_000",
					"rotated": false,
					"trimmed": true,
					"sourceSize": {
						"w": 96,
						"h": 96
					},
					"spriteSourceSize": {
						"x": 18,
						"y": 15,
						"w": 66,
						"h": 69
					},
					"frame": {
						"x": 1,
						"y": 1,
						"w": 66,
						"h": 69
					}
				},
				{
					"filename": "stand_left_000",
					"rotated": false,
					"trimmed": true,
					"sourceSize": {
						"w": 96,
						"h": 96
					},
					"spriteSourceSize": {
						"x": 18,
						"y": 15,
						"w": 66,
						"h": 69
					},
					"frame": {
						"x": 1,
						"y": 1,
						"w": 66,
						"h": 69
					}
				},
				{
					"filename": "stand_right_000",
					"rotated": false,
					"trimmed": true,
					"sourceSize": {
						"w": 96,
						"h": 96
					},
					"spriteSourceSize": {
						"x": 18,
						"y": 15,
						"w": 66,
						"h": 69
					},
					"frame": {
						"x": 1,
						"y": 1,
						"w": 66,
						"h": 69
					}
				},
				{
					"filename": "stand_up_000",
					"rotated": false,
					"trimmed": true,
					"sourceSize": {
						"w": 96,
						"h": 96
					},
					"spriteSourceSize": {
						"x": 18,
						"y": 15,
						"w": 66,
						"h": 69
					},
					"frame": {
						"x": 1,
						"y": 1,
						"w": 66,
						"h": 69
					}
				}
			]
		}
	],
	"meta": {
		"app": "https://www.codeandweb.com/texturepacker",
		"version": "3.0",
		"smartupdate": "$TexturePacker:SmartUpdate:805bf1984f489d99a2559ba83d6eb59b:8db46523413b2e8d17f8277ca68acc21:a3f23d789ea55d62ffa0b82006990917$"
	}
}
