{
	"textures": [
		{
			"image": "/assets/sprites/furniture/carpet_2.png",
			"format": "RGBA8888",
			"size": {
				"w": 391,
				"h": 391
			},
			"scale": 1,
			"frames": [
				{
					"filename": "stand_down_000",
					"rotated": false,
					"trimmed": false,
					"sourceSize": {
						"w": 128,
						"h": 257
					},
					"spriteSourceSize": {
						"x": 0,
						"y": 0,
						"w": 128,
						"h": 257
					},
					"frame": {
						"x": 1,
						"y": 1,
						"w": 128,
						"h": 257
					}
				},
				{
					"filename": "stand_left_000",
					"rotated": false,
					"trimmed": false,
					"sourceSize": {
						"w": 257,
						"h": 128
					},
					"spriteSourceSize": {
						"x": 0,
						"y": 0,
						"w": 257,
						"h": 128
					},
					"frame": {
						"x": 1,
						"y": 262,
						"w": 257,
						"h": 128
					}
				},
				{
					"filename": "stand_right_000",
					"rotated": false,
					"trimmed": false,
					"sourceSize": {
						"w": 257,
						"h": 128
					},
					"spriteSourceSize": {
						"x": 0,
						"y": 0,
						"w": 257,
						"h": 128
					},
					"frame": {
						"x": 133,
						"y": 1,
						"w": 257,
						"h": 128
					}
				},
				{
					"filename": "stand_up_000",
					"rotated": false,
					"trimmed": false,
					"sourceSize": {
						"w": 128,
						"h": 257
					},
					"spriteSourceSize": {
						"x": 0,
						"y": 0,
						"w": 128,
						"h": 257
					},
					"frame": {
						"x": 262,
						"y": 133,
						"w": 128,
						"h": 257
					}
				}
			]
		}
	],
	"meta": {
		"app": "https://www.codeandweb.com/texturepacker",
		"version": "3.0",
		"smartupdate": "$TexturePacker:SmartUpdate:05502fdcaf011dbcdb6e17aaa61b82a2:3c5fa80375510918a0e0275362944bf9:7c4bb29604736283e821eac74c688fbf$"
	}
}
