{
	"textures": [
		{
			"image": "/assets/sprites/treesBushesPlants/tree2d.png",
			"format": "RGBA8888",
			"size": {
				"w": 73,
				"h": 121
			},
			"scale": 1,
			"frames": [
				{
					"filename": "stand_down_000",
					"rotated": false,
					"trimmed": true,
					"sourceSize": {
						"w": 96,
						"h": 144
					},
					"spriteSourceSize": {
						"x": 12,
						"y": 13,
						"w": 71,
						"h": 119
					},
					"frame": {
						"x": 1,
						"y": 1,
						"w": 71,
						"h": 119
					}
				},
				{
					"filename": "stand_left_000",
					"rotated": false,
					"trimmed": true,
					"sourceSize": {
						"w": 96,
						"h": 144
					},
					"spriteSourceSize": {
						"x": 12,
						"y": 13,
						"w": 71,
						"h": 119
					},
					"frame": {
						"x": 1,
						"y": 1,
						"w": 71,
						"h": 119
					}
				},
				{
					"filename": "stand_right_000",
					"rotated": false,
					"trimmed": true,
					"sourceSize": {
						"w": 96,
						"h": 144
					},
					"spriteSourceSize": {
						"x": 12,
						"y": 13,
						"w": 71,
						"h": 119
					},
					"frame": {
						"x": 1,
						"y": 1,
						"w": 71,
						"h": 119
					}
				},
				{
					"filename": "stand_up_000",
					"rotated": false,
					"trimmed": true,
					"sourceSize": {
						"w": 96,
						"h": 144
					},
					"spriteSourceSize": {
						"x": 12,
						"y": 13,
						"w": 71,
						"h": 119
					},
					"frame": {
						"x": 1,
						"y": 1,
						"w": 71,
						"h": 119
					}
				}
			]
		}
	],
	"meta": {
		"app": "https://www.codeandweb.com/texturepacker",
		"version": "3.0",
		"smartupdate": "$TexturePacker:SmartUpdate:ef53df58db32e0d9afae306e6e4127e2:aed6aca2df7232d6fc175aff0e13c361:b09a110cbc4ed9d977f0b0a698ed412f$"
	}
}
