{
	"textures": [
		{
			"image": "/assets/sprites/furniture/lamp.png",
			"format": "RGBA8888",
			"size": {
				"w": 31,
				"h": 37
			},
			"scale": 1,
			"frames": [
				{
					"filename": "stand_down_000",
					"rotated": false,
					"trimmed": false,
					"sourceSize": {
						"w": 29,
						"h": 35
					},
					"spriteSourceSize": {
						"x": 0,
						"y": 0,
						"w": 29,
						"h": 35
					},
					"frame": {
						"x": 1,
						"y": 1,
						"w": 29,
						"h": 35
					}
				},
				{
					"filename": "stand_left_000",
					"rotated": false,
					"trimmed": false,
					"sourceSize": {
						"w": 29,
						"h": 35
					},
					"spriteSourceSize": {
						"x": 0,
						"y": 0,
						"w": 29,
						"h": 35
					},
					"frame": {
						"x": 1,
						"y": 1,
						"w": 29,
						"h": 35
					}
				},
				{
					"filename": "stand_right_000",
					"rotated": false,
					"trimmed": false,
					"sourceSize": {
						"w": 29,
						"h": 35
					},
					"spriteSourceSize": {
						"x": 0,
						"y": 0,
						"w": 29,
						"h": 35
					},
					"frame": {
						"x": 1,
						"y": 1,
						"w": 29,
						"h": 35
					}
				},
				{
					"filename": "stand_up_000",
					"rotated": false,
					"trimmed": false,
					"sourceSize": {
						"w": 29,
						"h": 35
					},
					"spriteSourceSize": {
						"x": 0,
						"y": 0,
						"w": 29,
						"h": 35
					},
					"frame": {
						"x": 1,
						"y": 1,
						"w": 29,
						"h": 35
					}
				}
			]
		}
	],
	"meta": {
		"app": "https://www.codeandweb.com/texturepacker",
		"version": "3.0",
		"smartupdate": "$TexturePacker:SmartUpdate:07b1a5edee2678e3043972f09124b8dc:95da79d867b581942b7d85a47afe42cd:32c269d95fc7512037dbfc2fd536aa2d$"
	}
}
