{
	"generator_info": "Shape definitions generated with PhysicsEditor. Visit https://www.codeandweb.com/physicseditor",
	"stand_down_000": {
		"type": "fromPhysicsEditor",
		"label": "stand_down_000",
		"isStatic": false,
		"density": 0.1,
		"restitution": 0,
		"friction": 0.1,
		"frictionAir": 0.01,
		"frictionStatic": 0.5,
		"collisionFilter": {
			"group": 0,
			"category": 1,
			"mask": 255
		},
		"fixtures": [
			{
				"label": "",
				"isSensor": false,
				"vertices": [
					[ { "x":11, "y":35 }, { "x":18, "y":35 }, { "x":22, "y":30 }, { "x":21, "y":23 }, { "x":8, "y":23 }, { "x":7, "y":30 } ],
					[ { "x":0, "y":18 }, { "x":8, "y":23 }, { "x":21, "y":23 }, { "x":29, "y":14 }, { "x":18, "y":0 }, { "x":11, "y":0 }, { "x":0, "y":13 } ],
					[ { "x":28, "y":19 }, { "x":29, "y":14 }, { "x":21, "y":23 } ]
				]
			}
		]
	},
	"stand_left_000": {
		"type": "fromPhysicsEditor",
		"label": "stand_left_000",
		"isStatic": false,
		"density": 0.10000000149011612,
		"restitution": 0,
		"friction": 0.10000000149011612,
		"frictionAir": 0.009999999776482582,
		"frictionStatic": 0.5,
		"collisionFilter": {
			"group": 0,
			"category": 1,
			"mask": 255
		},
		"fixtures": [
			{
				"label": "",
				"isSensor": false,
				"vertices": [
					[ { "x":11, "y":35 }, { "x":18, "y":35 }, { "x":22, "y":30 }, { "x":21, "y":23 }, { "x":8, "y":23 }, { "x":7, "y":30 } ],
					[ { "x":0, "y":18 }, { "x":8, "y":23 }, { "x":21, "y":23 }, { "x":29, "y":14 }, { "x":18, "y":0 }, { "x":11, "y":0 }, { "x":0, "y":13 } ],
					[ { "x":28, "y":19 }, { "x":29, "y":14 }, { "x":21, "y":23 } ]
				]
			}
		]
	},
	"stand_right_000": {
		"type": "fromPhysicsEditor",
		"label": "stand_right_000",
		"isStatic": false,
		"density": 0.10000000149011612,
		"restitution": 0,
		"friction": 0.10000000149011612,
		"frictionAir": 0.009999999776482582,
		"frictionStatic": 0.5,
		"collisionFilter": {
			"group": 0,
			"category": 1,
			"mask": 255
		},
		"fixtures": [
			{
				"label": "",
				"isSensor": false,
				"vertices": [
					[ { "x":11, "y":35 }, { "x":18, "y":35 }, { "x":22, "y":30 }, { "x":21, "y":23 }, { "x":8, "y":23 }, { "x":7, "y":30 } ],
					[ { "x":0, "y":18 }, { "x":8, "y":23 }, { "x":21, "y":23 }, { "x":29, "y":14 }, { "x":18, "y":0 }, { "x":11, "y":0 }, { "x":0, "y":13 } ],
					[ { "x":28, "y":19 }, { "x":29, "y":14 }, { "x":21, "y":23 } ]
				]
			}
		]
	},
	"stand_up_000": {
		"type": "fromPhysicsEditor",
		"label": "stand_up_000",
		"isStatic": false,
		"density": 0.10000000149011612,
		"restitution": 0,
		"friction": 0.10000000149011612,
		"frictionAir": 0.009999999776482582,
		"frictionStatic": 0.5,
		"collisionFilter": {
			"group": 0,
			"category": 1,
			"mask": 255
		},
		"fixtures": [
			{
				"label": "",
				"isSensor": false,
				"vertices": [
					[ { "x":11, "y":35 }, { "x":18, "y":35 }, { "x":22, "y":30 }, { "x":21, "y":23 }, { "x":8, "y":23 }, { "x":7, "y":30 } ],
					[ { "x":0, "y":18 }, { "x":8, "y":23 }, { "x":21, "y":23 }, { "x":29, "y":14 }, { "x":18, "y":0 }, { "x":11, "y":0 }, { "x":0, "y":13 } ],
					[ { "x":28, "y":19 }, { "x":29, "y":14 }, { "x":21, "y":23 } ]
				]
			}
		]
	}
}
