{
	"textures": [
		{
			"image": "/assets/sprites/furniture/tabouret_5.png",
			"format": "RGBA8888",
			"size": {
				"w": 24,
				"h": 37
			},
			"scale": 1,
			"frames": [
				{
					"filename": "stand_down_000",
					"rotated": false,
					"trimmed": false,
					"sourceSize": {
						"w": 22,
						"h": 35
					},
					"spriteSourceSize": {
						"x": 0,
						"y": 0,
						"w": 22,
						"h": 35
					},
					"frame": {
						"x": 1,
						"y": 1,
						"w": 22,
						"h": 35
					}
				},
				{
					"filename": "stand_left_000",
					"rotated": false,
					"trimmed": false,
					"sourceSize": {
						"w": 22,
						"h": 35
					},
					"spriteSourceSize": {
						"x": 0,
						"y": 0,
						"w": 22,
						"h": 35
					},
					"frame": {
						"x": 1,
						"y": 1,
						"w": 22,
						"h": 35
					}
				},
				{
					"filename": "stand_right_000",
					"rotated": false,
					"trimmed": false,
					"sourceSize": {
						"w": 22,
						"h": 35
					},
					"spriteSourceSize": {
						"x": 0,
						"y": 0,
						"w": 22,
						"h": 35
					},
					"frame": {
						"x": 1,
						"y": 1,
						"w": 22,
						"h": 35
					}
				},
				{
					"filename": "stand_up_000",
					"rotated": false,
					"trimmed": false,
					"sourceSize": {
						"w": 22,
						"h": 35
					},
					"spriteSourceSize": {
						"x": 0,
						"y": 0,
						"w": 22,
						"h": 35
					},
					"frame": {
						"x": 1,
						"y": 1,
						"w": 22,
						"h": 35
					}
				}
			]
		}
	],
	"meta": {
		"app": "https://www.codeandweb.com/texturepacker",
		"version": "3.0",
		"smartupdate": "$TexturePacker:SmartUpdate:242a0b0acde16e9000ec258d96d797c3:e540f943be415e594915ff9c8ecd4c44:692eab5adfd575c7d0337a740e90cb49$"
	}
}
