{
	"textures": [
		{
			"image": "/assets/sprites/furniture/chairgreen1_down.png",
			"format": "RGBA8888",
			"size": {
				"w": 98,
				"h": 98
			},
			"scale": 1,
			"frames": [
				{
					"filename": "stand_down_000",
					"rotated": false,
					"trimmed": false,
					"sourceSize": {
						"w": 96,
						"h": 96
					},
					"spriteSourceSize": {
						"x": 0,
						"y": 0,
						"w": 96,
						"h": 96
					},
					"frame": {
						"x": 1,
						"y": 1,
						"w": 96,
						"h": 96
					}
				},
				{
					"filename": "stand_left_000",
					"rotated": false,
					"trimmed": false,
					"sourceSize": {
						"w": 96,
						"h": 96
					},
					"spriteSourceSize": {
						"x": 0,
						"y": 0,
						"w": 96,
						"h": 96
					},
					"frame": {
						"x": 1,
						"y": 1,
						"w": 96,
						"h": 96
					}
				},
				{
					"filename": "stand_right_000",
					"rotated": false,
					"trimmed": false,
					"sourceSize": {
						"w": 96,
						"h": 96
					},
					"spriteSourceSize": {
						"x": 0,
						"y": 0,
						"w": 96,
						"h": 96
					},
					"frame": {
						"x": 1,
						"y": 1,
						"w": 96,
						"h": 96
					}
				},
				{
					"filename": "stand_up_000",
					"rotated": false,
					"trimmed": false,
					"sourceSize": {
						"w": 96,
						"h": 96
					},
					"spriteSourceSize": {
						"x": 0,
						"y": 0,
						"w": 96,
						"h": 96
					},
					"frame": {
						"x": 1,
						"y": 1,
						"w": 96,
						"h": 96
					}
				}
			]
		}
	],
	"meta": {
		"app": "https://www.codeandweb.com/texturepacker",
		"version": "3.0",
		"smartupdate": "$TexturePacker:SmartUpdate:1c125cd06ea8c30d22293be342138dd0:3605a5ccf9905045ffd7dc2351bcd233:d62a0e739bc0541f51d40ddc2b20a9f9$"
	}
}
