{
	"textures": [
		{
			"image": "/assets/sprites/treesBushesPlants/shroom2.png",
			"format": "RGBA8888",
			"size": {
				"w": 31,
				"h": 45
			},
			"scale": 1,
			"frames": [
				{
					"filename": "stand_down_000",
					"rotated": false,
					"trimmed": true,
					"sourceSize": {
						"w": 48,
						"h": 48
					},
					"spriteSourceSize": {
						"x": 9,
						"y": 2,
						"w": 29,
						"h": 43
					},
					"frame": {
						"x": 1,
						"y": 1,
						"w": 29,
						"h": 43
					}
				},
				{
					"filename": "stand_left_000",
					"rotated": false,
					"trimmed": true,
					"sourceSize": {
						"w": 48,
						"h": 48
					},
					"spriteSourceSize": {
						"x": 9,
						"y": 2,
						"w": 29,
						"h": 43
					},
					"frame": {
						"x": 1,
						"y": 1,
						"w": 29,
						"h": 43
					}
				},
				{
					"filename": "stand_right_000",
					"rotated": false,
					"trimmed": true,
					"sourceSize": {
						"w": 48,
						"h": 48
					},
					"spriteSourceSize": {
						"x": 9,
						"y": 2,
						"w": 29,
						"h": 43
					},
					"frame": {
						"x": 1,
						"y": 1,
						"w": 29,
						"h": 43
					}
				},
				{
					"filename": "stand_up_000",
					"rotated": false,
					"trimmed": true,
					"sourceSize": {
						"w": 48,
						"h": 48
					},
					"spriteSourceSize": {
						"x": 9,
						"y": 2,
						"w": 29,
						"h": 43
					},
					"frame": {
						"x": 1,
						"y": 1,
						"w": 29,
						"h": 43
					}
				}
			]
		}
	],
	"meta": {
		"app": "https://www.codeandweb.com/texturepacker",
		"version": "3.0",
		"smartupdate": "$TexturePacker:SmartUpdate:804cf9a760764f4307933d9011acbb70:cb893f3c18f084bc4f933d4389346c86:b30abec0fd5ddea3972b39ab838ccbfa$"
	}
}
