{
	"textures": [
		{
			"image": "/assets/sprites/furniture/tabouret_4.png",
			"format": "RGBA8888",
			"size": {
				"w": 24,
				"h": 37
			},
			"scale": 1,
			"frames": [
				{
					"filename": "stand_down_000",
					"rotated": false,
					"trimmed": false,
					"sourceSize": {
						"w": 22,
						"h": 35
					},
					"spriteSourceSize": {
						"x": 0,
						"y": 0,
						"w": 22,
						"h": 35
					},
					"frame": {
						"x": 1,
						"y": 1,
						"w": 22,
						"h": 35
					}
				},
				{
					"filename": "stand_left_000",
					"rotated": false,
					"trimmed": false,
					"sourceSize": {
						"w": 22,
						"h": 35
					},
					"spriteSourceSize": {
						"x": 0,
						"y": 0,
						"w": 22,
						"h": 35
					},
					"frame": {
						"x": 1,
						"y": 1,
						"w": 22,
						"h": 35
					}
				},
				{
					"filename": "stand_right_000",
					"rotated": false,
					"trimmed": false,
					"sourceSize": {
						"w": 22,
						"h": 35
					},
					"spriteSourceSize": {
						"x": 0,
						"y": 0,
						"w": 22,
						"h": 35
					},
					"frame": {
						"x": 1,
						"y": 1,
						"w": 22,
						"h": 35
					}
				},
				{
					"filename": "stand_up_000",
					"rotated": false,
					"trimmed": false,
					"sourceSize": {
						"w": 22,
						"h": 35
					},
					"spriteSourceSize": {
						"x": 0,
						"y": 0,
						"w": 22,
						"h": 35
					},
					"frame": {
						"x": 1,
						"y": 1,
						"w": 22,
						"h": 35
					}
				}
			]
		}
	],
	"meta": {
		"app": "https://www.codeandweb.com/texturepacker",
		"version": "3.0",
		"smartupdate": "$TexturePacker:SmartUpdate:3c98eb3bb32affd7493b1adaa7f01b7a:047b3d617d6e9430255d9757f77631e5:c1a6864b440b504565e9a1dc96782723$"
	}
}
