{
	"textures": [
		{
			"image": "/assets/sprites/treesBushesPlants/bush2.png",
			"format": "RGBA8888",
			"size": {
				"w": 64,
				"h": 70
			},
			"scale": 1,
			"frames": [
				{
					"filename": "stand_down_000",
					"rotated": false,
					"trimmed": true,
					"sourceSize": {
						"w": 96,
						"h": 96
					},
					"spriteSourceSize": {
						"x": 17,
						"y": 16,
						"w": 62,
						"h": 68
					},
					"frame": {
						"x": 1,
						"y": 1,
						"w": 62,
						"h": 68
					}
				},
				{
					"filename": "stand_left_000",
					"rotated": false,
					"trimmed": true,
					"sourceSize": {
						"w": 96,
						"h": 96
					},
					"spriteSourceSize": {
						"x": 17,
						"y": 16,
						"w": 62,
						"h": 68
					},
					"frame": {
						"x": 1,
						"y": 1,
						"w": 62,
						"h": 68
					}
				},
				{
					"filename": "stand_right_000",
					"rotated": false,
					"trimmed": true,
					"sourceSize": {
						"w": 96,
						"h": 96
					},
					"spriteSourceSize": {
						"x": 17,
						"y": 16,
						"w": 62,
						"h": 68
					},
					"frame": {
						"x": 1,
						"y": 1,
						"w": 62,
						"h": 68
					}
				},
				{
					"filename": "stand_up_000",
					"rotated": false,
					"trimmed": true,
					"sourceSize": {
						"w": 96,
						"h": 96
					},
					"spriteSourceSize": {
						"x": 17,
						"y": 16,
						"w": 62,
						"h": 68
					},
					"frame": {
						"x": 1,
						"y": 1,
						"w": 62,
						"h": 68
					}
				}
			]
		}
	],
	"meta": {
		"app": "https://www.codeandweb.com/texturepacker",
		"version": "3.0",
		"smartupdate": "$TexturePacker:SmartUpdate:87741add375dfacd8c1227a96f2b0298:a42a0a5184de83eb9ec5b458c7b5cb0a:75a95ad15b4fac7e6a77ab8f95c721b8$"
	}
}
