{
	"generator_info": "Shape definitions generated with PhysicsEditor. Visit https://www.codeandweb.com/physicseditor",
	"stand_down_000": {
		"type": "fromPhysicsEditor",
		"label": "stand_down_000",
		"isStatic": false,
		"density": 0.1,
		"restitution": 0,
		"friction": 0.1,
		"frictionAir": 0.01,
		"frictionStatic": 0.5,
		"collisionFilter": {
			"group": 0,
			"category": 1,
			"mask": 255
		},
		"fixtures": [
			{
				"label": "",
				"isSensor": false,
				"vertices": [
					[ { "x":19, "y":28 }, { "x":25, "y":32 }, { "x":31, "y":33 }, { "x":66, "y":17 }, { "x":27, "y":17 }, { "x":23, "y":20 } ],
					[ { "x":73, "y":23 }, { "x":70, "y":22 }, { "x":70, "y":38 }, { "x":72, "y":38 }, { "x":73, "y":25 } ],
					[ { "x":76, "y":27 }, { "x":73, "y":25 }, { "x":72, "y":38 }, { "x":76, "y":30 } ],
					[ { "x":54, "y":48 }, { "x":57, "y":48 }, { "x":70, "y":38 }, { "x":70, "y":22 }, { "x":66, "y":17 }, { "x":52, "y":45 } ],
					[ { "x":42, "y":43 }, { "x":46, "y":42 }, { "x":66, "y":17 }, { "x":31, "y":33 }, { "x":37, "y":41 } ],
					[ { "x":46, "y":42 }, { "x":52, "y":45 }, { "x":66, "y":17 } ]
				]
			}
		]
	},
	"stand_left_000": {
		"type": "fromPhysicsEditor",
		"label": "stand_left_000",
		"isStatic": false,
		"density": 0.10000000149011612,
		"restitution": 0,
		"friction": 0.10000000149011612,
		"frictionAir": 0.009999999776482582,
		"frictionStatic": 0.5,
		"collisionFilter": {
			"group": 0,
			"category": 1,
			"mask": 255
		},
		"fixtures": [
			{
				"label": "",
				"isSensor": false,
				"vertices": [
					[ { "x":19, "y":28 }, { "x":25, "y":32 }, { "x":31, "y":33 }, { "x":66, "y":17 }, { "x":27, "y":17 }, { "x":23, "y":20 } ],
					[ { "x":73, "y":23 }, { "x":70, "y":22 }, { "x":70, "y":38 }, { "x":72, "y":38 }, { "x":73, "y":25 } ],
					[ { "x":76, "y":27 }, { "x":73, "y":25 }, { "x":72, "y":38 }, { "x":76, "y":30 } ],
					[ { "x":54, "y":48 }, { "x":57, "y":48 }, { "x":70, "y":38 }, { "x":70, "y":22 }, { "x":66, "y":17 }, { "x":52, "y":45 } ],
					[ { "x":42, "y":43 }, { "x":46, "y":42 }, { "x":66, "y":17 }, { "x":31, "y":33 }, { "x":37, "y":41 } ],
					[ { "x":46, "y":42 }, { "x":52, "y":45 }, { "x":66, "y":17 } ]
				]
			}
		]
	},
	"stand_right_000": {
		"type": "fromPhysicsEditor",
		"label": "stand_right_000",
		"isStatic": false,
		"density": 0.10000000149011612,
		"restitution": 0,
		"friction": 0.10000000149011612,
		"frictionAir": 0.009999999776482582,
		"frictionStatic": 0.5,
		"collisionFilter": {
			"group": 0,
			"category": 1,
			"mask": 255
		},
		"fixtures": [
			{
				"label": "",
				"isSensor": false,
				"vertices": [
					[ { "x":19, "y":28 }, { "x":25, "y":32 }, { "x":31, "y":33 }, { "x":66, "y":17 }, { "x":27, "y":17 }, { "x":23, "y":20 } ],
					[ { "x":73, "y":23 }, { "x":70, "y":22 }, { "x":70, "y":38 }, { "x":72, "y":38 }, { "x":73, "y":25 } ],
					[ { "x":76, "y":27 }, { "x":73, "y":25 }, { "x":72, "y":38 }, { "x":76, "y":30 } ],
					[ { "x":54, "y":48 }, { "x":57, "y":48 }, { "x":70, "y":38 }, { "x":70, "y":22 }, { "x":66, "y":17 }, { "x":52, "y":45 } ],
					[ { "x":42, "y":43 }, { "x":46, "y":42 }, { "x":66, "y":17 }, { "x":31, "y":33 }, { "x":37, "y":41 } ],
					[ { "x":46, "y":42 }, { "x":52, "y":45 }, { "x":66, "y":17 } ]
				]
			}
		]
	},
	"stand_up_000": {
		"type": "fromPhysicsEditor",
		"label": "stand_up_000",
		"isStatic": false,
		"density": 0.10000000149011612,
		"restitution": 0,
		"friction": 0.10000000149011612,
		"frictionAir": 0.009999999776482582,
		"frictionStatic": 0.5,
		"collisionFilter": {
			"group": 0,
			"category": 1,
			"mask": 255
		},
		"fixtures": [
			{
				"label": "",
				"isSensor": false,
				"vertices": [
					[ { "x":19, "y":28 }, { "x":25, "y":32 }, { "x":31, "y":33 }, { "x":66, "y":17 }, { "x":27, "y":17 }, { "x":23, "y":20 } ],
					[ { "x":73, "y":23 }, { "x":70, "y":22 }, { "x":70, "y":38 }, { "x":72, "y":38 }, { "x":73, "y":25 } ],
					[ { "x":76, "y":27 }, { "x":73, "y":25 }, { "x":72, "y":38 }, { "x":76, "y":30 } ],
					[ { "x":54, "y":48 }, { "x":57, "y":48 }, { "x":70, "y":38 }, { "x":70, "y":22 }, { "x":66, "y":17 }, { "x":52, "y":45 } ],
					[ { "x":42, "y":43 }, { "x":46, "y":42 }, { "x":66, "y":17 }, { "x":31, "y":33 }, { "x":37, "y":41 } ],
					[ { "x":46, "y":42 }, { "x":52, "y":45 }, { "x":66, "y":17 } ]
				]
			}
		]
	}
}
