{
	"textures": [
		{
			"image": "/assets/sprites/treesBushesPlants/rocks2.png",
			"format": "RGBA8888",
			"size": {
				"w": 61,
				"h": 50
			},
			"scale": 1,
			"frames": [
				{
					"filename": "stand_down_000",
					"rotated": false,
					"trimmed": true,
					"sourceSize": {
						"w": 96,
						"h": 48
					},
					"spriteSourceSize": {
						"x": 18,
						"y": 0,
						"w": 59,
						"h": 48
					},
					"frame": {
						"x": 1,
						"y": 1,
						"w": 59,
						"h": 48
					}
				},
				{
					"filename": "stand_left_000",
					"rotated": false,
					"trimmed": true,
					"sourceSize": {
						"w": 96,
						"h": 48
					},
					"spriteSourceSize": {
						"x": 18,
						"y": 0,
						"w": 59,
						"h": 48
					},
					"frame": {
						"x": 1,
						"y": 1,
						"w": 59,
						"h": 48
					}
				},
				{
					"filename": "stand_right_000",
					"rotated": false,
					"trimmed": true,
					"sourceSize": {
						"w": 96,
						"h": 48
					},
					"spriteSourceSize": {
						"x": 18,
						"y": 0,
						"w": 59,
						"h": 48
					},
					"frame": {
						"x": 1,
						"y": 1,
						"w": 59,
						"h": 48
					}
				},
				{
					"filename": "stand_up_000",
					"rotated": false,
					"trimmed": true,
					"sourceSize": {
						"w": 96,
						"h": 48
					},
					"spriteSourceSize": {
						"x": 18,
						"y": 0,
						"w": 59,
						"h": 48
					},
					"frame": {
						"x": 1,
						"y": 1,
						"w": 59,
						"h": 48
					}
				}
			]
		}
	],
	"meta": {
		"app": "https://www.codeandweb.com/texturepacker",
		"version": "3.0",
		"smartupdate": "$TexturePacker:SmartUpdate:2d25899c6ecfcd008c981a18082bcff0:8bcb64255ea346d6030d7bc3209f0cfb:054f6022ebeee3b03fd14469118a1983$"
	}
}
