{
	"textures": [
		{
			"image": "/assets/sprites/furniture/tabouret_green_down.png",
			"format": "RGBA8888",
			"size": {
				"w": 48,
				"h": 88
			},
			"scale": 1,
			"frames": [
				{
					"filename": "stand_down_000",
					"rotated": false,
					"trimmed": true,
					"sourceSize": {
						"w": 64,
						"h": 96
					},
					"spriteSourceSize": {
						"x": 8,
						"y": 10,
						"w": 46,
						"h": 86
					},
					"frame": {
						"x": 1,
						"y": 1,
						"w": 46,
						"h": 86
					}
				},
				{
					"filename": "stand_left_000",
					"rotated": false,
					"trimmed": true,
					"sourceSize": {
						"w": 64,
						"h": 96
					},
					"spriteSourceSize": {
						"x": 8,
						"y": 10,
						"w": 46,
						"h": 86
					},
					"frame": {
						"x": 1,
						"y": 1,
						"w": 46,
						"h": 86
					}
				},
				{
					"filename": "stand_right_000",
					"rotated": false,
					"trimmed": true,
					"sourceSize": {
						"w": 64,
						"h": 96
					},
					"spriteSourceSize": {
						"x": 8,
						"y": 10,
						"w": 46,
						"h": 86
					},
					"frame": {
						"x": 1,
						"y": 1,
						"w": 46,
						"h": 86
					}
				},
				{
					"filename": "stand_up_000",
					"rotated": false,
					"trimmed": true,
					"sourceSize": {
						"w": 64,
						"h": 96
					},
					"spriteSourceSize": {
						"x": 8,
						"y": 10,
						"w": 46,
						"h": 86
					},
					"frame": {
						"x": 1,
						"y": 1,
						"w": 46,
						"h": 86
					}
				}
			]
		}
	],
	"meta": {
		"app": "https://www.codeandweb.com/texturepacker",
		"version": "3.0",
		"smartupdate": "$TexturePacker:SmartUpdate:2bd69381a5df20efe4b5cf791ce42416:a1eb63d3d651113b1952455267cd0933:43de16c5d3d5cedf743c9f27a6fd3590$"
	}
}
