{
	"textures": [
		{
			"image": "/assets/sprites/furniture/barbecue3_side.png",
			"format": "RGBA8888",
			"size": {
				"w": 134,
				"h": 87
			},
			"scale": 1,
			"frames": [
				{
					"filename": "stand_down_000",
					"rotated": false,
					"trimmed": true,
					"sourceSize": {
						"w": 32,
						"h": 96
					},
					"spriteSourceSize": {
						"x": 0,
						"y": 6,
						"w": 32,
						"h": 85
					},
					"frame": {
						"x": 1,
						"y": 1,
						"w": 32,
						"h": 85
					}
				},
				{
					"filename": "stand_up_000",
					"rotated": false,
					"trimmed": true,
					"sourceSize": {
						"w": 32,
						"h": 96
					},
					"spriteSourceSize": {
						"x": 0,
						"y": 6,
						"w": 32,
						"h": 85
					},
					"frame": {
						"x": 1,
						"y": 1,
						"w": 32,
						"h": 85
					}
				},
				{
					"filename": "stand_left_000",
					"rotated": false,
					"trimmed": true,
					"sourceSize": {
						"w": 96,
						"h": 64
					},
					"spriteSourceSize": {
						"x": 0,
						"y": 7,
						"w": 96,
						"h": 57
					},
					"frame": {
						"x": 37,
						"y": 1,
						"w": 96,
						"h": 57
					}
				},
				{
					"filename": "stand_right_000",
					"rotated": false,
					"trimmed": true,
					"sourceSize": {
						"w": 96,
						"h": 64
					},
					"spriteSourceSize": {
						"x": 0,
						"y": 7,
						"w": 96,
						"h": 57
					},
					"frame": {
						"x": 37,
						"y": 1,
						"w": 96,
						"h": 57
					}
				}
			]
		}
	],
	"meta": {
		"app": "https://www.codeandweb.com/texturepacker",
		"version": "3.0",
		"smartupdate": "$TexturePacker:SmartUpdate:39d0f25113bc15a20e779214d10572ce:2468283d04add349c02b56b4283c9c00:1ad52e02dc075e926f3517d0862201fd$"
	}
}
