{
	"textures": [
		{
			"image": "/assets/sprites/furniture/tabouret_2.png",
			"format": "RGBA8888",
			"size": {
				"w": 24,
				"h": 39
			},
			"scale": 1,
			"frames": [
				{
					"filename": "stand_down_000",
					"rotated": false,
					"trimmed": false,
					"sourceSize": {
						"w": 22,
						"h": 37
					},
					"spriteSourceSize": {
						"x": 0,
						"y": 0,
						"w": 22,
						"h": 37
					},
					"frame": {
						"x": 1,
						"y": 1,
						"w": 22,
						"h": 37
					}
				},
				{
					"filename": "stand_left_000",
					"rotated": false,
					"trimmed": false,
					"sourceSize": {
						"w": 22,
						"h": 37
					},
					"spriteSourceSize": {
						"x": 0,
						"y": 0,
						"w": 22,
						"h": 37
					},
					"frame": {
						"x": 1,
						"y": 1,
						"w": 22,
						"h": 37
					}
				},
				{
					"filename": "stand_right_000",
					"rotated": false,
					"trimmed": false,
					"sourceSize": {
						"w": 22,
						"h": 37
					},
					"spriteSourceSize": {
						"x": 0,
						"y": 0,
						"w": 22,
						"h": 37
					},
					"frame": {
						"x": 1,
						"y": 1,
						"w": 22,
						"h": 37
					}
				},
				{
					"filename": "stand_up_000",
					"rotated": false,
					"trimmed": false,
					"sourceSize": {
						"w": 22,
						"h": 37
					},
					"spriteSourceSize": {
						"x": 0,
						"y": 0,
						"w": 22,
						"h": 37
					},
					"frame": {
						"x": 1,
						"y": 1,
						"w": 22,
						"h": 37
					}
				}
			]
		}
	],
	"meta": {
		"app": "https://www.codeandweb.com/texturepacker",
		"version": "3.0",
		"smartupdate": "$TexturePacker:SmartUpdate:803aa945235746ecddce78e5f822799a:c102921c87c64fa35cfdce5eac0d6405:8a44b867bfbb647d7d12708d4d453aea$"
	}
}
