{
	"generator_info": "Shape definitions generated with PhysicsEditor. Visit https://www.codeandweb.com/physicseditor",
	"stand_down_000": {
		"type": "fromPhysicsEditor",
		"label": "stand_down_000",
		"isStatic": false,
		"density": 0.1,
		"restitution": 0,
		"friction": 0.1,
		"frictionAir": 0.01,
		"frictionStatic": 0.5,
		"collisionFilter": {
			"group": 0,
			"category": 1,
			"mask": 255
		},
		"fixtures": [
			{
				"label": "",
				"isSensor": false,
				"vertices": [
					[ { "x":17, "y":73 }, { "x":30, "y":76 }, { "x":32, "y":76 }, { "x":35, "y":73 }, { "x":16, "y":64 } ],
					[ { "x":76, "y":60 }, { "x":78, "y":52 }, { "x":70, "y":58 }, { "x":71, "y":60 } ],
					[ { "x":65, "y":62 }, { "x":67, "y":58 }, { "x":18, "y":49 }, { "x":16, "y":49 }, { "x":61, "y":63 } ],
					[ { "x":82, "y":52 }, { "x":85, "y":49 }, { "x":85, "y":42 }, { "x":83, "y":40 }, { "x":78, "y":52 } ],
					[ { "x":10, "y":60 }, { "x":14, "y":64 }, { "x":16, "y":64 }, { "x":16, "y":49 }, { "x":10, "y":55 } ],
					[ { "x":56, "y":72 }, { "x":58, "y":66 }, { "x":16, "y":49 }, { "x":16, "y":64 }, { "x":35, "y":73 }, { "x":53, "y":74 } ],
					[ { "x":78, "y":52 }, { "x":83, "y":40 }, { "x":21, "y":40 }, { "x":18, "y":49 }, { "x":67, "y":58 }, { "x":70, "y":58 } ],
					[ { "x":58, "y":66 }, { "x":61, "y":63 }, { "x":16, "y":49 } ]
				]
			}
		]
	},
	"stand_left_000": {
		"type": "fromPhysicsEditor",
		"label": "stand_left_000",
		"isStatic": false,
		"density": 0.10000000149011612,
		"restitution": 0,
		"friction": 0.10000000149011612,
		"frictionAir": 0.009999999776482582,
		"frictionStatic": 0.5,
		"collisionFilter": {
			"group": 0,
			"category": 1,
			"mask": 255
		},
		"fixtures": []
	},
	"stand_right_000": {
		"type": "fromPhysicsEditor",
		"label": "stand_right_000",
		"isStatic": false,
		"density": 0.10000000149011612,
		"restitution": 0,
		"friction": 0.10000000149011612,
		"frictionAir": 0.009999999776482582,
		"frictionStatic": 0.5,
		"collisionFilter": {
			"group": 0,
			"category": 1,
			"mask": 255
		},
		"fixtures": []
	},
	"stand_up_000": {
		"type": "fromPhysicsEditor",
		"label": "stand_up_000",
		"isStatic": false,
		"density": 0.10000000149011612,
		"restitution": 0,
		"friction": 0.10000000149011612,
		"frictionAir": 0.009999999776482582,
		"frictionStatic": 0.5,
		"collisionFilter": {
			"group": 0,
			"category": 1,
			"mask": 255
		},
		"fixtures": []
	}
}
