{
	"textures": [
		{
			"image": "/assets/sprites/treesBushesPlants/rocks7.png",
			"format": "RGBA8888",
			"size": {
				"w": 79,
				"h": 61
			},
			"scale": 1,
			"frames": [
				{
					"filename": "stand_down_000",
					"rotated": false,
					"trimmed": true,
					"sourceSize": {
						"w": 96,
						"h": 96
					},
					"spriteSourceSize": {
						"x": 9,
						"y": 18,
						"w": 77,
						"h": 59
					},
					"frame": {
						"x": 1,
						"y": 1,
						"w": 77,
						"h": 59
					}
				},
				{
					"filename": "stand_left_000",
					"rotated": false,
					"trimmed": true,
					"sourceSize": {
						"w": 96,
						"h": 96
					},
					"spriteSourceSize": {
						"x": 9,
						"y": 18,
						"w": 77,
						"h": 59
					},
					"frame": {
						"x": 1,
						"y": 1,
						"w": 77,
						"h": 59
					}
				},
				{
					"filename": "stand_right_000",
					"rotated": false,
					"trimmed": true,
					"sourceSize": {
						"w": 96,
						"h": 96
					},
					"spriteSourceSize": {
						"x": 9,
						"y": 18,
						"w": 77,
						"h": 59
					},
					"frame": {
						"x": 1,
						"y": 1,
						"w": 77,
						"h": 59
					}
				},
				{
					"filename": "stand_up_000",
					"rotated": false,
					"trimmed": true,
					"sourceSize": {
						"w": 96,
						"h": 96
					},
					"spriteSourceSize": {
						"x": 9,
						"y": 18,
						"w": 77,
						"h": 59
					},
					"frame": {
						"x": 1,
						"y": 1,
						"w": 77,
						"h": 59
					}
				}
			]
		}
	],
	"meta": {
		"app": "https://www.codeandweb.com/texturepacker",
		"version": "3.0",
		"smartupdate": "$TexturePacker:SmartUpdate:e68176aa254a888887f311a99bc7c47a:3fe63381b086e655f27cecc2fb1cda5a:542d1eb5f9794e31c9ea9672025b55a5$"
	}
}
