{
	"generator_info": "Shape definitions generated with PhysicsEditor. Visit https://www.codeandweb.com/physicseditor",
	"stand_down_000": {
		"type": "fromPhysicsEditor",
		"label": "stand_down_000",
		"isStatic": false,
		"density": 0.1,
		"restitution": 0,
		"friction": 0.1,
		"frictionAir": 0.01,
		"frictionStatic": 0.5,
		"collisionFilter": {
			"group": 0,
			"category": 1,
			"mask": 255
		},
		"fixtures": [
			{
				"label": "",
				"isSensor": false,
				"vertices": [
					[ { "x":23, "y":1 }, { "x":20, "y":2 }, { "x":30, "y":26 }, { "x":30, "y":24 }, { "x":25, "y":4 } ],
					[ { "x":1, "y":29 }, { "x":0, "y":34 }, { "x":3, "y":38 }, { "x":12, "y":41 }, { "x":24, "y":41 }, { "x":35, "y":29 }, { "x":30, "y":26 }, { "x":5, "y":27 } ],
					[ { "x":36, "y":34 }, { "x":35, "y":29 }, { "x":24, "y":41 }, { "x":33, "y":38 } ],
					[ { "x":0, "y":19 }, { "x":5, "y":24 }, { "x":10, "y":4 }, { "x":5, "y":5 }, { "x":0, "y":11 } ],
					[ { "x":14, "y":0 }, { "x":10, "y":4 }, { "x":5, "y":24 }, { "x":5, "y":27 }, { "x":30, "y":26 }, { "x":20, "y":2 }, { "x":19, "y":0 } ],
					[ { "x":35, "y":20 }, { "x":35, "y":10 }, { "x":31, "y":6 }, { "x":25, "y":4 }, { "x":30, "y":24 } ]
				]
			}
		]
	},
	"stand_left_000": {
		"type": "fromPhysicsEditor",
		"label": "stand_left_000",
		"isStatic": false,
		"density": 0.10000000149011612,
		"restitution": 0,
		"friction": 0.10000000149011612,
		"frictionAir": 0.009999999776482582,
		"frictionStatic": 0.5,
		"collisionFilter": {
			"group": 0,
			"category": 1,
			"mask": 255
		},
		"fixtures": [
			{
				"label": "",
				"isSensor": false,
				"vertices": [
					[ { "x":23, "y":1 }, { "x":20, "y":2 }, { "x":30, "y":26 }, { "x":30, "y":24 }, { "x":25, "y":4 } ],
					[ { "x":1, "y":29 }, { "x":0, "y":34 }, { "x":3, "y":38 }, { "x":12, "y":41 }, { "x":24, "y":41 }, { "x":35, "y":29 }, { "x":30, "y":26 }, { "x":5, "y":27 } ],
					[ { "x":36, "y":34 }, { "x":35, "y":29 }, { "x":24, "y":41 }, { "x":33, "y":38 } ],
					[ { "x":0, "y":19 }, { "x":5, "y":24 }, { "x":10, "y":4 }, { "x":5, "y":5 }, { "x":0, "y":11 } ],
					[ { "x":14, "y":0 }, { "x":10, "y":4 }, { "x":5, "y":24 }, { "x":5, "y":27 }, { "x":30, "y":26 }, { "x":20, "y":2 }, { "x":19, "y":0 } ],
					[ { "x":35, "y":20 }, { "x":35, "y":10 }, { "x":31, "y":6 }, { "x":25, "y":4 }, { "x":30, "y":24 } ]
				]
			}
		]
	},
	"stand_right_000": {
		"type": "fromPhysicsEditor",
		"label": "stand_right_000",
		"isStatic": false,
		"density": 0.10000000149011612,
		"restitution": 0,
		"friction": 0.10000000149011612,
		"frictionAir": 0.009999999776482582,
		"frictionStatic": 0.5,
		"collisionFilter": {
			"group": 0,
			"category": 1,
			"mask": 255
		},
		"fixtures": [
			{
				"label": "",
				"isSensor": false,
				"vertices": [
					[ { "x":23, "y":1 }, { "x":20, "y":2 }, { "x":30, "y":26 }, { "x":30, "y":24 }, { "x":25, "y":4 } ],
					[ { "x":1, "y":29 }, { "x":0, "y":34 }, { "x":3, "y":38 }, { "x":12, "y":41 }, { "x":24, "y":41 }, { "x":35, "y":29 }, { "x":30, "y":26 }, { "x":5, "y":27 } ],
					[ { "x":36, "y":34 }, { "x":35, "y":29 }, { "x":24, "y":41 }, { "x":33, "y":38 } ],
					[ { "x":0, "y":19 }, { "x":5, "y":24 }, { "x":10, "y":4 }, { "x":5, "y":5 }, { "x":0, "y":11 } ],
					[ { "x":14, "y":0 }, { "x":10, "y":4 }, { "x":5, "y":24 }, { "x":5, "y":27 }, { "x":30, "y":26 }, { "x":20, "y":2 }, { "x":19, "y":0 } ],
					[ { "x":35, "y":20 }, { "x":35, "y":10 }, { "x":31, "y":6 }, { "x":25, "y":4 }, { "x":30, "y":24 } ]
				]
			}
		]
	},
	"stand_up_000": {
		"type": "fromPhysicsEditor",
		"label": "stand_up_000",
		"isStatic": false,
		"density": 0.10000000149011612,
		"restitution": 0,
		"friction": 0.10000000149011612,
		"frictionAir": 0.009999999776482582,
		"frictionStatic": 0.5,
		"collisionFilter": {
			"group": 0,
			"category": 1,
			"mask": 255
		},
		"fixtures": [
			{
				"label": "",
				"isSensor": false,
				"vertices": [
					[ { "x":23, "y":1 }, { "x":20, "y":2 }, { "x":30, "y":26 }, { "x":30, "y":24 }, { "x":25, "y":4 } ],
					[ { "x":1, "y":29 }, { "x":0, "y":34 }, { "x":3, "y":38 }, { "x":12, "y":41 }, { "x":24, "y":41 }, { "x":35, "y":29 }, { "x":30, "y":26 }, { "x":5, "y":27 } ],
					[ { "x":36, "y":34 }, { "x":35, "y":29 }, { "x":24, "y":41 }, { "x":33, "y":38 } ],
					[ { "x":0, "y":19 }, { "x":5, "y":24 }, { "x":10, "y":4 }, { "x":5, "y":5 }, { "x":0, "y":11 } ],
					[ { "x":14, "y":0 }, { "x":10, "y":4 }, { "x":5, "y":24 }, { "x":5, "y":27 }, { "x":30, "y":26 }, { "x":20, "y":2 }, { "x":19, "y":0 } ],
					[ { "x":35, "y":20 }, { "x":35, "y":10 }, { "x":31, "y":6 }, { "x":25, "y":4 }, { "x":30, "y":24 } ]
				]
			}
		]
	}
}
