{
	"textures": [
		{
			"image": "/assets/sprites/furniture/plant_flowers_6.png",
			"format": "RGBA8888",
			"size": {
				"w": 38,
				"h": 43
			},
			"scale": 1,
			"frames": [
				{
					"filename": "stand_down_000",
					"rotated": false,
					"trimmed": false,
					"sourceSize": {
						"w": 36,
						"h": 41
					},
					"spriteSourceSize": {
						"x": 0,
						"y": 0,
						"w": 36,
						"h": 41
					},
					"frame": {
						"x": 1,
						"y": 1,
						"w": 36,
						"h": 41
					}
				},
				{
					"filename": "stand_left_000",
					"rotated": false,
					"trimmed": false,
					"sourceSize": {
						"w": 36,
						"h": 41
					},
					"spriteSourceSize": {
						"x": 0,
						"y": 0,
						"w": 36,
						"h": 41
					},
					"frame": {
						"x": 1,
						"y": 1,
						"w": 36,
						"h": 41
					}
				},
				{
					"filename": "stand_right_000",
					"rotated": false,
					"trimmed": false,
					"sourceSize": {
						"w": 36,
						"h": 41
					},
					"spriteSourceSize": {
						"x": 0,
						"y": 0,
						"w": 36,
						"h": 41
					},
					"frame": {
						"x": 1,
						"y": 1,
						"w": 36,
						"h": 41
					}
				},
				{
					"filename": "stand_up_000",
					"rotated": false,
					"trimmed": false,
					"sourceSize": {
						"w": 36,
						"h": 41
					},
					"spriteSourceSize": {
						"x": 0,
						"y": 0,
						"w": 36,
						"h": 41
					},
					"frame": {
						"x": 1,
						"y": 1,
						"w": 36,
						"h": 41
					}
				}
			]
		}
	],
	"meta": {
		"app": "https://www.codeandweb.com/texturepacker",
		"version": "3.0",
		"smartupdate": "$TexturePacker:SmartUpdate:84551258cdfc2d10f9ccec0ab380bfa9:11c411f9cf10f1dd1d4f36f4e6e65602:46b441c109ab455ab694236e9ff881e2$"
	}
}
