{
	"textures": [
		{
			"image": "/assets/sprites/furniture/plant_flowers_9.png",
			"format": "RGBA8888",
			"size": {
				"w": 37,
				"h": 49
			},
			"scale": 1,
			"frames": [
				{
					"filename": "stand_down_000",
					"rotated": false,
					"trimmed": false,
					"sourceSize": {
						"w": 35,
						"h": 47
					},
					"spriteSourceSize": {
						"x": 0,
						"y": 0,
						"w": 35,
						"h": 47
					},
					"frame": {
						"x": 1,
						"y": 1,
						"w": 35,
						"h": 47
					}
				},
				{
					"filename": "stand_left_000",
					"rotated": false,
					"trimmed": false,
					"sourceSize": {
						"w": 35,
						"h": 47
					},
					"spriteSourceSize": {
						"x": 0,
						"y": 0,
						"w": 35,
						"h": 47
					},
					"frame": {
						"x": 1,
						"y": 1,
						"w": 35,
						"h": 47
					}
				},
				{
					"filename": "stand_right_000",
					"rotated": false,
					"trimmed": false,
					"sourceSize": {
						"w": 35,
						"h": 47
					},
					"spriteSourceSize": {
						"x": 0,
						"y": 0,
						"w": 35,
						"h": 47
					},
					"frame": {
						"x": 1,
						"y": 1,
						"w": 35,
						"h": 47
					}
				},
				{
					"filename": "stand_up_000",
					"rotated": false,
					"trimmed": false,
					"sourceSize": {
						"w": 35,
						"h": 47
					},
					"spriteSourceSize": {
						"x": 0,
						"y": 0,
						"w": 35,
						"h": 47
					},
					"frame": {
						"x": 1,
						"y": 1,
						"w": 35,
						"h": 47
					}
				}
			]
		}
	],
	"meta": {
		"app": "https://www.codeandweb.com/texturepacker",
		"version": "3.0",
		"smartupdate": "$TexturePacker:SmartUpdate:72b0e1dcbb1aebbe04f702d34d014624:553c632e1128941978da7aadb8fdb1eb:2c9fdb7e93e0e130300145a095b9f144$"
	}
}
