{
	"generator_info": "Shape definitions generated with PhysicsEditor. Visit https://www.codeandweb.com/physicseditor",
	"stand_down_000": {
		"type": "fromPhysicsEditor",
		"label": "stand_down_000",
		"isStatic": false,
		"density": 0.10000000149011612,
		"restitution": 0,
		"friction": 0.10000000149011612,
		"frictionAir": 0.009999999776482582,
		"frictionStatic": 0.5,
		"collisionFilter": {
			"group": 0,
			"category": 1,
			"mask": 255
		},
		"fixtures": [
			{
				"label": "",
				"isSensor": false,
				"vertices": [
					[ { "x":26, "y":2 }, { "x":23, "y":4 }, { "x":28, "y":11 }, { "x":28, "y":4 } ],
					[ { "x":32, "y":39 }, { "x":28, "y":38 }, { "x":7, "y":34 }, { "x":6, "y":38 }, { "x":10, "y":47 }, { "x":24, "y":47 }, { "x":33, "y":43 } ],
					[ { "x":35, "y":16 }, { "x":28, "y":11 }, { "x":30, "y":30 }, { "x":35, "y":26 } ],
					[ { "x":1, "y":40 }, { "x":1, "y":43 }, { "x":10, "y":47 }, { "x":6, "y":38 } ],
					[ { "x":10, "y":2 }, { "x":10, "y":5 }, { "x":22, "y":2 }, { "x":12, "y":0 } ],
					[ { "x":30, "y":33 }, { "x":30, "y":30 }, { "x":23, "y":4 }, { "x":22, "y":2 }, { "x":28, "y":35 } ],
					[ { "x":7, "y":6 }, { "x":6, "y":12 }, { "x":7, "y":34 }, { "x":28, "y":38 }, { "x":28, "y":35 }, { "x":22, "y":2 }, { "x":10, "y":5 } ],
					[ { "x":0, "y":25 }, { "x":7, "y":34 }, { "x":6, "y":12 }, { "x":3, "y":13 }, { "x":0, "y":17 } ],
					[ { "x":28, "y":11 }, { "x":23, "y":4 }, { "x":30, "y":30 } ]
				]
			}
		]
	},
	"stand_left_000": {
		"type": "fromPhysicsEditor",
		"label": "stand_left_000",
		"isStatic": false,
		"density": 0.10000000149011612,
		"restitution": 0,
		"friction": 0.10000000149011612,
		"frictionAir": 0.009999999776482582,
		"frictionStatic": 0.5,
		"collisionFilter": {
			"group": 0,
			"category": 1,
			"mask": 255
		},
		"fixtures": [
			{
				"label": "",
				"isSensor": false,
				"vertices": [
					[ { "x":26, "y":2 }, { "x":23, "y":4 }, { "x":28, "y":11 }, { "x":28, "y":4 } ],
					[ { "x":32, "y":39 }, { "x":28, "y":38 }, { "x":7, "y":34 }, { "x":6, "y":38 }, { "x":10, "y":47 }, { "x":24, "y":47 }, { "x":33, "y":43 } ],
					[ { "x":35, "y":16 }, { "x":28, "y":11 }, { "x":30, "y":30 }, { "x":35, "y":26 } ],
					[ { "x":1, "y":40 }, { "x":1, "y":43 }, { "x":10, "y":47 }, { "x":6, "y":38 } ],
					[ { "x":10, "y":2 }, { "x":10, "y":5 }, { "x":22, "y":2 }, { "x":12, "y":0 } ],
					[ { "x":30, "y":33 }, { "x":30, "y":30 }, { "x":23, "y":4 }, { "x":22, "y":2 }, { "x":28, "y":35 } ],
					[ { "x":7, "y":6 }, { "x":6, "y":12 }, { "x":7, "y":34 }, { "x":28, "y":38 }, { "x":28, "y":35 }, { "x":22, "y":2 }, { "x":10, "y":5 } ],
					[ { "x":0, "y":25 }, { "x":7, "y":34 }, { "x":6, "y":12 }, { "x":3, "y":13 }, { "x":0, "y":17 } ],
					[ { "x":28, "y":11 }, { "x":23, "y":4 }, { "x":30, "y":30 } ]
				]
			}
		]
	},
	"stand_right_000": {
		"type": "fromPhysicsEditor",
		"label": "stand_right_000",
		"isStatic": false,
		"density": 0.10000000149011612,
		"restitution": 0,
		"friction": 0.10000000149011612,
		"frictionAir": 0.009999999776482582,
		"frictionStatic": 0.5,
		"collisionFilter": {
			"group": 0,
			"category": 1,
			"mask": 255
		},
		"fixtures": [
			{
				"label": "",
				"isSensor": false,
				"vertices": [
					[ { "x":26, "y":2 }, { "x":23, "y":4 }, { "x":28, "y":11 }, { "x":28, "y":4 } ],
					[ { "x":32, "y":39 }, { "x":28, "y":38 }, { "x":7, "y":34 }, { "x":6, "y":38 }, { "x":10, "y":47 }, { "x":24, "y":47 }, { "x":33, "y":43 } ],
					[ { "x":35, "y":16 }, { "x":28, "y":11 }, { "x":30, "y":30 }, { "x":35, "y":26 } ],
					[ { "x":1, "y":40 }, { "x":1, "y":43 }, { "x":10, "y":47 }, { "x":6, "y":38 } ],
					[ { "x":10, "y":2 }, { "x":10, "y":5 }, { "x":22, "y":2 }, { "x":12, "y":0 } ],
					[ { "x":30, "y":33 }, { "x":30, "y":30 }, { "x":23, "y":4 }, { "x":22, "y":2 }, { "x":28, "y":35 } ],
					[ { "x":7, "y":6 }, { "x":6, "y":12 }, { "x":7, "y":34 }, { "x":28, "y":38 }, { "x":28, "y":35 }, { "x":22, "y":2 }, { "x":10, "y":5 } ],
					[ { "x":0, "y":25 }, { "x":7, "y":34 }, { "x":6, "y":12 }, { "x":3, "y":13 }, { "x":0, "y":17 } ],
					[ { "x":28, "y":11 }, { "x":23, "y":4 }, { "x":30, "y":30 } ]
				]
			}
		]
	},
	"stand_up_000": {
		"type": "fromPhysicsEditor",
		"label": "stand_up_000",
		"isStatic": false,
		"density": 0.1,
		"restitution": 0,
		"friction": 0.1,
		"frictionAir": 0.01,
		"frictionStatic": 0.5,
		"collisionFilter": {
			"group": 0,
			"category": 1,
			"mask": 255
		},
		"fixtures": [
			{
				"label": "",
				"isSensor": false,
				"vertices": [
					[ { "x":26, "y":2 }, { "x":23, "y":4 }, { "x":28, "y":11 }, { "x":28, "y":4 } ],
					[ { "x":32, "y":39 }, { "x":28, "y":38 }, { "x":7, "y":34 }, { "x":6, "y":38 }, { "x":10, "y":47 }, { "x":24, "y":47 }, { "x":33, "y":43 } ],
					[ { "x":35, "y":16 }, { "x":28, "y":11 }, { "x":30, "y":30 }, { "x":35, "y":26 } ],
					[ { "x":1, "y":40 }, { "x":1, "y":43 }, { "x":10, "y":47 }, { "x":6, "y":38 } ],
					[ { "x":10, "y":2 }, { "x":10, "y":5 }, { "x":22, "y":2 }, { "x":12, "y":0 } ],
					[ { "x":30, "y":33 }, { "x":30, "y":30 }, { "x":23, "y":4 }, { "x":22, "y":2 }, { "x":28, "y":35 } ],
					[ { "x":7, "y":6 }, { "x":6, "y":12 }, { "x":7, "y":34 }, { "x":28, "y":38 }, { "x":28, "y":35 }, { "x":22, "y":2 }, { "x":10, "y":5 } ],
					[ { "x":0, "y":25 }, { "x":7, "y":34 }, { "x":6, "y":12 }, { "x":3, "y":13 }, { "x":0, "y":17 } ],
					[ { "x":28, "y":11 }, { "x":23, "y":4 }, { "x":30, "y":30 } ]
				]
			}
		]
	}
}
