{
	"textures": [
		{
			"image": "/assets/sprites/furniture/tabouret_3.png",
			"format": "RGBA8888",
			"size": {
				"w": 24,
				"h": 36
			},
			"scale": 1,
			"frames": [
				{
					"filename": "stand_down_000",
					"rotated": false,
					"trimmed": false,
					"sourceSize": {
						"w": 22,
						"h": 34
					},
					"spriteSourceSize": {
						"x": 0,
						"y": 0,
						"w": 22,
						"h": 34
					},
					"frame": {
						"x": 1,
						"y": 1,
						"w": 22,
						"h": 34
					}
				},
				{
					"filename": "stand_left_000",
					"rotated": false,
					"trimmed": false,
					"sourceSize": {
						"w": 22,
						"h": 34
					},
					"spriteSourceSize": {
						"x": 0,
						"y": 0,
						"w": 22,
						"h": 34
					},
					"frame": {
						"x": 1,
						"y": 1,
						"w": 22,
						"h": 34
					}
				},
				{
					"filename": "stand_right_000",
					"rotated": false,
					"trimmed": false,
					"sourceSize": {
						"w": 22,
						"h": 34
					},
					"spriteSourceSize": {
						"x": 0,
						"y": 0,
						"w": 22,
						"h": 34
					},
					"frame": {
						"x": 1,
						"y": 1,
						"w": 22,
						"h": 34
					}
				},
				{
					"filename": "stand_up_000",
					"rotated": false,
					"trimmed": false,
					"sourceSize": {
						"w": 22,
						"h": 34
					},
					"spriteSourceSize": {
						"x": 0,
						"y": 0,
						"w": 22,
						"h": 34
					},
					"frame": {
						"x": 1,
						"y": 1,
						"w": 22,
						"h": 34
					}
				}
			]
		}
	],
	"meta": {
		"app": "https://www.codeandweb.com/texturepacker",
		"version": "3.0",
		"smartupdate": "$TexturePacker:SmartUpdate:d8c3a3acd967e7ba46aa1042c989cd12:22d3355f49995891f653451c8e8c31d6:db0002861f1dd6a9f4b4b826b006a02e$"
	}
}
