{
	"textures": [
		{
			"image": "/assets/sprites/furniture/window_2.png",
			"format": "RGBA8888",
			"size": {
				"w": 68,
				"h": 52
			},
			"scale": 1,
			"frames": [
				{
					"filename": "stand_down_000",
					"rotated": false,
					"trimmed": false,
					"sourceSize": {
						"w": 66,
						"h": 50
					},
					"spriteSourceSize": {
						"x": 0,
						"y": 0,
						"w": 66,
						"h": 50
					},
					"frame": {
						"x": 1,
						"y": 1,
						"w": 66,
						"h": 50
					}
				},
				{
					"filename": "stand_left_000",
					"rotated": false,
					"trimmed": false,
					"sourceSize": {
						"w": 66,
						"h": 50
					},
					"spriteSourceSize": {
						"x": 0,
						"y": 0,
						"w": 66,
						"h": 50
					},
					"frame": {
						"x": 1,
						"y": 1,
						"w": 66,
						"h": 50
					}
				},
				{
					"filename": "stand_right_000",
					"rotated": false,
					"trimmed": false,
					"sourceSize": {
						"w": 66,
						"h": 50
					},
					"spriteSourceSize": {
						"x": 0,
						"y": 0,
						"w": 66,
						"h": 50
					},
					"frame": {
						"x": 1,
						"y": 1,
						"w": 66,
						"h": 50
					}
				},
				{
					"filename": "stand_up_000",
					"rotated": false,
					"trimmed": false,
					"sourceSize": {
						"w": 66,
						"h": 50
					},
					"spriteSourceSize": {
						"x": 0,
						"y": 0,
						"w": 66,
						"h": 50
					},
					"frame": {
						"x": 1,
						"y": 1,
						"w": 66,
						"h": 50
					}
				}
			]
		}
	],
	"meta": {
		"app": "https://www.codeandweb.com/texturepacker",
		"version": "3.0",
		"smartupdate": "$TexturePacker:SmartUpdate:74c075755f0634e98e5fdc88da3109f7:2753cc30c06b87c3701bf2e3123a67e7:b3f8158217f4125f401f91e01d3c4e99$"
	}
}
