{
	"generator_info": "Shape definitions generated with PhysicsEditor. Visit https://www.codeandweb.com/physicseditor",
	"stand_down_000": {
		"type": "fromPhysicsEditor",
		"label": "stand_down_000",
		"isStatic": false,
		"density": 0.10000000149011612,
		"restitution": 0,
		"friction": 0.10000000149011612,
		"frictionAir": 0.009999999776482582,
		"frictionStatic": 0.5,
		"collisionFilter": {
			"group": 0,
			"category": 1,
			"mask": 255
		},
		"fixtures": [
			{
				"label": "",
				"isSensor": false,
				"vertices": [
					[ { "x":60, "y":63 }, { "x":60, "y":4 }, { "x":50, "y":0 }, { "x":45, "y":58 }, { "x":46, "y":63 } ],
					[ { "x":56, "y":0 }, { "x":50, "y":0 }, { "x":60, "y":4 } ],
					[ { "x":15, "y":63 }, { "x":16, "y":58 }, { "x":15, "y":3 }, { "x":2, "y":3 }, { "x":0, "y":4 }, { "x":0, "y":62 } ],
					[ { "x":10, "y":0 }, { "x":2, "y":1 }, { "x":2, "y":3 }, { "x":11, "y":2 } ],
					[ { "x":11, "y":2 }, { "x":2, "y":3 }, { "x":15, "y":3 } ],
					[ { "x":15, "y":3 }, { "x":16, "y":58 }, { "x":45, "y":3 } ],
					[ { "x":45, "y":3 }, { "x":16, "y":58 }, { "x":18, "y":56 }, { "x":49, "y":2 } ],
					[ { "x":45, "y":58 }, { "x":50, "y":0 }, { "x":49, "y":2 }, { "x":43, "y":56 } ],
					[ { "x":43, "y":56 }, { "x":49, "y":2 }, { "x":18, "y":56 } ]
				]
			}
		]
	},
	"stand_left_000": {
		"type": "fromPhysicsEditor",
		"label": "stand_left_000",
		"isStatic": false,
		"density": 0.10000000149011612,
		"restitution": 0,
		"friction": 0.10000000149011612,
		"frictionAir": 0.009999999776482582,
		"frictionStatic": 0.5,
		"collisionFilter": {
			"group": 0,
			"category": 1,
			"mask": 255
		},
		"fixtures": [
			{
				"label": "",
				"isSensor": false,
				"vertices": [
					[ { "x":60, "y":63 }, { "x":60, "y":4 }, { "x":50, "y":0 }, { "x":45, "y":58 }, { "x":46, "y":63 } ],
					[ { "x":56, "y":0 }, { "x":50, "y":0 }, { "x":60, "y":4 } ],
					[ { "x":15, "y":63 }, { "x":16, "y":58 }, { "x":15, "y":3 }, { "x":2, "y":3 }, { "x":0, "y":4 }, { "x":0, "y":62 } ],
					[ { "x":10, "y":0 }, { "x":2, "y":1 }, { "x":2, "y":3 }, { "x":11, "y":2 } ],
					[ { "x":11, "y":2 }, { "x":2, "y":3 }, { "x":15, "y":3 } ],
					[ { "x":15, "y":3 }, { "x":16, "y":58 }, { "x":45, "y":3 } ],
					[ { "x":45, "y":3 }, { "x":16, "y":58 }, { "x":18, "y":56 }, { "x":49, "y":2 } ],
					[ { "x":45, "y":58 }, { "x":50, "y":0 }, { "x":49, "y":2 }, { "x":43, "y":56 } ],
					[ { "x":43, "y":56 }, { "x":49, "y":2 }, { "x":18, "y":56 } ]
				]
			}
		]
	},
	"stand_right_000": {
		"type": "fromPhysicsEditor",
		"label": "stand_right_000",
		"isStatic": false,
		"density": 0.10000000149011612,
		"restitution": 0,
		"friction": 0.10000000149011612,
		"frictionAir": 0.009999999776482582,
		"frictionStatic": 0.5,
		"collisionFilter": {
			"group": 0,
			"category": 1,
			"mask": 255
		},
		"fixtures": [
			{
				"label": "",
				"isSensor": false,
				"vertices": [
					[ { "x":60, "y":63 }, { "x":60, "y":4 }, { "x":50, "y":0 }, { "x":45, "y":58 }, { "x":46, "y":63 } ],
					[ { "x":56, "y":0 }, { "x":50, "y":0 }, { "x":60, "y":4 } ],
					[ { "x":15, "y":63 }, { "x":16, "y":58 }, { "x":15, "y":3 }, { "x":2, "y":3 }, { "x":0, "y":4 }, { "x":0, "y":62 } ],
					[ { "x":10, "y":0 }, { "x":2, "y":1 }, { "x":2, "y":3 }, { "x":11, "y":2 } ],
					[ { "x":11, "y":2 }, { "x":2, "y":3 }, { "x":15, "y":3 } ],
					[ { "x":15, "y":3 }, { "x":16, "y":58 }, { "x":45, "y":3 } ],
					[ { "x":45, "y":3 }, { "x":16, "y":58 }, { "x":18, "y":56 }, { "x":49, "y":2 } ],
					[ { "x":45, "y":58 }, { "x":50, "y":0 }, { "x":49, "y":2 }, { "x":43, "y":56 } ],
					[ { "x":43, "y":56 }, { "x":49, "y":2 }, { "x":18, "y":56 } ]
				]
			}
		]
	},
	"stand_up_000": {
		"type": "fromPhysicsEditor",
		"label": "stand_up_000",
		"isStatic": false,
		"density": 0.1,
		"restitution": 0,
		"friction": 0.1,
		"frictionAir": 0.01,
		"frictionStatic": 0.5,
		"collisionFilter": {
			"group": 0,
			"category": 1,
			"mask": 255
		},
		"fixtures": [
			{
				"label": "",
				"isSensor": false,
				"vertices": [
					[ { "x":60, "y":63 }, { "x":60, "y":4 }, { "x":50, "y":0 }, { "x":45, "y":58 }, { "x":46, "y":63 } ],
					[ { "x":56, "y":0 }, { "x":50, "y":0 }, { "x":60, "y":4 } ],
					[ { "x":15, "y":63 }, { "x":16, "y":58 }, { "x":15, "y":3 }, { "x":2, "y":3 }, { "x":0, "y":4 }, { "x":0, "y":62 } ],
					[ { "x":10, "y":0 }, { "x":2, "y":1 }, { "x":2, "y":3 }, { "x":11, "y":2 } ],
					[ { "x":11, "y":2 }, { "x":2, "y":3 }, { "x":15, "y":3 } ],
					[ { "x":15, "y":3 }, { "x":16, "y":58 }, { "x":45, "y":3 } ],
					[ { "x":45, "y":3 }, { "x":16, "y":58 }, { "x":18, "y":56 }, { "x":49, "y":2 } ],
					[ { "x":45, "y":58 }, { "x":50, "y":0 }, { "x":49, "y":2 }, { "x":43, "y":56 } ],
					[ { "x":43, "y":56 }, { "x":49, "y":2 }, { "x":18, "y":56 } ]
				]
			}
		]
	}
}
