{
	"textures": [
		{
			"image": "/assets/sprites/furniture/table_1.png",
			"format": "RGBA8888",
			"size": {
				"w": 63,
				"h": 65
			},
			"scale": 1,
			"frames": [
				{
					"filename": "stand_down_000",
					"rotated": false,
					"trimmed": false,
					"sourceSize": {
						"w": 61,
						"h": 63
					},
					"spriteSourceSize": {
						"x": 0,
						"y": 0,
						"w": 61,
						"h": 63
					},
					"frame": {
						"x": 1,
						"y": 1,
						"w": 61,
						"h": 63
					}
				},
				{
					"filename": "stand_left_000",
					"rotated": false,
					"trimmed": false,
					"sourceSize": {
						"w": 61,
						"h": 63
					},
					"spriteSourceSize": {
						"x": 0,
						"y": 0,
						"w": 61,
						"h": 63
					},
					"frame": {
						"x": 1,
						"y": 1,
						"w": 61,
						"h": 63
					}
				},
				{
					"filename": "stand_right_000",
					"rotated": false,
					"trimmed": false,
					"sourceSize": {
						"w": 61,
						"h": 63
					},
					"spriteSourceSize": {
						"x": 0,
						"y": 0,
						"w": 61,
						"h": 63
					},
					"frame": {
						"x": 1,
						"y": 1,
						"w": 61,
						"h": 63
					}
				},
				{
					"filename": "stand_up_000",
					"rotated": false,
					"trimmed": false,
					"sourceSize": {
						"w": 61,
						"h": 63
					},
					"spriteSourceSize": {
						"x": 0,
						"y": 0,
						"w": 61,
						"h": 63
					},
					"frame": {
						"x": 1,
						"y": 1,
						"w": 61,
						"h": 63
					}
				}
			]
		}
	],
	"meta": {
		"app": "https://www.codeandweb.com/texturepacker",
		"version": "3.0",
		"smartupdate": "$TexturePacker:SmartUpdate:7deafb64e7cb72a22f9cb506fcb8b226:575245ad79cd06ed9d84bbc2cce2624b:cdf6ceefe96d57dbc0651ee430a7e4fa$"
	}
}
