{
	"generator_info": "Shape definitions generated with PhysicsEditor. Visit https://www.codeandweb.com/physicseditor",
	"stand_down_000": {
		"type": "fromPhysicsEditor",
		"label": "stand_down_000",
		"isStatic": false,
		"density": 0.1,
		"restitution": 0,
		"friction": 0.1,
		"frictionAir": 0.01,
		"frictionStatic": 0.5,
		"collisionFilter": {
			"group": 0,
			"category": 1,
			"mask": 255
		},
		"fixtures": [
			{
				"label": "",
				"isSensor": false,
				"vertices": [
					[ { "x":111, "y":208 }, { "x":114, "y":208 }, { "x":122, "y":207 }, { "x":111, "y":205 } ],
					[ { "x":114, "y":211 }, { "x":122, "y":207 }, { "x":114, "y":208 } ],
					[ { "x":102, "y":197 }, { "x":102, "y":199 }, { "x":108, "y":203 }, { "x":104, "y":197 } ],
					[ { "x":101, "y":205 }, { "x":106, "y":205 }, { "x":108, "y":203 }, { "x":102, "y":199 }, { "x":100, "y":200 } ],
					[ { "x":109, "y":206 }, { "x":111, "y":205 }, { "x":107, "y":191 }, { "x":108, "y":203 } ],
					[ { "x":121, "y":211 }, { "x":122, "y":207 }, { "x":116, "y":210 }, { "x":116, "y":212 } ],
					[ { "x":135, "y":210 }, { "x":138, "y":204 }, { "x":129, "y":184 }, { "x":111, "y":176 }, { "x":124, "y":208 }, { "x":125, "y":209 } ],
					[ { "x":124, "y":211 }, { "x":125, "y":209 }, { "x":124, "y":208 } ],
					[ { "x":129, "y":176 }, { "x":111, "y":176 }, { "x":129, "y":184 } ],
					[ { "x":104, "y":197 }, { "x":108, "y":203 }, { "x":107, "y":191 } ],
					[ { "x":111, "y":205 }, { "x":122, "y":207 }, { "x":111, "y":176 }, { "x":109, "y":178 }, { "x":107, "y":191 } ],
					[ { "x":122, "y":207 }, { "x":124, "y":208 }, { "x":111, "y":176 } ]
				]
			}
		]
	},
	"stand_left_000": {
		"type": "fromPhysicsEditor",
		"label": "stand_left_000",
		"isStatic": false,
		"density": 0.10000000149011612,
		"restitution": 0,
		"friction": 0.10000000149011612,
		"frictionAir": 0.009999999776482582,
		"frictionStatic": 0.5,
		"collisionFilter": {
			"group": 0,
			"category": 1,
			"mask": 255
		},
		"fixtures": [
			{
				"label": "",
				"isSensor": false,
				"vertices": [
					[ { "x":111, "y":208 }, { "x":114, "y":208 }, { "x":122, "y":207 }, { "x":111, "y":205 } ],
					[ { "x":114, "y":211 }, { "x":122, "y":207 }, { "x":114, "y":208 } ],
					[ { "x":102, "y":197 }, { "x":102, "y":199 }, { "x":108, "y":203 }, { "x":104, "y":197 } ],
					[ { "x":101, "y":205 }, { "x":106, "y":205 }, { "x":108, "y":203 }, { "x":102, "y":199 }, { "x":100, "y":200 } ],
					[ { "x":109, "y":206 }, { "x":111, "y":205 }, { "x":107, "y":191 }, { "x":108, "y":203 } ],
					[ { "x":121, "y":211 }, { "x":122, "y":207 }, { "x":116, "y":210 }, { "x":116, "y":212 } ],
					[ { "x":135, "y":210 }, { "x":138, "y":204 }, { "x":129, "y":184 }, { "x":111, "y":176 }, { "x":124, "y":208 }, { "x":125, "y":209 } ],
					[ { "x":124, "y":211 }, { "x":125, "y":209 }, { "x":124, "y":208 } ],
					[ { "x":129, "y":176 }, { "x":111, "y":176 }, { "x":129, "y":184 } ],
					[ { "x":104, "y":197 }, { "x":108, "y":203 }, { "x":107, "y":191 } ],
					[ { "x":111, "y":205 }, { "x":122, "y":207 }, { "x":111, "y":176 }, { "x":109, "y":178 }, { "x":107, "y":191 } ],
					[ { "x":122, "y":207 }, { "x":124, "y":208 }, { "x":111, "y":176 } ]
				]
			}
		]
	},
	"stand_right_000": {
		"type": "fromPhysicsEditor",
		"label": "stand_right_000",
		"isStatic": false,
		"density": 0.10000000149011612,
		"restitution": 0,
		"friction": 0.10000000149011612,
		"frictionAir": 0.009999999776482582,
		"frictionStatic": 0.5,
		"collisionFilter": {
			"group": 0,
			"category": 1,
			"mask": 255
		},
		"fixtures": [
			{
				"label": "",
				"isSensor": false,
				"vertices": [
					[ { "x":111, "y":208 }, { "x":114, "y":208 }, { "x":122, "y":207 }, { "x":111, "y":205 } ],
					[ { "x":114, "y":211 }, { "x":122, "y":207 }, { "x":114, "y":208 } ],
					[ { "x":102, "y":197 }, { "x":102, "y":199 }, { "x":108, "y":203 }, { "x":104, "y":197 } ],
					[ { "x":101, "y":205 }, { "x":106, "y":205 }, { "x":108, "y":203 }, { "x":102, "y":199 }, { "x":100, "y":200 } ],
					[ { "x":109, "y":206 }, { "x":111, "y":205 }, { "x":107, "y":191 }, { "x":108, "y":203 } ],
					[ { "x":121, "y":211 }, { "x":122, "y":207 }, { "x":116, "y":210 }, { "x":116, "y":212 } ],
					[ { "x":135, "y":210 }, { "x":138, "y":204 }, { "x":129, "y":184 }, { "x":111, "y":176 }, { "x":124, "y":208 }, { "x":125, "y":209 } ],
					[ { "x":124, "y":211 }, { "x":125, "y":209 }, { "x":124, "y":208 } ],
					[ { "x":129, "y":176 }, { "x":111, "y":176 }, { "x":129, "y":184 } ],
					[ { "x":104, "y":197 }, { "x":108, "y":203 }, { "x":107, "y":191 } ],
					[ { "x":111, "y":205 }, { "x":122, "y":207 }, { "x":111, "y":176 }, { "x":109, "y":178 }, { "x":107, "y":191 } ],
					[ { "x":122, "y":207 }, { "x":124, "y":208 }, { "x":111, "y":176 } ]
				]
			}
		]
	},
	"stand_up_000": {
		"type": "fromPhysicsEditor",
		"label": "stand_up_000",
		"isStatic": false,
		"density": 0.10000000149011612,
		"restitution": 0,
		"friction": 0.10000000149011612,
		"frictionAir": 0.009999999776482582,
		"frictionStatic": 0.5,
		"collisionFilter": {
			"group": 0,
			"category": 1,
			"mask": 255
		},
		"fixtures": [
			{
				"label": "",
				"isSensor": false,
				"vertices": [
					[ { "x":111, "y":208 }, { "x":114, "y":208 }, { "x":122, "y":207 }, { "x":111, "y":205 } ],
					[ { "x":114, "y":211 }, { "x":122, "y":207 }, { "x":114, "y":208 } ],
					[ { "x":102, "y":197 }, { "x":102, "y":199 }, { "x":108, "y":203 }, { "x":104, "y":197 } ],
					[ { "x":101, "y":205 }, { "x":106, "y":205 }, { "x":108, "y":203 }, { "x":102, "y":199 }, { "x":100, "y":200 } ],
					[ { "x":109, "y":206 }, { "x":111, "y":205 }, { "x":107, "y":191 }, { "x":108, "y":203 } ],
					[ { "x":121, "y":211 }, { "x":122, "y":207 }, { "x":116, "y":210 }, { "x":116, "y":212 } ],
					[ { "x":135, "y":210 }, { "x":138, "y":204 }, { "x":129, "y":184 }, { "x":111, "y":176 }, { "x":124, "y":208 }, { "x":125, "y":209 } ],
					[ { "x":124, "y":211 }, { "x":125, "y":209 }, { "x":124, "y":208 } ],
					[ { "x":129, "y":176 }, { "x":111, "y":176 }, { "x":129, "y":184 } ],
					[ { "x":104, "y":197 }, { "x":108, "y":203 }, { "x":107, "y":191 } ],
					[ { "x":111, "y":205 }, { "x":122, "y":207 }, { "x":111, "y":176 }, { "x":109, "y":178 }, { "x":107, "y":191 } ],
					[ { "x":122, "y":207 }, { "x":124, "y":208 }, { "x":111, "y":176 } ]
				]
			}
		]
	}
}
