{
	"textures": [
		{
			"image": "/assets/sprites/treesBushesPlants/tree1d.png",
			"format": "RGBA8888",
			"size": {
				"w": 231,
				"h": 208
			},
			"scale": 1,
			"frames": [
				{
					"filename": "stand_down_000",
					"rotated": false,
					"trimmed": true,
					"sourceSize": {
						"w": 240,
						"h": 240
					},
					"spriteSourceSize": {
						"x": 6,
						"y": 7,
						"w": 229,
						"h": 206
					},
					"frame": {
						"x": 1,
						"y": 1,
						"w": 229,
						"h": 206
					}
				},
				{
					"filename": "stand_left_000",
					"rotated": false,
					"trimmed": true,
					"sourceSize": {
						"w": 240,
						"h": 240
					},
					"spriteSourceSize": {
						"x": 6,
						"y": 7,
						"w": 229,
						"h": 206
					},
					"frame": {
						"x": 1,
						"y": 1,
						"w": 229,
						"h": 206
					}
				},
				{
					"filename": "stand_right_000",
					"rotated": false,
					"trimmed": true,
					"sourceSize": {
						"w": 240,
						"h": 240
					},
					"spriteSourceSize": {
						"x": 6,
						"y": 7,
						"w": 229,
						"h": 206
					},
					"frame": {
						"x": 1,
						"y": 1,
						"w": 229,
						"h": 206
					}
				},
				{
					"filename": "stand_up_000",
					"rotated": false,
					"trimmed": true,
					"sourceSize": {
						"w": 240,
						"h": 240
					},
					"spriteSourceSize": {
						"x": 6,
						"y": 7,
						"w": 229,
						"h": 206
					},
					"frame": {
						"x": 1,
						"y": 1,
						"w": 229,
						"h": 206
					}
				}
			]
		}
	],
	"meta": {
		"app": "https://www.codeandweb.com/texturepacker",
		"version": "3.0",
		"smartupdate": "$TexturePacker:SmartUpdate:16790686c5ef5bd71419dd26b8717375:11345c5fbd1fa4d16d856c394233ffdc:3a9dff1ac9c9c5452f3f30c80a98f39a$"
	}
}
