{
	"generator_info": "Shape definitions generated with PhysicsEditor. Visit https://www.codeandweb.com/physicseditor",
	"stand_down_000": {
		"type": "fromPhysicsEditor",
		"label": "stand_down_000",
		"isStatic": false,
		"density": 0.1,
		"restitution": 0,
		"friction": 0.1,
		"frictionAir": 0.01,
		"frictionStatic": 0.5,
		"collisionFilter": {
			"group": 0,
			"category": 1,
			"mask": 255
		},
		"fixtures": [
			{
				"label": "",
				"isSensor": false,
				"vertices": [
					[ { "x":111, "y":216 }, { "x":114, "y":216 }, { "x":122, "y":215 }, { "x":111, "y":213 } ],
					[ { "x":114, "y":219 }, { "x":122, "y":215 }, { "x":114, "y":216 } ],
					[ { "x":102, "y":205 }, { "x":102, "y":207 }, { "x":108, "y":211 }, { "x":104, "y":205 } ],
					[ { "x":101, "y":213 }, { "x":106, "y":213 }, { "x":108, "y":211 }, { "x":102, "y":207 }, { "x":100, "y":208 } ],
					[ { "x":109, "y":214 }, { "x":111, "y":213 }, { "x":107, "y":199 }, { "x":108, "y":211 } ],
					[ { "x":121, "y":219 }, { "x":122, "y":215 }, { "x":116, "y":218 }, { "x":116, "y":220 } ],
					[ { "x":135, "y":218 }, { "x":138, "y":212 }, { "x":129, "y":192 }, { "x":111, "y":184 }, { "x":124, "y":216 }, { "x":125, "y":217 } ],
					[ { "x":124, "y":219 }, { "x":125, "y":217 }, { "x":124, "y":216 } ],
					[ { "x":129, "y":184 }, { "x":111, "y":184 }, { "x":129, "y":192 } ],
					[ { "x":104, "y":205 }, { "x":108, "y":211 }, { "x":107, "y":199 } ],
					[ { "x":111, "y":213 }, { "x":122, "y":215 }, { "x":111, "y":184 }, { "x":109, "y":186 }, { "x":107, "y":199 } ],
					[ { "x":122, "y":215 }, { "x":124, "y":216 }, { "x":111, "y":184 } ]
				]
			}
		]
	},
	"stand_left_000": {
		"type": "fromPhysicsEditor",
		"label": "stand_left_000",
		"isStatic": false,
		"density": 0.10000000149011612,
		"restitution": 0,
		"friction": 0.10000000149011612,
		"frictionAir": 0.009999999776482582,
		"frictionStatic": 0.5,
		"collisionFilter": {
			"group": 0,
			"category": 1,
			"mask": 255
		},
		"fixtures": [
			{
				"label": "",
				"isSensor": false,
				"vertices": [
					[ { "x":111, "y":216 }, { "x":114, "y":216 }, { "x":122, "y":215 }, { "x":111, "y":213 } ],
					[ { "x":114, "y":219 }, { "x":122, "y":215 }, { "x":114, "y":216 } ],
					[ { "x":102, "y":205 }, { "x":102, "y":207 }, { "x":108, "y":211 }, { "x":104, "y":205 } ],
					[ { "x":101, "y":213 }, { "x":106, "y":213 }, { "x":108, "y":211 }, { "x":102, "y":207 }, { "x":100, "y":208 } ],
					[ { "x":109, "y":214 }, { "x":111, "y":213 }, { "x":107, "y":199 }, { "x":108, "y":211 } ],
					[ { "x":121, "y":219 }, { "x":122, "y":215 }, { "x":116, "y":218 }, { "x":116, "y":220 } ],
					[ { "x":135, "y":218 }, { "x":138, "y":212 }, { "x":129, "y":192 }, { "x":111, "y":184 }, { "x":124, "y":216 }, { "x":125, "y":217 } ],
					[ { "x":124, "y":219 }, { "x":125, "y":217 }, { "x":124, "y":216 } ],
					[ { "x":129, "y":184 }, { "x":111, "y":184 }, { "x":129, "y":192 } ],
					[ { "x":104, "y":205 }, { "x":108, "y":211 }, { "x":107, "y":199 } ],
					[ { "x":111, "y":213 }, { "x":122, "y":215 }, { "x":111, "y":184 }, { "x":109, "y":186 }, { "x":107, "y":199 } ],
					[ { "x":122, "y":215 }, { "x":124, "y":216 }, { "x":111, "y":184 } ]
				]
			}
		]
	},
	"stand_right_000": {
		"type": "fromPhysicsEditor",
		"label": "stand_right_000",
		"isStatic": false,
		"density": 0.10000000149011612,
		"restitution": 0,
		"friction": 0.10000000149011612,
		"frictionAir": 0.009999999776482582,
		"frictionStatic": 0.5,
		"collisionFilter": {
			"group": 0,
			"category": 1,
			"mask": 255
		},
		"fixtures": [
			{
				"label": "",
				"isSensor": false,
				"vertices": [
					[ { "x":111, "y":216 }, { "x":114, "y":216 }, { "x":122, "y":215 }, { "x":111, "y":213 } ],
					[ { "x":114, "y":219 }, { "x":122, "y":215 }, { "x":114, "y":216 } ],
					[ { "x":102, "y":205 }, { "x":102, "y":207 }, { "x":108, "y":211 }, { "x":104, "y":205 } ],
					[ { "x":101, "y":213 }, { "x":106, "y":213 }, { "x":108, "y":211 }, { "x":102, "y":207 }, { "x":100, "y":208 } ],
					[ { "x":109, "y":214 }, { "x":111, "y":213 }, { "x":107, "y":199 }, { "x":108, "y":211 } ],
					[ { "x":121, "y":219 }, { "x":122, "y":215 }, { "x":116, "y":218 }, { "x":116, "y":220 } ],
					[ { "x":135, "y":218 }, { "x":138, "y":212 }, { "x":129, "y":192 }, { "x":111, "y":184 }, { "x":124, "y":216 }, { "x":125, "y":217 } ],
					[ { "x":124, "y":219 }, { "x":125, "y":217 }, { "x":124, "y":216 } ],
					[ { "x":129, "y":184 }, { "x":111, "y":184 }, { "x":129, "y":192 } ],
					[ { "x":104, "y":205 }, { "x":108, "y":211 }, { "x":107, "y":199 } ],
					[ { "x":111, "y":213 }, { "x":122, "y":215 }, { "x":111, "y":184 }, { "x":109, "y":186 }, { "x":107, "y":199 } ],
					[ { "x":122, "y":215 }, { "x":124, "y":216 }, { "x":111, "y":184 } ]
				]
			}
		]
	},
	"stand_up_000": {
		"type": "fromPhysicsEditor",
		"label": "stand_up_000",
		"isStatic": false,
		"density": 0.10000000149011612,
		"restitution": 0,
		"friction": 0.10000000149011612,
		"frictionAir": 0.009999999776482582,
		"frictionStatic": 0.5,
		"collisionFilter": {
			"group": 0,
			"category": 1,
			"mask": 255
		},
		"fixtures": [
			{
				"label": "",
				"isSensor": false,
				"vertices": [
					[ { "x":111, "y":216 }, { "x":114, "y":216 }, { "x":122, "y":215 }, { "x":111, "y":213 } ],
					[ { "x":114, "y":219 }, { "x":122, "y":215 }, { "x":114, "y":216 } ],
					[ { "x":102, "y":205 }, { "x":102, "y":207 }, { "x":108, "y":211 }, { "x":104, "y":205 } ],
					[ { "x":101, "y":213 }, { "x":106, "y":213 }, { "x":108, "y":211 }, { "x":102, "y":207 }, { "x":100, "y":208 } ],
					[ { "x":109, "y":214 }, { "x":111, "y":213 }, { "x":107, "y":199 }, { "x":108, "y":211 } ],
					[ { "x":121, "y":219 }, { "x":122, "y":215 }, { "x":116, "y":218 }, { "x":116, "y":220 } ],
					[ { "x":135, "y":218 }, { "x":138, "y":212 }, { "x":129, "y":192 }, { "x":111, "y":184 }, { "x":124, "y":216 }, { "x":125, "y":217 } ],
					[ { "x":124, "y":219 }, { "x":125, "y":217 }, { "x":124, "y":216 } ],
					[ { "x":129, "y":184 }, { "x":111, "y":184 }, { "x":129, "y":192 } ],
					[ { "x":104, "y":205 }, { "x":108, "y":211 }, { "x":107, "y":199 } ],
					[ { "x":111, "y":213 }, { "x":122, "y":215 }, { "x":111, "y":184 }, { "x":109, "y":186 }, { "x":107, "y":199 } ],
					[ { "x":122, "y":215 }, { "x":124, "y":216 }, { "x":111, "y":184 } ]
				]
			}
		]
	}
}
