{
	"textures": [
		{
			"image": "/assets/sprites/treesBushesPlants/tree1c.png",
			"format": "RGBA8888",
			"size": {
				"w": 231,
				"h": 208
			},
			"scale": 1,
			"frames": [
				{
					"filename": "stand_down_000",
					"rotated": false,
					"trimmed": true,
					"sourceSize": {
						"w": 240,
						"h": 240
					},
					"spriteSourceSize": {
						"x": 6,
						"y": 15,
						"w": 229,
						"h": 206
					},
					"frame": {
						"x": 1,
						"y": 1,
						"w": 229,
						"h": 206
					}
				},
				{
					"filename": "stand_left_000",
					"rotated": false,
					"trimmed": true,
					"sourceSize": {
						"w": 240,
						"h": 240
					},
					"spriteSourceSize": {
						"x": 6,
						"y": 15,
						"w": 229,
						"h": 206
					},
					"frame": {
						"x": 1,
						"y": 1,
						"w": 229,
						"h": 206
					}
				},
				{
					"filename": "stand_right_000",
					"rotated": false,
					"trimmed": true,
					"sourceSize": {
						"w": 240,
						"h": 240
					},
					"spriteSourceSize": {
						"x": 6,
						"y": 15,
						"w": 229,
						"h": 206
					},
					"frame": {
						"x": 1,
						"y": 1,
						"w": 229,
						"h": 206
					}
				},
				{
					"filename": "stand_up_000",
					"rotated": false,
					"trimmed": true,
					"sourceSize": {
						"w": 240,
						"h": 240
					},
					"spriteSourceSize": {
						"x": 6,
						"y": 15,
						"w": 229,
						"h": 206
					},
					"frame": {
						"x": 1,
						"y": 1,
						"w": 229,
						"h": 206
					}
				}
			]
		}
	],
	"meta": {
		"app": "https://www.codeandweb.com/texturepacker",
		"version": "3.0",
		"smartupdate": "$TexturePacker:SmartUpdate:251cb8822e0e97f8b9d95a36a9c5e506:a14754efdd386d9c1f85d13c4dd77e03:cc78233b4b473bf49cd66488efb2145c$"
	}
}
