{
	"generator_info": "Shape definitions generated with PhysicsEditor. Visit https://www.codeandweb.com/physicseditor",
	"stand_down_000": {
		"type": "fromPhysicsEditor",
		"label": "stand_down_000",
		"isStatic": false,
		"density": 0.10000000149011612,
		"restitution": 0,
		"friction": 0.10000000149011612,
		"frictionAir": 0.009999999776482582,
		"frictionStatic": 0.5,
		"collisionFilter": {
			"group": 0,
			"category": 1,
			"mask": 255
		},
		"fixtures": [
			{
				"label": "",
				"isSensor": false,
				"vertices": [
					[ { "x":18, "y":1 }, { "x":15, "y":3 }, { "x":20, "y":6 }, { "x":20, "y":3 } ],
					[ { "x":27, "y":36 }, { "x":25, "y":32 }, { "x":19, "y":39 }, { "x":23, "y":40 } ],
					[ { "x":0, "y":34 }, { "x":0, "y":36 }, { "x":7, "y":39 }, { "x":19, "y":39 }, { "x":25, "y":32 }, { "x":2, "y":33 } ],
					[ { "x":9, "y":0 }, { "x":6, "y":11 }, { "x":15, "y":3 }, { "x":14, "y":1 } ],
					[ { "x":22, "y":7 }, { "x":20, "y":6 }, { "x":22, "y":11 } ],
					[ { "x":28, "y":21 }, { "x":24, "y":17 }, { "x":2, "y":33 }, { "x":25, "y":32 }, { "x":28, "y":28 } ],
					[ { "x":24, "y":13 }, { "x":22, "y":11 }, { "x":2, "y":33 }, { "x":24, "y":17 } ],
					[ { "x":20, "y":6 }, { "x":15, "y":3 }, { "x":6, "y":11 }, { "x":3, "y":17 }, { "x":0, "y":28 }, { "x":2, "y":33 }, { "x":22, "y":11 } ],
					[ { "x":4, "y":12 }, { "x":3, "y":17 }, { "x":6, "y":11 } ],
					[ { "x":0, "y":21 }, { "x":0, "y":28 }, { "x":3, "y":17 } ]
				]
			}
		]
	},
	"stand_left_000": {
		"type": "fromPhysicsEditor",
		"label": "stand_left_000",
		"isStatic": false,
		"density": 0.10000000149011612,
		"restitution": 0,
		"friction": 0.10000000149011612,
		"frictionAir": 0.009999999776482582,
		"frictionStatic": 0.5,
		"collisionFilter": {
			"group": 0,
			"category": 1,
			"mask": 255
		},
		"fixtures": [
			{
				"label": "",
				"isSensor": false,
				"vertices": [
					[ { "x":18, "y":1 }, { "x":15, "y":3 }, { "x":20, "y":6 }, { "x":20, "y":3 } ],
					[ { "x":27, "y":36 }, { "x":25, "y":32 }, { "x":19, "y":39 }, { "x":23, "y":40 } ],
					[ { "x":0, "y":34 }, { "x":0, "y":36 }, { "x":7, "y":39 }, { "x":19, "y":39 }, { "x":25, "y":32 }, { "x":2, "y":33 } ],
					[ { "x":9, "y":0 }, { "x":6, "y":11 }, { "x":15, "y":3 }, { "x":14, "y":1 } ],
					[ { "x":22, "y":7 }, { "x":20, "y":6 }, { "x":22, "y":11 } ],
					[ { "x":28, "y":21 }, { "x":24, "y":17 }, { "x":2, "y":33 }, { "x":25, "y":32 }, { "x":28, "y":28 } ],
					[ { "x":24, "y":13 }, { "x":22, "y":11 }, { "x":2, "y":33 }, { "x":24, "y":17 } ],
					[ { "x":20, "y":6 }, { "x":15, "y":3 }, { "x":6, "y":11 }, { "x":3, "y":17 }, { "x":0, "y":28 }, { "x":2, "y":33 }, { "x":22, "y":11 } ],
					[ { "x":4, "y":12 }, { "x":3, "y":17 }, { "x":6, "y":11 } ],
					[ { "x":0, "y":21 }, { "x":0, "y":28 }, { "x":3, "y":17 } ]
				]
			}
		]
	},
	"stand_right_000": {
		"type": "fromPhysicsEditor",
		"label": "stand_right_000",
		"isStatic": false,
		"density": 0.10000000149011612,
		"restitution": 0,
		"friction": 0.10000000149011612,
		"frictionAir": 0.009999999776482582,
		"frictionStatic": 0.5,
		"collisionFilter": {
			"group": 0,
			"category": 1,
			"mask": 255
		},
		"fixtures": [
			{
				"label": "",
				"isSensor": false,
				"vertices": [
					[ { "x":18, "y":1 }, { "x":15, "y":3 }, { "x":20, "y":6 }, { "x":20, "y":3 } ],
					[ { "x":27, "y":36 }, { "x":25, "y":32 }, { "x":19, "y":39 }, { "x":23, "y":40 } ],
					[ { "x":0, "y":34 }, { "x":0, "y":36 }, { "x":7, "y":39 }, { "x":19, "y":39 }, { "x":25, "y":32 }, { "x":2, "y":33 } ],
					[ { "x":9, "y":0 }, { "x":6, "y":11 }, { "x":15, "y":3 }, { "x":14, "y":1 } ],
					[ { "x":22, "y":7 }, { "x":20, "y":6 }, { "x":22, "y":11 } ],
					[ { "x":28, "y":21 }, { "x":24, "y":17 }, { "x":2, "y":33 }, { "x":25, "y":32 }, { "x":28, "y":28 } ],
					[ { "x":24, "y":13 }, { "x":22, "y":11 }, { "x":2, "y":33 }, { "x":24, "y":17 } ],
					[ { "x":20, "y":6 }, { "x":15, "y":3 }, { "x":6, "y":11 }, { "x":3, "y":17 }, { "x":0, "y":28 }, { "x":2, "y":33 }, { "x":22, "y":11 } ],
					[ { "x":4, "y":12 }, { "x":3, "y":17 }, { "x":6, "y":11 } ],
					[ { "x":0, "y":21 }, { "x":0, "y":28 }, { "x":3, "y":17 } ]
				]
			}
		]
	},
	"stand_up_000": {
		"type": "fromPhysicsEditor",
		"label": "stand_up_000",
		"isStatic": false,
		"density": 0.1,
		"restitution": 0,
		"friction": 0.1,
		"frictionAir": 0.01,
		"frictionStatic": 0.5,
		"collisionFilter": {
			"group": 0,
			"category": 1,
			"mask": 255
		},
		"fixtures": [
			{
				"label": "",
				"isSensor": false,
				"vertices": [
					[ { "x":18, "y":1 }, { "x":15, "y":3 }, { "x":20, "y":6 }, { "x":20, "y":3 } ],
					[ { "x":27, "y":36 }, { "x":25, "y":32 }, { "x":19, "y":39 }, { "x":23, "y":40 } ],
					[ { "x":0, "y":34 }, { "x":0, "y":36 }, { "x":7, "y":39 }, { "x":19, "y":39 }, { "x":25, "y":32 }, { "x":2, "y":33 } ],
					[ { "x":9, "y":0 }, { "x":6, "y":11 }, { "x":15, "y":3 }, { "x":14, "y":1 } ],
					[ { "x":22, "y":7 }, { "x":20, "y":6 }, { "x":22, "y":11 } ],
					[ { "x":28, "y":21 }, { "x":24, "y":17 }, { "x":2, "y":33 }, { "x":25, "y":32 }, { "x":28, "y":28 } ],
					[ { "x":24, "y":13 }, { "x":22, "y":11 }, { "x":2, "y":33 }, { "x":24, "y":17 } ],
					[ { "x":20, "y":6 }, { "x":15, "y":3 }, { "x":6, "y":11 }, { "x":3, "y":17 }, { "x":0, "y":28 }, { "x":2, "y":33 }, { "x":22, "y":11 } ],
					[ { "x":4, "y":12 }, { "x":3, "y":17 }, { "x":6, "y":11 } ],
					[ { "x":0, "y":21 }, { "x":0, "y":28 }, { "x":3, "y":17 } ]
				]
			}
		]
	}
}
