{
	"textures": [
		{
			"image": "/assets/sprites/furniture/plant_flowers_4.png",
			"format": "RGBA8888",
			"size": {
				"w": 30,
				"h": 42
			},
			"scale": 1,
			"frames": [
				{
					"filename": "stand_down_000",
					"rotated": false,
					"trimmed": false,
					"sourceSize": {
						"w": 28,
						"h": 40
					},
					"spriteSourceSize": {
						"x": 0,
						"y": 0,
						"w": 28,
						"h": 40
					},
					"frame": {
						"x": 1,
						"y": 1,
						"w": 28,
						"h": 40
					}
				},
				{
					"filename": "stand_left_000",
					"rotated": false,
					"trimmed": false,
					"sourceSize": {
						"w": 28,
						"h": 40
					},
					"spriteSourceSize": {
						"x": 0,
						"y": 0,
						"w": 28,
						"h": 40
					},
					"frame": {
						"x": 1,
						"y": 1,
						"w": 28,
						"h": 40
					}
				},
				{
					"filename": "stand_right_000",
					"rotated": false,
					"trimmed": false,
					"sourceSize": {
						"w": 28,
						"h": 40
					},
					"spriteSourceSize": {
						"x": 0,
						"y": 0,
						"w": 28,
						"h": 40
					},
					"frame": {
						"x": 1,
						"y": 1,
						"w": 28,
						"h": 40
					}
				},
				{
					"filename": "stand_up_000",
					"rotated": false,
					"trimmed": false,
					"sourceSize": {
						"w": 28,
						"h": 40
					},
					"spriteSourceSize": {
						"x": 0,
						"y": 0,
						"w": 28,
						"h": 40
					},
					"frame": {
						"x": 1,
						"y": 1,
						"w": 28,
						"h": 40
					}
				}
			]
		}
	],
	"meta": {
		"app": "https://www.codeandweb.com/texturepacker",
		"version": "3.0",
		"smartupdate": "$TexturePacker:SmartUpdate:dbdd854baaf83afb6d88c1cf99617158:3f460f0f61b110037b6edf7334b99e75:92b7b857ff133052c7775872b4fee84d$"
	}
}
