{
	"textures": [
		{
			"image": "/assets/sprites/furniture/barbecue1.png",
			"format": "RGBA8888",
			"size": {
				"w": 34,
				"h": 57
			},
			"scale": 1,
			"frames": [
				{
					"filename": "stand_down_000",
					"rotated": false,
					"trimmed": true,
					"sourceSize": {
						"w": 32,
						"h": 64
					},
					"spriteSourceSize": {
						"x": 0,
						"y": 9,
						"w": 32,
						"h": 55
					},
					"frame": {
						"x": 1,
						"y": 1,
						"w": 32,
						"h": 55
					}
				},
				{
					"filename": "stand_left_000",
					"rotated": false,
					"trimmed": true,
					"sourceSize": {
						"w": 32,
						"h": 64
					},
					"spriteSourceSize": {
						"x": 0,
						"y": 9,
						"w": 32,
						"h": 55
					},
					"frame": {
						"x": 1,
						"y": 1,
						"w": 32,
						"h": 55
					}
				},
				{
					"filename": "stand_right_000",
					"rotated": false,
					"trimmed": true,
					"sourceSize": {
						"w": 32,
						"h": 64
					},
					"spriteSourceSize": {
						"x": 0,
						"y": 9,
						"w": 32,
						"h": 55
					},
					"frame": {
						"x": 1,
						"y": 1,
						"w": 32,
						"h": 55
					}
				},
				{
					"filename": "stand_up_000",
					"rotated": false,
					"trimmed": true,
					"sourceSize": {
						"w": 32,
						"h": 64
					},
					"spriteSourceSize": {
						"x": 0,
						"y": 9,
						"w": 32,
						"h": 55
					},
					"frame": {
						"x": 1,
						"y": 1,
						"w": 32,
						"h": 55
					}
				}
			]
		}
	],
	"meta": {
		"app": "https://www.codeandweb.com/texturepacker",
		"version": "3.0",
		"smartupdate": "$TexturePacker:SmartUpdate:c2e08bca06fc8046a09da45309b51fb5:425b30193bec96d21fb7e9ed33af08d4:ea468aa87264a23948641aaf042dac31$"
	}
}
