{
	"textures": [
		{
			"image": "/assets/sprites/furniture/sunshade_cyan.png",
			"format": "RGBA8888",
			"size": {
				"w": 162,
				"h": 194
			},
			"scale": 1,
			"frames": [
				{
					"filename": "stand_down_000",
					"rotated": false,
					"trimmed": false,
					"sourceSize": {
						"w": 160,
						"h": 192
					},
					"spriteSourceSize": {
						"x": 0,
						"y": 0,
						"w": 160,
						"h": 192
					},
					"frame": {
						"x": 1,
						"y": 1,
						"w": 160,
						"h": 192
					}
				},
				{
					"filename": "stand_left_000",
					"rotated": false,
					"trimmed": false,
					"sourceSize": {
						"w": 160,
						"h": 192
					},
					"spriteSourceSize": {
						"x": 0,
						"y": 0,
						"w": 160,
						"h": 192
					},
					"frame": {
						"x": 1,
						"y": 1,
						"w": 160,
						"h": 192
					}
				},
				{
					"filename": "stand_right_000",
					"rotated": false,
					"trimmed": false,
					"sourceSize": {
						"w": 160,
						"h": 192
					},
					"spriteSourceSize": {
						"x": 0,
						"y": 0,
						"w": 160,
						"h": 192
					},
					"frame": {
						"x": 1,
						"y": 1,
						"w": 160,
						"h": 192
					}
				},
				{
					"filename": "stand_up_000",
					"rotated": false,
					"trimmed": false,
					"sourceSize": {
						"w": 160,
						"h": 192
					},
					"spriteSourceSize": {
						"x": 0,
						"y": 0,
						"w": 160,
						"h": 192
					},
					"frame": {
						"x": 1,
						"y": 1,
						"w": 160,
						"h": 192
					}
				}
			]
		}
	],
	"meta": {
		"app": "https://www.codeandweb.com/texturepacker",
		"version": "3.0",
		"smartupdate": "$TexturePacker:SmartUpdate:ae7a28d4ebb5ee1333dba6ab5aeb1122:27d25f63955c2ad434cf2bc462a20c3c:c9436cbb3cffd7d6fa983638b5197d4c$"
	}
}
