{
	"textures": [
		{
			"image": "/assets/sprites/furniture/tabouret_1.png",
			"format": "RGBA8888",
			"size": {
				"w": 44,
				"h": 38
			},
			"scale": 1,
			"frames": [
				{
					"filename": "stand_down_000",
					"rotated": false,
					"trimmed": false,
					"sourceSize": {
						"w": 42,
						"h": 36
					},
					"spriteSourceSize": {
						"x": 0,
						"y": 0,
						"w": 42,
						"h": 36
					},
					"frame": {
						"x": 1,
						"y": 1,
						"w": 42,
						"h": 36
					}
				},
				{
					"filename": "stand_left_000",
					"rotated": false,
					"trimmed": false,
					"sourceSize": {
						"w": 42,
						"h": 36
					},
					"spriteSourceSize": {
						"x": 0,
						"y": 0,
						"w": 42,
						"h": 36
					},
					"frame": {
						"x": 1,
						"y": 1,
						"w": 42,
						"h": 36
					}
				},
				{
					"filename": "stand_right_000",
					"rotated": false,
					"trimmed": false,
					"sourceSize": {
						"w": 42,
						"h": 36
					},
					"spriteSourceSize": {
						"x": 0,
						"y": 0,
						"w": 42,
						"h": 36
					},
					"frame": {
						"x": 1,
						"y": 1,
						"w": 42,
						"h": 36
					}
				},
				{
					"filename": "stand_up_000",
					"rotated": false,
					"trimmed": false,
					"sourceSize": {
						"w": 42,
						"h": 36
					},
					"spriteSourceSize": {
						"x": 0,
						"y": 0,
						"w": 42,
						"h": 36
					},
					"frame": {
						"x": 1,
						"y": 1,
						"w": 42,
						"h": 36
					}
				}
			]
		}
	],
	"meta": {
		"app": "https://www.codeandweb.com/texturepacker",
		"version": "3.0",
		"smartupdate": "$TexturePacker:SmartUpdate:ef1d24421d4af4703d44ff59e8173711:3e5f2f39ab5d2728ae0b1909ba2dd509:3c17b3a6203f7d3b5ba9255ca2815d37$"
	}
}
