{
	"generator_info": "Shape definitions generated with PhysicsEditor. Visit https://www.codeandweb.com/physicseditor",
	"stand_down_000": {
		"type": "fromPhysicsEditor",
		"label": "stand_down_000",
		"isStatic": false,
		"density": 0.1,
		"restitution": 0,
		"friction": 0.1,
		"frictionAir": 0.01,
		"frictionStatic": 0.5,
		"collisionFilter": {
			"group": 0,
			"category": 1,
			"mask": 255
		},
		"fixtures": [
			{
				"label": "",
				"isSensor": false,
				"vertices": [
					[ { "x":17, "y":68 }, { "x":19, "y":69 }, { "x":37, "y":74 }, { "x":60, "y":67 }, { "x":63, "y":64 }, { "x":17, "y":66 } ],
					[ { "x":78, "y":61 }, { "x":80, "y":53 }, { "x":72, "y":59 }, { "x":73, "y":61 } ],
					[ { "x":8, "y":54 }, { "x":8, "y":57 }, { "x":12, "y":59 }, { "x":11, "y":52 } ],
					[ { "x":67, "y":63 }, { "x":69, "y":59 }, { "x":16, "y":41 }, { "x":14, "y":41 }, { "x":17, "y":66 }, { "x":63, "y":64 } ],
					[ { "x":10, "y":46 }, { "x":11, "y":52 }, { "x":17, "y":66 }, { "x":14, "y":41 } ],
					[ { "x":14, "y":70 }, { "x":17, "y":66 }, { "x":12, "y":59 }, { "x":12, "y":69 } ],
					[ { "x":84, "y":53 }, { "x":87, "y":50 }, { "x":87, "y":41 }, { "x":16, "y":41 }, { "x":80, "y":53 } ],
					[ { "x":19, "y":74 }, { "x":32, "y":77 }, { "x":34, "y":77 }, { "x":37, "y":74 }, { "x":19, "y":69 } ],
					[ { "x":58, "y":73 }, { "x":60, "y":67 }, { "x":37, "y":74 }, { "x":55, "y":75 } ],
					[ { "x":12, "y":59 }, { "x":17, "y":66 }, { "x":11, "y":52 } ],
					[ { "x":72, "y":59 }, { "x":80, "y":53 }, { "x":16, "y":41 }, { "x":69, "y":59 } ]
				]
			}
		]
	},
	"stand_left_000": {
		"type": "fromPhysicsEditor",
		"label": "stand_left_000",
		"isStatic": false,
		"density": 0.10000000149011612,
		"restitution": 0,
		"friction": 0.10000000149011612,
		"frictionAir": 0.009999999776482582,
		"frictionStatic": 0.5,
		"collisionFilter": {
			"group": 0,
			"category": 1,
			"mask": 255
		},
		"fixtures": []
	},
	"stand_right_000": {
		"type": "fromPhysicsEditor",
		"label": "stand_right_000",
		"isStatic": false,
		"density": 0.10000000149011612,
		"restitution": 0,
		"friction": 0.10000000149011612,
		"frictionAir": 0.009999999776482582,
		"frictionStatic": 0.5,
		"collisionFilter": {
			"group": 0,
			"category": 1,
			"mask": 255
		},
		"fixtures": []
	},
	"stand_up_000": {
		"type": "fromPhysicsEditor",
		"label": "stand_up_000",
		"isStatic": false,
		"density": 0.10000000149011612,
		"restitution": 0,
		"friction": 0.10000000149011612,
		"frictionAir": 0.009999999776482582,
		"frictionStatic": 0.5,
		"collisionFilter": {
			"group": 0,
			"category": 1,
			"mask": 255
		},
		"fixtures": []
	}
}
