{
	"textures": [
		{
			"image": "/assets/sprites/treesBushesPlants/rocks6.png",
			"format": "RGBA8888",
			"size": {
				"w": 83,
				"h": 63
			},
			"scale": 1,
			"frames": [
				{
					"filename": "stand_down_000",
					"rotated": false,
					"trimmed": true,
					"sourceSize": {
						"w": 96,
						"h": 96
					},
					"spriteSourceSize": {
						"x": 7,
						"y": 17,
						"w": 81,
						"h": 61
					},
					"frame": {
						"x": 1,
						"y": 1,
						"w": 81,
						"h": 61
					}
				},
				{
					"filename": "stand_left_000",
					"rotated": false,
					"trimmed": true,
					"sourceSize": {
						"w": 96,
						"h": 96
					},
					"spriteSourceSize": {
						"x": 7,
						"y": 17,
						"w": 81,
						"h": 61
					},
					"frame": {
						"x": 1,
						"y": 1,
						"w": 81,
						"h": 61
					}
				},
				{
					"filename": "stand_right_000",
					"rotated": false,
					"trimmed": true,
					"sourceSize": {
						"w": 96,
						"h": 96
					},
					"spriteSourceSize": {
						"x": 7,
						"y": 17,
						"w": 81,
						"h": 61
					},
					"frame": {
						"x": 1,
						"y": 1,
						"w": 81,
						"h": 61
					}
				},
				{
					"filename": "stand_up_000",
					"rotated": false,
					"trimmed": true,
					"sourceSize": {
						"w": 96,
						"h": 96
					},
					"spriteSourceSize": {
						"x": 7,
						"y": 17,
						"w": 81,
						"h": 61
					},
					"frame": {
						"x": 1,
						"y": 1,
						"w": 81,
						"h": 61
					}
				}
			]
		}
	],
	"meta": {
		"app": "https://www.codeandweb.com/texturepacker",
		"version": "3.0",
		"smartupdate": "$TexturePacker:SmartUpdate:b2c851e8eed948ca743c14169a921d40:e70d559b0172301edc2a8df10f6aaff8:640e7c097228ef37db80152de2cd1257$"
	}
}
