{
	"textures": [
		{
			"image": "/assets/sprites/furniture/plant_flowers_5.png",
			"format": "RGBA8888",
			"size": {
				"w": 32,
				"h": 42
			},
			"scale": 1,
			"frames": [
				{
					"filename": "stand_down_000",
					"rotated": false,
					"trimmed": false,
					"sourceSize": {
						"w": 30,
						"h": 40
					},
					"spriteSourceSize": {
						"x": 0,
						"y": 0,
						"w": 30,
						"h": 40
					},
					"frame": {
						"x": 1,
						"y": 1,
						"w": 30,
						"h": 40
					}
				},
				{
					"filename": "stand_left_000",
					"rotated": false,
					"trimmed": false,
					"sourceSize": {
						"w": 30,
						"h": 40
					},
					"spriteSourceSize": {
						"x": 0,
						"y": 0,
						"w": 30,
						"h": 40
					},
					"frame": {
						"x": 1,
						"y": 1,
						"w": 30,
						"h": 40
					}
				},
				{
					"filename": "stand_right_000",
					"rotated": false,
					"trimmed": false,
					"sourceSize": {
						"w": 30,
						"h": 40
					},
					"spriteSourceSize": {
						"x": 0,
						"y": 0,
						"w": 30,
						"h": 40
					},
					"frame": {
						"x": 1,
						"y": 1,
						"w": 30,
						"h": 40
					}
				},
				{
					"filename": "stand_up_000",
					"rotated": false,
					"trimmed": false,
					"sourceSize": {
						"w": 30,
						"h": 40
					},
					"spriteSourceSize": {
						"x": 0,
						"y": 0,
						"w": 30,
						"h": 40
					},
					"frame": {
						"x": 1,
						"y": 1,
						"w": 30,
						"h": 40
					}
				}
			]
		}
	],
	"meta": {
		"app": "https://www.codeandweb.com/texturepacker",
		"version": "3.0",
		"smartupdate": "$TexturePacker:SmartUpdate:d934cc92294e86e9f4b73551216b9346:192b7d53d10f182c3bcc0618b6d3203a:671fb971776bd48fe982de19bb44fe4d$"
	}
}
