{
	"textures": [
		{
			"image": "/assets/sprites/treesBushesPlants/shroom6.png",
			"format": "RGBA8888",
			"size": {
				"w": 29,
				"h": 40
			},
			"scale": 1,
			"frames": [
				{
					"filename": "stand_down_000",
					"rotated": false,
					"trimmed": true,
					"sourceSize": {
						"w": 48,
						"h": 48
					},
					"spriteSourceSize": {
						"x": 10,
						"y": 5,
						"w": 27,
						"h": 38
					},
					"frame": {
						"x": 1,
						"y": 1,
						"w": 27,
						"h": 38
					}
				},
				{
					"filename": "stand_left_000",
					"rotated": false,
					"trimmed": true,
					"sourceSize": {
						"w": 48,
						"h": 48
					},
					"spriteSourceSize": {
						"x": 10,
						"y": 5,
						"w": 27,
						"h": 38
					},
					"frame": {
						"x": 1,
						"y": 1,
						"w": 27,
						"h": 38
					}
				},
				{
					"filename": "stand_right_000",
					"rotated": false,
					"trimmed": true,
					"sourceSize": {
						"w": 48,
						"h": 48
					},
					"spriteSourceSize": {
						"x": 10,
						"y": 5,
						"w": 27,
						"h": 38
					},
					"frame": {
						"x": 1,
						"y": 1,
						"w": 27,
						"h": 38
					}
				},
				{
					"filename": "stand_up_000",
					"rotated": false,
					"trimmed": true,
					"sourceSize": {
						"w": 48,
						"h": 48
					},
					"spriteSourceSize": {
						"x": 10,
						"y": 5,
						"w": 27,
						"h": 38
					},
					"frame": {
						"x": 1,
						"y": 1,
						"w": 27,
						"h": 38
					}
				}
			]
		}
	],
	"meta": {
		"app": "https://www.codeandweb.com/texturepacker",
		"version": "3.0",
		"smartupdate": "$TexturePacker:SmartUpdate:dfaf2794e521e5d6f6f8c0aefa66ddc4:99e27068d265fb3f3f6b479a0d78ec21:f3bd31599746fab9fbcf26cc9ff7b297$"
	}
}
