{
	"textures": [
		{
			"image": "/assets/sprites/treesBushesPlants/tree6.png",
			"format": "RGBA8888",
			"size": {
				"w": 169,
				"h": 169
			},
			"scale": 1,
			"frames": [
				{
					"filename": "stand_down_000",
					"rotated": false,
					"trimmed": true,
					"sourceSize": {
						"w": 192,
						"h": 192
					},
					"spriteSourceSize": {
						"x": 12,
						"y": 11,
						"w": 167,
						"h": 167
					},
					"frame": {
						"x": 1,
						"y": 1,
						"w": 167,
						"h": 167
					}
				},
				{
					"filename": "stand_left_000",
					"rotated": false,
					"trimmed": true,
					"sourceSize": {
						"w": 192,
						"h": 192
					},
					"spriteSourceSize": {
						"x": 12,
						"y": 11,
						"w": 167,
						"h": 167
					},
					"frame": {
						"x": 1,
						"y": 1,
						"w": 167,
						"h": 167
					}
				},
				{
					"filename": "stand_right_000",
					"rotated": false,
					"trimmed": true,
					"sourceSize": {
						"w": 192,
						"h": 192
					},
					"spriteSourceSize": {
						"x": 12,
						"y": 11,
						"w": 167,
						"h": 167
					},
					"frame": {
						"x": 1,
						"y": 1,
						"w": 167,
						"h": 167
					}
				},
				{
					"filename": "stand_up_000",
					"rotated": false,
					"trimmed": true,
					"sourceSize": {
						"w": 192,
						"h": 192
					},
					"spriteSourceSize": {
						"x": 12,
						"y": 11,
						"w": 167,
						"h": 167
					},
					"frame": {
						"x": 1,
						"y": 1,
						"w": 167,
						"h": 167
					}
				}
			]
		}
	],
	"meta": {
		"app": "https://www.codeandweb.com/texturepacker",
		"version": "3.0",
		"smartupdate": "$TexturePacker:SmartUpdate:1db1ba8d340764bf580e492d248d9804:2ed3cc0bdfd6680b8517c8fab3869af3:11f107b371208169f3e16e0c45705b8c$"
	}
}
